part,category,status,source,pdf,img
RPI4-PRODUCT-BRIEF,Microcontrollers,skip_exists,,rpi4-product-brief.pdf,rpi4-product-brief.png
RPI5-PRODUCT-BRIEF,Microcontrollers,skip_exists,,rpi5-product-brief.pdf,rpi5-product-brief.png
RP2040,Microcontrollers,skip_exists,,rp2040.pdf,rp2040.png
RPI-PICO,Microcontrollers,skip_exists,,rpi-pico.pdf,rpi-pico.png
RPI-PICO-W,Microcontrollers,skip_exists,,rpi-pico-w.pdf,rpi-pico-w.png
ESP32,Microcontrollers,skip_exists,,esp32.pdf,esp32.png
ESP8266EX,Microcontrollers,fail:alldatasheet_no_download_link,https://www.alldatasheet.com/,esp8266ex.pdf,esp8266ex.png
ESP32-S2,Microcontrollers,skip_exists,,esp32-s2.pdf,esp32-s2.png
ESP32-S3,Microcontrollers,skip_exists,,esp32-s3.pdf,esp32-s3.png
ESP32-C3,Microcontrollers,skip_exists,,esp32-c3.pdf,esp32-c3.png
ESP32-C6,Microcontrollers,skip_exists,,esp32-c6.pdf,esp32-c6.png
JETSON-NANO-DEVKIT,Microcontrollers,skip_exists,,jetson-nano-devkit.pdf,jetson-nano-devkit.png
JETSON-NANO-MODULE,Microcontrollers,fail:alldatasheet_no_download_link,https://www.alldatasheet.com/,jetson-nano-module.pdf,jetson-nano-module.png
stm32f103c8,Microcontrollers,skip_exists,,stm32f103c8.pdf,stm32f103c8.png
stm32f103rb,Microcontrollers,skip_exists,,stm32f103rb.pdf,stm32f103rb.png
stm32f401cc,Microcontrollers,skip_exists,,stm32f401cc.pdf,stm32f401cc.png
stm32f405rg,Microcontrollers,skip_exists,,stm32f405rg.pdf,stm32f405rg.png
stm32f407vg,Microcontrollers,skip_exists,,stm32f407vg.pdf,stm32f407vg.png
stm32f411ce,Microcontrollers,skip_exists,,stm32f411ce.pdf,stm32f411ce.png
stm32f446re,Microcontrollers,skip_exists,,stm32f446re.pdf,stm32f446re.png
stm32g031k8,Microcontrollers,skip_exists,,stm32g031k8.pdf,stm32g031k8.png
stm32g0b1re,Microcontrollers,skip_exists,,stm32g0b1re.pdf,stm32g0b1re.png
stm32g474re,Microcontrollers,skip_exists,,stm32g474re.pdf,stm32g474re.png
stm32h743zi,Microcontrollers,skip_exists,,stm32h743zi.pdf,stm32h743zi.png
stm32l031k6,Microcontrollers,skip_exists,,stm32l031k6.pdf,stm32l031k6.png
stm32l072cz,Microcontrollers,skip_exists,,stm32l072cz.pdf,stm32l072cz.png
stm32l476rg,Microcontrollers,skip_exists,,stm32l476rg.pdf,stm32l476rg.png
stm32wb55rg,Microcontrollers,skip_exists,,stm32wb55rg.pdf,stm32wb55rg.png
drv8833,Motor Drivers,skip_exists,,drv8833.pdf,drv8833.png
drv8825,Motor Drivers,skip_exists,,drv8825.pdf,drv8825.png
drv8871,Motor Drivers,skip_exists,,drv8871.pdf,drv8871.png
drv8876,Motor Drivers,skip_exists,,drv8876.pdf,drv8876.png
drv8835,Motor Drivers,skip_exists,,drv8835.pdf,drv8835.png
tps54202,Power,skip_exists,,tps54202.pdf,tps54202.png
tps5430,Power,skip_exists,,tps5430.pdf,tps5430.png
tps62160,Power,skip_exists,,tps62160.pdf,tps62160.png
tps63020,Power,skip_exists,,tps63020.pdf,tps63020.png
tps61023,Power,skip_exists,,tps61023.pdf,tps61023.png
lm2596,Power,skip_exists,,lm2596.pdf,lm2596.png
lm2576,Power,skip_exists,,lm2576.pdf,lm2576.png
lm7805,Power,fail:alldatasheet_no_download_link,https://www.alldatasheet.com/,lm7805.pdf,lm7805.png
lm7812,Power,fail:alldatasheet_no_download_link,https://www.alldatasheet.com/,lm7812.pdf,lm7812.png
lm317,Power,skip_exists,,lm317.pdf,lm317.png
lm1117,Power,skip_exists,,lm1117.pdf,lm1117.png
lm358,Components,skip_exists,,lm358.pdf,lm358.png
lm324,Components,skip_exists,,lm324.pdf,lm324.png
lm393,Components,skip_exists,,lm393.pdf,lm393.png
lm339,Components,skip_exists,,lm339.pdf,lm339.png
ne555,Components,skip_exists,,ne555.pdf,ne555.png
lm555,Components,skip_exists,,lm555.pdf,lm555.png
sn74hc00,Components,skip_exists,,sn74hc00.pdf,sn74hc00.png
sn74hc01,Components,fail:alldatasheet_no_download_link,https://www.alldatasheet.com/,sn74hc01.pdf,sn74hc01.png
sn74hc02,Components,skip_exists,,sn74hc02.pdf,sn74hc02.png
sn74hc03,Components,skip_exists,,sn74hc03.pdf,sn74hc03.png
sn74hc04,Components,skip_exists,,sn74hc04.pdf,sn74hc04.png
sn74hc05,Components,skip_exists,,sn74hc05.pdf,sn74hc05.png
sn74hc06,Components,fail:alldatasheet_no_download_link,https://www.alldatasheet.com/,sn74hc06.pdf,sn74hc06.png
sn74hc07,Components,fail:alldatasheet_no_download_link,https://www.alldatasheet.com/,sn74hc07.pdf,sn74hc07.png
sn74hc08,Components,skip_exists,,sn74hc08.pdf,sn74hc08.png
sn74hc09,Components,fail:alldatasheet_no_download_link,https://www.alldatasheet.com/,sn74hc09.pdf,sn74hc09.png
sn74hc10,Components,skip_exists,,sn74hc10.pdf,sn74hc10.png
sn74hc11,Components,skip_exists,,sn74hc11.pdf,sn74hc11.png
sn74hc12,Components,fail:alldatasheet_no_download_link,https://www.alldatasheet.com/,sn74hc12.pdf,sn74hc12.png
sn74hc13,Components,fail:alldatasheet_no_download_link,https://www.alldatasheet.com/,sn74hc13.pdf,sn74hc13.png
sn74hc14,Components,skip_exists,,sn74hc14.pdf,sn74hc14.png
sn74hc15,Components,fail:alldatasheet_no_download_link,https://www.alldatasheet.com/,sn74hc15.pdf,sn74hc15.png
sn74hc16,Components,fail:alldatasheet_no_download_link,https://www.alldatasheet.com/,sn74hc16.pdf,sn74hc16.png
sn74hc17,Components,fail:alldatasheet_no_download_link,https://www.alldatasheet.com/,sn74hc17.pdf,sn74hc17.png
sn74hc18,Components,fail:alldatasheet_no_download_link,https://www.alldatasheet.com/,sn74hc18.pdf,sn74hc18.png
sn74hc19,Components,fail:alldatasheet_no_download_link,https://www.alldatasheet.com/,sn74hc19.pdf,sn74hc19.png
sn74hc20,Components,skip_exists,,sn74hc20.pdf,sn74hc20.png
sn74hc21,Components,skip_exists,,sn74hc21.pdf,sn74hc21.png
sn74hc22,Components,fail:alldatasheet_no_download_link,https://www.alldatasheet.com/,sn74hc22.pdf,sn74hc22.png
sn74hc23,Components,fail:alldatasheet_no_download_link,https://www.alldatasheet.com/,sn74hc23.pdf,sn74hc23.png
sn74hc24,Components,fail:alldatasheet_no_download_link,https://www.alldatasheet.com/,sn74hc24.pdf,sn74hc24.png
sn74hc25,Components,fail:alldatasheet_no_download_link,https://www.alldatasheet.com/,sn74hc25.pdf,sn74hc25.png
sn74hc26,Components,fail:alldatasheet_no_download_link,https://www.alldatasheet.com/,sn74hc26.pdf,sn74hc26.png
sn74hc27,Components,skip_exists,,sn74hc27.pdf,sn74hc27.png
sn74hc28,Components,fail:alldatasheet_no_download_link,https://www.alldatasheet.com/,sn74hc28.pdf,sn74hc28.png
sn74hc29,Components,fail:alldatasheet_no_download_link,https://www.alldatasheet.com/,sn74hc29.pdf,sn74hc29.png
sn74hc30,Components,fail:alldatasheet_no_download_link,https://www.alldatasheet.com/,sn74hc30.pdf,sn74hc30.png
sn74hc31,Components,fail:alldatasheet_no_download_link,https://www.alldatasheet.com/,sn74hc31.pdf,sn74hc31.png
sn74hc32,Components,skip_exists,,sn74hc32.pdf,sn74hc32.png
sn74hc33,Components,fail:alldatasheet_no_download_link,https://www.alldatasheet.com/,sn74hc33.pdf,sn74hc33.png
sn74hc34,Components,fail:alldatasheet_no_download_link,https://www.alldatasheet.com/,sn74hc34.pdf,sn74hc34.png
sn74hc35,Components,fail:alldatasheet_no_download_link,https://www.alldatasheet.com/,sn74hc35.pdf,sn74hc35.png
sn74hc36,Components,fail:alldatasheet_no_download_link,https://www.alldatasheet.com/,sn74hc36.pdf,sn74hc36.png
sn74hc37,Components,fail:alldatasheet_no_download_link,https://www.alldatasheet.com/,sn74hc37.pdf,sn74hc37.png
sn74hc38,Components,fail:alldatasheet_no_download_link,https://www.alldatasheet.com/,sn74hc38.pdf,sn74hc38.png
sn74hc39,Components,fail:alldatasheet_no_download_link,https://www.alldatasheet.com/,sn74hc39.pdf,sn74hc39.png
sn74hc40,Components,fail:alldatasheet_no_download_link,https://www.alldatasheet.com/,sn74hc40.pdf,sn74hc40.png
sn74hc41,Components,fail:alldatasheet_no_download_link,https://www.alldatasheet.com/,sn74hc41.pdf,sn74hc41.png
sn74hc42,Components,skip_exists,,sn74hc42.pdf,sn74hc42.png
sn74hc43,Components,fail:alldatasheet_no_download_link,https://www.alldatasheet.com/,sn74hc43.pdf,sn74hc43.png
sn74hc44,Components,fail:alldatasheet_no_download_link,https://www.alldatasheet.com/,sn74hc44.pdf,sn74hc44.png
sn74hc45,Components,fail:alldatasheet_no_download_link,https://www.alldatasheet.com/,sn74hc45.pdf,sn74hc45.png
sn74hc46,Components,fail:alldatasheet_no_download_link,https://www.alldatasheet.com/,sn74hc46.pdf,sn74hc46.png
sn74hc47,Components,fail:alldatasheet_no_download_link,https://www.alldatasheet.com/,sn74hc47.pdf,sn74hc47.png
sn74hc48,Components,fail:alldatasheet_no_download_link,https://www.alldatasheet.com/,sn74hc48.pdf,sn74hc48.png
sn74hc49,Components,fail:alldatasheet_no_download_link,https://www.alldatasheet.com/,sn74hc49.pdf,sn74hc49.png
sn74hc50,Components,fail:alldatasheet_no_download_link,https://www.alldatasheet.com/,sn74hc50.pdf,sn74hc50.png
sn74hc52,Components,fail:alldatasheet_no_download_link,https://www.alldatasheet.com/,sn74hc52.pdf,sn74hc52.png
sn74hc53,Components,fail:alldatasheet_no_download_link,https://www.alldatasheet.com/,sn74hc53.pdf,sn74hc53.png
sn74hc55,Components,fail:alldatasheet_no_download_link,https://www.alldatasheet.com/,sn74hc55.pdf,sn74hc55.png
sn74hc56,Components,fail:alldatasheet_no_download_link,https://www.alldatasheet.com/,sn74hc56.pdf,sn74hc56.png
sn74hc57,Components,fail:alldatasheet_no_download_link,https://www.alldatasheet.com/,sn74hc57.pdf,sn74hc57.png
sn74hc58,Components,fail:alldatasheet_no_download_link,https://www.alldatasheet.com/,sn74hc58.pdf,sn74hc58.png
sn74hc59,Components,fail:alldatasheet_no_download_link,https://www.alldatasheet.com/,sn74hc59.pdf,sn74hc59.png
sn74hc60,Components,fail:alldatasheet_no_download_link,https://www.alldatasheet.com/,sn74hc60.pdf,sn74hc60.png
sn74hc61,Components,fail:alldatasheet_no_download_link,https://www.alldatasheet.com/,sn74hc61.pdf,sn74hc61.png
sn74hc62,Components,fail:alldatasheet_no_download_link,https://www.alldatasheet.com/,sn74hc62.pdf,sn74hc62.png
sn74hc63,Components,fail:alldatasheet_no_download_link,https://www.alldatasheet.com/,sn74hc63.pdf,sn74hc63.png
sn74hc64,Components,fail:alldatasheet_no_download_link,https://www.alldatasheet.com/,sn74hc64.pdf,sn74hc64.png
sn74hc65,Components,fail:alldatasheet_no_download_link,https://www.alldatasheet.com/,sn74hc65.pdf,sn74hc65.png
sn74hc67,Components,fail:alldatasheet_no_download_link,https://www.alldatasheet.com/,sn74hc67.pdf,sn74hc67.png
sn74hc70,Components,fail:alldatasheet_no_download_link,https://www.alldatasheet.com/,sn74hc70.pdf,sn74hc70.png
sn74hc72,Components,fail:alldatasheet_no_download_link,https://www.alldatasheet.com/,sn74hc72.pdf,sn74hc72.png
sn74hc73,Components,fail:alldatasheet_no_download_link,https://www.alldatasheet.com/,sn74hc73.pdf,sn74hc73.png
sn74hc74,Components,skip_exists,,sn74hc74.pdf,sn74hc74.png
sn74hc75,Components,fail:alldatasheet_no_download_link,https://www.alldatasheet.com/,sn74hc75.pdf,sn74hc75.png
sn74hc76,Components,fail:alldatasheet_no_download_link,https://www.alldatasheet.com/,sn74hc76.pdf,sn74hc76.png
sn74hc77,Components,fail:alldatasheet_no_download_link,https://www.alldatasheet.com/,sn74hc77.pdf,sn74hc77.png
sn74hc79,Components,fail:alldatasheet_no_download_link,https://www.alldatasheet.com/,sn74hc79.pdf,sn74hc79.png
sn74hc80,Components,fail:alldatasheet_no_download_link,https://www.alldatasheet.com/,sn74hc80.pdf,sn74hc80.png
sn74hc81,Components,fail:alldatasheet_no_download_link,https://www.alldatasheet.com/,sn74hc81.pdf,sn74hc81.png
sn74hc82,Components,fail:alldatasheet_no_download_link,https://www.alldatasheet.com/,sn74hc82.pdf,sn74hc82.png
sn74hc83,Components,fail:alldatasheet_no_download_link,https://www.alldatasheet.com/,sn74hc83.pdf,sn74hc83.png
sn74hc84,Components,fail:alldatasheet_no_download_link,https://www.alldatasheet.com/,sn74hc84.pdf,sn74hc84.png
sn74hc85,Components,fail:alldatasheet_no_download_link,https://www.alldatasheet.com/,sn74hc85.pdf,sn74hc85.png
sn74hc86,Components,skip_exists,,sn74hc86.pdf,sn74hc86.png
sn74hc87,Components,fail:alldatasheet_no_download_link,https://www.alldatasheet.com/,sn74hc87.pdf,sn74hc87.png
sn74hc88,Components,fail:alldatasheet_no_download_link,https://www.alldatasheet.com/,sn74hc88.pdf,sn74hc88.png
sn74hc89,Components,fail:alldatasheet_no_download_link,https://www.alldatasheet.com/,sn74hc89.pdf,sn74hc89.png
sn74hc90,Components,fail:alldatasheet_no_download_link,https://www.alldatasheet.com/,sn74hc90.pdf,sn74hc90.png
sn74hc91,Components,fail:alldatasheet_no_download_link,https://www.alldatasheet.com/,sn74hc91.pdf,sn74hc91.png
sn74hc92,Components,fail:alldatasheet_no_download_link,https://www.alldatasheet.com/,sn74hc92.pdf,sn74hc92.png
sn74hc93,Components,fail:alldatasheet_no_download_link,https://www.alldatasheet.com/,sn74hc93.pdf,sn74hc93.png
sn74hc94,Components,fail:alldatasheet_no_download_link,https://www.alldatasheet.com/,sn74hc94.pdf,sn74hc94.png
sn74hc95,Components,fail:alldatasheet_no_download_link,https://www.alldatasheet.com/,sn74hc95.pdf,sn74hc95.png
sn74hc96,Components,fail:alldatasheet_no_download_link,https://www.alldatasheet.com/,sn74hc96.pdf,sn74hc96.png
sn74hc97,Components,fail:alldatasheet_no_download_link,https://www.alldatasheet.com/,sn74hc97.pdf,sn74hc97.png
sn74hc98,Components,fail:alldatasheet_no_download_link,https://www.alldatasheet.com/,sn74hc98.pdf,sn74hc98.png
sn74hc99,Components,fail:alldatasheet_no_download_link,https://www.alldatasheet.com/,sn74hc99.pdf,sn74hc99.png
sn74hc100,Components,fail:alldatasheet_no_download_link,https://www.alldatasheet.com/,sn74hc100.pdf,sn74hc100.png
sn74hc101,Components,fail:alldatasheet_no_download_link,https://www.alldatasheet.com/,sn74hc101.pdf,sn74hc101.png
sn74hc102,Components,fail:alldatasheet_no_download_link,https://www.alldatasheet.com/,sn74hc102.pdf,sn74hc102.png
sn74hc103,Components,fail:alldatasheet_no_download_link,https://www.alldatasheet.com/,sn74hc103.pdf,sn74hc103.png
sn74hc104,Components,fail:alldatasheet_no_download_link,https://www.alldatasheet.com/,sn74hc104.pdf,sn74hc104.png
sn74hc105,Components,fail:alldatasheet_no_download_link,https://www.alldatasheet.com/,sn74hc105.pdf,sn74hc105.png
sn74hc106,Components,fail:alldatasheet_no_download_link,https://www.alldatasheet.com/,sn74hc106.pdf,sn74hc106.png
sn74hc107,Components,fail:alldatasheet_no_download_link,https://www.alldatasheet.com/,sn74hc107.pdf,sn74hc107.png
sn74hc108,Components,fail:alldatasheet_no_download_link,https://www.alldatasheet.com/,sn74hc108.pdf,sn74hc108.png
sn74hc109,Components,skip_exists,,sn74hc109.pdf,sn74hc109.png
sn74hc110,Components,fail:alldatasheet_no_download_link,https://www.alldatasheet.com/,sn74hc110.pdf,sn74hc110.png
sn74hc111,Components,fail:alldatasheet_no_download_link,https://www.alldatasheet.com/,sn74hc111.pdf,sn74hc111.png
sn74hc112,Components,skip_exists,,sn74hc112.pdf,sn74hc112.png
sn74hc113,Components,fail:alldatasheet_no_download_link,https://www.alldatasheet.com/,sn74hc113.pdf,sn74hc113.png
sn74hc114,Components,fail:alldatasheet_no_download_link,https://www.alldatasheet.com/,sn74hc114.pdf,sn74hc114.png
sn74hc115,Components,fail:alldatasheet_no_download_link,https://www.alldatasheet.com/,sn74hc115.pdf,sn74hc115.png
sn74hc117,Components,fail:alldatasheet_no_download_link,https://www.alldatasheet.com/,sn74hc117.pdf,sn74hc117.png
sn74hc118,Components,fail:alldatasheet_no_download_link,https://www.alldatasheet.com/,sn74hc118.pdf,sn74hc118.png
sn74hc121,Components,fail:alldatasheet_search_error:ConnectionError,https://www.alldatasheet.com/,sn74hc121.pdf,sn74hc121.png
sn74hc122,Components,fail:alldatasheet_no_download_link,https://www.alldatasheet.com/,sn74hc122.pdf,sn74hc122.png
sn74hc123,Components,fail:alldatasheet_no_download_link,https://www.alldatasheet.com/,sn74hc123.pdf,sn74hc123.png
sn74hc124,Components,fail:alldatasheet_no_download_link,https://www.alldatasheet.com/,sn74hc124.pdf,sn74hc124.png
sn74hc125,Components,skip_exists,,sn74hc125.pdf,sn74hc125.png
sn74hc126,Components,skip_exists,,sn74hc126.pdf,sn74hc126.png
sn74hc128,Components,fail:alldatasheet_no_download_link,https://www.alldatasheet.com/,sn74hc128.pdf,sn74hc128.png
sn74hc130,Components,fail:alldatasheet_no_download_link,https://www.alldatasheet.com/,sn74hc130.pdf,sn74hc130.png
sn74hc132,Components,skip_exists,,sn74hc132.pdf,sn74hc132.png
sn74hc133,Components,fail:alldatasheet_no_download_link,https://www.alldatasheet.com/,sn74hc133.pdf,sn74hc133.png
sn74hc134,Components,fail:alldatasheet_no_download_link,https://www.alldatasheet.com/,sn74hc134.pdf,sn74hc134.png
sn74hc135,Components,fail:alldatasheet_no_download_link,https://www.alldatasheet.com/,sn74hc135.pdf,sn74hc135.png
sn74hc136,Components,fail:alldatasheet_no_download_link,https://www.alldatasheet.com/,sn74hc136.pdf,sn74hc136.png
sn74hc137,Components,fail:alldatasheet_no_download_link,https://www.alldatasheet.com/,sn74hc137.pdf,sn74hc137.png
sn74hc138,Components,skip_exists,,sn74hc138.pdf,sn74hc138.png
sn74hc139,Components,skip_exists,,sn74hc139.pdf,sn74hc139.png
sn74hc140,Components,fail:alldatasheet_no_download_link,https://www.alldatasheet.com/,sn74hc140.pdf,sn74hc140.png
sn74hc141,Components,fail:alldatasheet_no_download_link,https://www.alldatasheet.com/,sn74hc141.pdf,sn74hc141.png
sn74hc142,Components,fail:alldatasheet_no_download_link,https://www.alldatasheet.com/,sn74hc142.pdf,sn74hc142.png
sn74hc143,Components,fail:alldatasheet_no_download_link,https://www.alldatasheet.com/,sn74hc143.pdf,sn74hc143.png
sn74hc144,Components,fail:alldatasheet_no_download_link,https://www.alldatasheet.com/,sn74hc144.pdf,sn74hc144.png
sn74hc145,Components,fail:alldatasheet_no_download_link,https://www.alldatasheet.com/,sn74hc145.pdf,sn74hc145.png
sn74hc146,Components,fail:alldatasheet_no_download_link,https://www.alldatasheet.com/,sn74hc146.pdf,sn74hc146.png
sn74hc147,Components,fail:alldatasheet_no_download_link,https://www.alldatasheet.com/,sn74hc147.pdf,sn74hc147.png
sn74hc148,Components,skip_exists,,sn74hc148.pdf,sn74hc148.png
sn74hc149,Components,fail:alldatasheet_no_download_link,https://www.alldatasheet.com/,sn74hc149.pdf,sn74hc149.png
sn74hc150,Components,fail:alldatasheet_no_download_link,https://www.alldatasheet.com/,sn74hc150.pdf,sn74hc150.png
sn74hc151,Components,skip_exists,,sn74hc151.pdf,sn74hc151.png
sn74hc152,Components,fail:alldatasheet_no_download_link,https://www.alldatasheet.com/,sn74hc152.pdf,sn74hc152.png
sn74hc153,Components,skip_exists,,sn74hc153.pdf,sn74hc153.png
sn74hc154,Components,fail:alldatasheet_no_download_link,https://www.alldatasheet.com/,sn74hc154.pdf,sn74hc154.png
sn74hc155,Components,fail:alldatasheet_no_download_link,https://www.alldatasheet.com/,sn74hc155.pdf,sn74hc155.png
sn74hc156,Components,fail:alldatasheet_no_download_link,https://www.alldatasheet.com/,sn74hc156.pdf,sn74hc156.png
sn74hc157,Components,skip_exists,,sn74hc157.pdf,sn74hc157.png
sn74hc158,Components,skip_exists,,sn74hc158.pdf,sn74hc158.png
sn74hc159,Components,fail:alldatasheet_no_download_link,https://www.alldatasheet.com/,sn74hc159.pdf,sn74hc159.png
sn74hc160,Components,fail:alldatasheet_no_download_link,https://www.alldatasheet.com/,sn74hc160.pdf,sn74hc160.png
sn74hc161,Components,skip_exists,,sn74hc161.pdf,sn74hc161.png
sn74hc162,Components,fail:alldatasheet_no_download_link,https://www.alldatasheet.com/,sn74hc162.pdf,sn74hc162.png
sn74hc163,Components,skip_exists,,sn74hc163.pdf,sn74hc163.png
sn74hc164,Components,skip_exists,,sn74hc164.pdf,sn74hc164.png
sn74hc165,Components,skip_exists,,sn74hc165.pdf,sn74hc165.png
sn74hc166,Components,skip_exists,,sn74hc166.pdf,sn74hc166.png
sn74hc167,Components,fail:alldatasheet_no_download_link,https://www.alldatasheet.com/,sn74hc167.pdf,sn74hc167.png
sn74hc168,Components,fail:alldatasheet_no_download_link,https://www.alldatasheet.com/,sn74hc168.pdf,sn74hc168.png
sn74hc169,Components,fail:alldatasheet_no_download_link,https://www.alldatasheet.com/,sn74hc169.pdf,sn74hc169.png
sn74hc170,Components,fail:alldatasheet_no_download_link,https://www.alldatasheet.com/,sn74hc170.pdf,sn74hc170.png
sn74hc171,Components,fail:alldatasheet_no_download_link,https://www.alldatasheet.com/,sn74hc171.pdf,sn74hc171.png
sn74hc172,Components,fail:alldatasheet_no_download_link,https://www.alldatasheet.com/,sn74hc172.pdf,sn74hc172.png
sn74hc173,Components,fail:alldatasheet_no_download_link,https://www.alldatasheet.com/,sn74hc173.pdf,sn74hc173.png
sn74hc174,Components,skip_exists,,sn74hc174.pdf,sn74hc174.png
sn74hc175,Components,skip_exists,,sn74hc175.pdf,sn74hc175.png
sn74hc176,Components,fail:alldatasheet_no_download_link,https://www.alldatasheet.com/,sn74hc176.pdf,sn74hc176.png
sn74hc177,Components,fail:alldatasheet_no_download_link,https://www.alldatasheet.com/,sn74hc177.pdf,sn74hc177.png
sn74hc178,Components,fail:alldatasheet_no_download_link,https://www.alldatasheet.com/,sn74hc178.pdf,sn74hc178.png
sn74hc179,Components,fail:alldatasheet_no_download_link,https://www.alldatasheet.com/,sn74hc179.pdf,sn74hc179.png
sn74hc180,Components,fail:alldatasheet_no_download_link,https://www.alldatasheet.com/,sn74hc180.pdf,sn74hc180.png
sn74hc181,Components,fail:alldatasheet_no_download_link,https://www.alldatasheet.com/,sn74hc181.pdf,sn74hc181.png
sn74hc182,Components,fail:alldatasheet_no_download_link,https://www.alldatasheet.com/,sn74hc182.pdf,sn74hc182.png
sn74hc183,Components,fail:alldatasheet_no_download_link,https://www.alldatasheet.com/,sn74hc183.pdf,sn74hc183.png
sn74hc184,Components,fail:alldatasheet_no_download_link,https://www.alldatasheet.com/,sn74hc184.pdf,sn74hc184.png
sn74hc185,Components,fail:alldatasheet_no_download_link,https://www.alldatasheet.com/,sn74hc185.pdf,sn74hc185.png
sn74hc186,Components,fail:alldatasheet_no_download_link,https://www.alldatasheet.com/,sn74hc186.pdf,sn74hc186.png
sn74hc187,Components,fail:alldatasheet_no_download_link,https://www.alldatasheet.com/,sn74hc187.pdf,sn74hc187.png
sn74hc188,Components,fail:alldatasheet_no_download_link,https://www.alldatasheet.com/,sn74hc188.pdf,sn74hc188.png
sn74hc189,Components,fail:alldatasheet_no_download_link,https://www.alldatasheet.com/,sn74hc189.pdf,sn74hc189.png
sn74hc190,Components,fail:alldatasheet_no_download_link,https://www.alldatasheet.com/,sn74hc190.pdf,sn74hc190.png
sn74hc191,Components,skip_exists,,sn74hc191.pdf,sn74hc191.png
sn74hc192,Components,fail:alldatasheet_no_download_link,https://www.alldatasheet.com/,sn74hc192.pdf,sn74hc192.png
sn74hc193,Components,skip_exists,,sn74hc193.pdf,sn74hc193.png
sn74hc194,Components,fail:alldatasheet_no_download_link,https://www.alldatasheet.com/,sn74hc194.pdf,sn74hc194.png
sn74hc195,Components,fail:alldatasheet_no_download_link,https://www.alldatasheet.com/,sn74hc195.pdf,sn74hc195.png
sn74hc196,Components,fail:alldatasheet_no_download_link,https://www.alldatasheet.com/,sn74hc196.pdf,sn74hc196.png
sn74hc197,Components,fail:alldatasheet_no_download_link,https://www.alldatasheet.com/,sn74hc197.pdf,sn74hc197.png
sn74hc198,Components,fail:alldatasheet_no_download_link,https://www.alldatasheet.com/,sn74hc198.pdf,sn74hc198.png
sn74hc199,Components,fail:alldatasheet_no_download_link,https://www.alldatasheet.com/,sn74hc199.pdf,sn74hc199.png
sn74hc200,Components,fail:alldatasheet_no_download_link,https://www.alldatasheet.com/,sn74hc200.pdf,sn74hc200.png
sn74hc201,Components,fail:alldatasheet_no_download_link,https://www.alldatasheet.com/,sn74hc201.pdf,sn74hc201.png
sn74hc202,Components,fail:alldatasheet_no_download_link,https://www.alldatasheet.com/,sn74hc202.pdf,sn74hc202.png
sn74hc206,Components,fail:alldatasheet_no_download_link,https://www.alldatasheet.com/,sn74hc206.pdf,sn74hc206.png
sn74hc207,Components,fail:alldatasheet_no_download_link,https://www.alldatasheet.com/,sn74hc207.pdf,sn74hc207.png
sn74hc208,Components,fail:alldatasheet_no_download_link,https://www.alldatasheet.com/,sn74hc208.pdf,sn74hc208.png
sn74hc209,Components,fail:alldatasheet_no_download_link,https://www.alldatasheet.com/,sn74hc209.pdf,sn74hc209.png
sn74hc210,Components,fail:alldatasheet_no_download_link,https://www.alldatasheet.com/,sn74hc210.pdf,sn74hc210.png
sn74hc211,Components,fail:alldatasheet_no_download_link,https://www.alldatasheet.com/,sn74hc211.pdf,sn74hc211.png
sn74hc212,Components,fail:alldatasheet_no_download_link,https://www.alldatasheet.com/,sn74hc212.pdf,sn74hc212.png
sn74hc213,Components,fail:alldatasheet_no_download_link,https://www.alldatasheet.com/,sn74hc213.pdf,sn74hc213.png
sn74hc214,Components,fail:alldatasheet_no_download_link,https://www.alldatasheet.com/,sn74hc214.pdf,sn74hc214.png
sn74hc215,Components,fail:alldatasheet_no_download_link,https://www.alldatasheet.com/,sn74hc215.pdf,sn74hc215.png
sn74hc216,Components,fail:alldatasheet_no_download_link,https://www.alldatasheet.com/,sn74hc216.pdf,sn74hc216.png
sn74hc217,Components,fail:alldatasheet_no_download_link,https://www.alldatasheet.com/,sn74hc217.pdf,sn74hc217.png
sn74hc218,Components,fail:alldatasheet_no_download_link,https://www.alldatasheet.com/,sn74hc218.pdf,sn74hc218.png
sn74hc219,Components,fail:alldatasheet_no_download_link,https://www.alldatasheet.com/,sn74hc219.pdf,sn74hc219.png
sn74hc221,Components,fail:alldatasheet_no_download_link,https://www.alldatasheet.com/,sn74hc221.pdf,sn74hc221.png
sn74hc222,Components,fail:alldatasheet_no_download_link,https://www.alldatasheet.com/,sn74hc222.pdf,sn74hc222.png
sn74hc224,Components,fail:alldatasheet_no_download_link,https://www.alldatasheet.com/,sn74hc224.pdf,sn74hc224.png
sn74hc225,Components,fail:alldatasheet_no_download_link,https://www.alldatasheet.com/,sn74hc225.pdf,sn74hc225.png
sn74hc226,Components,fail:alldatasheet_no_download_link,https://www.alldatasheet.com/,sn74hc226.pdf,sn74hc226.png
sn74hc227,Components,fail:alldatasheet_no_download_link,https://www.alldatasheet.com/,sn74hc227.pdf,sn74hc227.png
sn74hc228,Components,fail:alldatasheet_no_download_link,https://www.alldatasheet.com/,sn74hc228.pdf,sn74hc228.png
sn74hc229,Components,fail:alldatasheet_no_download_link,https://www.alldatasheet.com/,sn74hc229.pdf,sn74hc229.png
sn74hc230,Components,fail:alldatasheet_no_download_link,https://www.alldatasheet.com/,sn74hc230.pdf,sn74hc230.png
sn74hc231,Components,fail:alldatasheet_no_download_link,https://www.alldatasheet.com/,sn74hc231.pdf,sn74hc231.png
sn74hc232,Components,fail:alldatasheet_no_download_link,https://www.alldatasheet.com/,sn74hc232.pdf,sn74hc232.png
sn74hc233,Components,fail:alldatasheet_no_download_link,https://www.alldatasheet.com/,sn74hc233.pdf,sn74hc233.png
sn74hc234,Components,fail:alldatasheet_no_download_link,https://www.alldatasheet.com/,sn74hc234.pdf,sn74hc234.png
sn74hc235,Components,fail:alldatasheet_no_download_link,https://www.alldatasheet.com/,sn74hc235.pdf,sn74hc235.png
sn74hc236,Components,fail:alldatasheet_no_download_link,https://www.alldatasheet.com/,sn74hc236.pdf,sn74hc236.png
sn74hc237,Components,fail:alldatasheet_no_download_link,https://www.alldatasheet.com/,sn74hc237.pdf,sn74hc237.png
sn74hc238,Components,fail:alldatasheet_no_download_link,https://www.alldatasheet.com/,sn74hc238.pdf,sn74hc238.png
sn74hc239,Components,fail:alldatasheet_no_download_link,https://www.alldatasheet.com/,sn74hc239.pdf,sn74hc239.png
sn74hc240,Components,skip_exists,,sn74hc240.pdf,sn74hc240.png
sn74hc241,Components,skip_exists,,sn74hc241.pdf,sn74hc241.png
sn74hc242,Components,fail:alldatasheet_no_download_link,https://www.alldatasheet.com/,sn74hc242.pdf,sn74hc242.png
sn74hc243,Components,fail:alldatasheet_no_download_link,https://www.alldatasheet.com/,sn74hc243.pdf,sn74hc243.png
sn74hc244,Components,skip_exists,,sn74hc244.pdf,sn74hc244.png
sn74hc245,Components,skip_exists,,sn74hc245.pdf,sn74hc245.png
sn74hc246,Components,fail:alldatasheet_no_download_link,https://www.alldatasheet.com/,sn74hc246.pdf,sn74hc246.png
sn74hc247,Components,fail:alldatasheet_no_download_link,https://www.alldatasheet.com/,sn74hc247.pdf,sn74hc247.png
sn74hc248,Components,fail:alldatasheet_no_download_link,https://www.alldatasheet.com/,sn74hc248.pdf,sn74hc248.png
sn74hc249,Components,fail:alldatasheet_no_download_link,https://www.alldatasheet.com/,sn74hc249.pdf,sn74hc249.png
sn74hc250,Components,fail:alldatasheet_no_download_link,https://www.alldatasheet.com/,sn74hc250.pdf,sn74hc250.png
sn74hc251,Components,ok_no_thumb:thumb_missing,https://www.ti.com/lit/ds/symlink/sn74hc251.pdf,sn74hc251.pdf,
sn74hc253,Components,ok_no_thumb:thumb_missing,https://www.ti.com/lit/ds/symlink/sn74hc253.pdf,sn74hc253.pdf,
sn74hc255,Components,fail:alldatasheet_no_download_link,https://www.alldatasheet.com/,sn74hc255.pdf,sn74hc255.png
sn74hc256,Components,fail:alldatasheet_no_download_link,https://www.alldatasheet.com/,sn74hc256.pdf,sn74hc256.png
sn74hc257,Components,ok_no_thumb:thumb_missing,https://www.ti.com/lit/ds/symlink/sn74hc257.pdf,sn74hc257.pdf,
sn74hc258,Components,ok_no_thumb:thumb_missing,https://www.ti.com/lit/ds/symlink/sn74hc258.pdf,sn74hc258.pdf,
sn74hc259,Components,skip_exists,,sn74hc259.pdf,sn74hc259.png
sn74hc260,Components,fail:alldatasheet_no_download_link,https://www.alldatasheet.com/,sn74hc260.pdf,sn74hc260.png
sn74hc261,Components,fail:alldatasheet_no_download_link,https://www.alldatasheet.com/,sn74hc261.pdf,sn74hc261.png
sn74hc262,Components,fail:alldatasheet_no_download_link,https://www.alldatasheet.com/,sn74hc262.pdf,sn74hc262.png
sn74hc264,Components,fail:alldatasheet_no_download_link,https://www.alldatasheet.com/,sn74hc264.pdf,sn74hc264.png
sn74hc265,Components,fail:alldatasheet_no_download_link,https://www.alldatasheet.com/,sn74hc265.pdf,sn74hc265.png
sn74hc266,Components,ok_no_thumb:thumb_missing,https://www.ti.com/lit/ds/symlink/sn74hc266.pdf,sn74hc266.pdf,
sn74hc268,Components,fail:alldatasheet_no_download_link,https://www.alldatasheet.com/,sn74hc268.pdf,sn74hc268.png
sn74hc269,Components,fail:alldatasheet_no_download_link,https://www.alldatasheet.com/,sn74hc269.pdf,sn74hc269.png
sn74hc270,Components,fail:alldatasheet_no_download_link,https://www.alldatasheet.com/,sn74hc270.pdf,sn74hc270.png
sn74hc271,Components,fail:alldatasheet_no_download_link,https://www.alldatasheet.com/,sn74hc271.pdf,sn74hc271.png
sn74hc273,Components,skip_exists,,sn74hc273.pdf,sn74hc273.png
sn74hc274,Components,fail:alldatasheet_no_download_link,https://www.alldatasheet.com/,sn74hc274.pdf,sn74hc274.png
sn74hc275,Components,fail:alldatasheet_no_download_link,https://www.alldatasheet.com/,sn74hc275.pdf,sn74hc275.png
sn74hc276,Components,fail:alldatasheet_no_download_link,https://www.alldatasheet.com/,sn74hc276.pdf,sn74hc276.png
sn74hc278,Components,fail:alldatasheet_no_download_link,https://www.alldatasheet.com/,sn74hc278.pdf,sn74hc278.png
sn74hc279,Components,fail:alldatasheet_no_download_link,https://www.alldatasheet.com/,sn74hc279.pdf,sn74hc279.png
sn74hc280,Components,fail:alldatasheet_no_download_link,https://www.alldatasheet.com/,sn74hc280.pdf,sn74hc280.png
sn74hc281,Components,fail:alldatasheet_no_download_link,https://www.alldatasheet.com/,sn74hc281.pdf,sn74hc281.png
sn74hc282,Components,fail:alldatasheet_no_download_link,https://www.alldatasheet.com/,sn74hc282.pdf,sn74hc282.png
sn74hc283,Components,fail:alldatasheet_no_download_link,https://www.alldatasheet.com/,sn74hc283.pdf,sn74hc283.png
sn74hc284,Components,fail:alldatasheet_no_download_link,https://www.alldatasheet.com/,sn74hc284.pdf,sn74hc284.png
sn74hc285,Components,fail:alldatasheet_no_download_link,https://www.alldatasheet.com/,sn74hc285.pdf,sn74hc285.png
sn74hc286,Components,fail:alldatasheet_no_download_link,https://www.alldatasheet.com/,sn74hc286.pdf,sn74hc286.png
sn74hc287,Components,fail:alldatasheet_no_download_link,https://www.alldatasheet.com/,sn74hc287.pdf,sn74hc287.png
sn74hc288,Components,fail:alldatasheet_no_download_link,https://www.alldatasheet.com/,sn74hc288.pdf,sn74hc288.png
sn74hc289,Components,fail:alldatasheet_no_download_link,https://www.alldatasheet.com/,sn74hc289.pdf,sn74hc289.png
sn74hc290,Components,fail:alldatasheet_no_download_link,https://www.alldatasheet.com/,sn74hc290.pdf,sn74hc290.png
sn74hc292,Components,fail:alldatasheet_no_download_link,https://www.alldatasheet.com/,sn74hc292.pdf,sn74hc292.png
sn74hc293,Components,fail:alldatasheet_no_download_link,https://www.alldatasheet.com/,sn74hc293.pdf,sn74hc293.png
sn74hc294,Components,fail:alldatasheet_no_download_link,https://www.alldatasheet.com/,sn74hc294.pdf,sn74hc294.png
sn74hc295,Components,fail:alldatasheet_no_download_link,https://www.alldatasheet.com/,sn74hc295.pdf,sn74hc295.png
sn74hc297,Components,fail:alldatasheet_no_download_link,https://www.alldatasheet.com/,sn74hc297.pdf,sn74hc297.png
sn74hc298,Components,fail:alldatasheet_no_download_link,https://www.alldatasheet.com/,sn74hc298.pdf,sn74hc298.png
sn74hc299,Components,fail:alldatasheet_no_download_link,https://www.alldatasheet.com/,sn74hc299.pdf,sn74hc299.png
sn74hc300,Components,fail:alldatasheet_no_download_link,https://www.alldatasheet.com/,sn74hc300.pdf,sn74hc300.png
sn74hc301,Components,fail:alldatasheet_no_download_link,https://www.alldatasheet.com/,sn74hc301.pdf,sn74hc301.png
sn74hc302,Components,fail:alldatasheet_no_download_link,https://www.alldatasheet.com/,sn74hc302.pdf,sn74hc302.png
sn74hc303,Components,fail:alldatasheet_no_download_link,https://www.alldatasheet.com/,sn74hc303.pdf,sn74hc303.png
sn74hc304,Components,fail:alldatasheet_no_download_link,https://www.alldatasheet.com/,sn74hc304.pdf,sn74hc304.png
sn74hc305,Components,fail:alldatasheet_no_download_link,https://www.alldatasheet.com/,sn74hc305.pdf,sn74hc305.png
sn74hc306,Components,fail:alldatasheet_no_download_link,https://www.alldatasheet.com/,sn74hc306.pdf,sn74hc306.png
sn74hc309,Components,fail:alldatasheet_no_download_link,https://www.alldatasheet.com/,sn74hc309.pdf,sn74hc309.png
sn74hc310,Components,fail:alldatasheet_no_download_link,https://www.alldatasheet.com/,sn74hc310.pdf,sn74hc310.png
sn74hc311,Components,fail:alldatasheet_no_download_link,https://www.alldatasheet.com/,sn74hc311.pdf,sn74hc311.png
sn74hc312,Components,fail:alldatasheet_no_download_link,https://www.alldatasheet.com/,sn74hc312.pdf,sn74hc312.png
sn74hc313,Components,fail:alldatasheet_no_download_link,https://www.alldatasheet.com/,sn74hc313.pdf,sn74hc313.png
sn74hc314,Components,fail:alldatasheet_no_download_link,https://www.alldatasheet.com/,sn74hc314.pdf,sn74hc314.png
sn74hc315,Components,fail:alldatasheet_no_download_link,https://www.alldatasheet.com/,sn74hc315.pdf,sn74hc315.png
sn74hc316,Components,fail:alldatasheet_no_download_link,https://www.alldatasheet.com/,sn74hc316.pdf,sn74hc316.png
sn74hc317,Components,fail:alldatasheet_no_download_link,https://www.alldatasheet.com/,sn74hc317.pdf,sn74hc317.png
sn74hc318,Components,fail:alldatasheet_no_download_link,https://www.alldatasheet.com/,sn74hc318.pdf,sn74hc318.png
sn74hc319,Components,fail:alldatasheet_no_download_link,https://www.alldatasheet.com/,sn74hc319.pdf,sn74hc319.png
sn74hc320,Components,fail:alldatasheet_no_download_link,https://www.alldatasheet.com/,sn74hc320.pdf,sn74hc320.png
sn74hc321,Components,fail:alldatasheet_no_download_link,https://www.alldatasheet.com/,sn74hc321.pdf,sn74hc321.png
sn74hc322,Components,fail:alldatasheet_no_download_link,https://www.alldatasheet.com/,sn74hc322.pdf,sn74hc322.png
sn74hc323,Components,fail:alldatasheet_no_download_link,https://www.alldatasheet.com/,sn74hc323.pdf,sn74hc323.png
sn74hc324,Components,fail:alldatasheet_no_download_link,https://www.alldatasheet.com/,sn74hc324.pdf,sn74hc324.png
sn74hc325,Components,fail:alldatasheet_no_download_link,https://www.alldatasheet.com/,sn74hc325.pdf,sn74hc325.png
sn74hc326,Components,fail:alldatasheet_no_download_link,https://www.alldatasheet.com/,sn74hc326.pdf,sn74hc326.png
sn74hc327,Components,fail:alldatasheet_no_download_link,https://www.alldatasheet.com/,sn74hc327.pdf,sn74hc327.png
sn74hc330,Components,fail:alldatasheet_no_download_link,https://www.alldatasheet.com/,sn74hc330.pdf,sn74hc330.png
sn74hc331,Components,fail:alldatasheet_no_download_link,https://www.alldatasheet.com/,sn74hc331.pdf,sn74hc331.png
sn74hc333,Components,fail:alldatasheet_no_download_link,https://www.alldatasheet.com/,sn74hc333.pdf,sn74hc333.png
sn74hc334,Components,fail:alldatasheet_no_download_link,https://www.alldatasheet.com/,sn74hc334.pdf,sn74hc334.png
sn74hc335,Components,fail:alldatasheet_no_download_link,https://www.alldatasheet.com/,sn74hc335.pdf,sn74hc335.png
sn74hc336,Components,fail:alldatasheet_no_download_link,https://www.alldatasheet.com/,sn74hc336.pdf,sn74hc336.png
sn74hc337,Components,fail:alldatasheet_no_download_link,https://www.alldatasheet.com/,sn74hc337.pdf,sn74hc337.png
sn74hc340,Components,fail:alldatasheet_no_download_link,https://www.alldatasheet.com/,sn74hc340.pdf,sn74hc340.png
sn74hc341,Components,fail:alldatasheet_no_download_link,https://www.alldatasheet.com/,sn74hc341.pdf,sn74hc341.png
sn74hc344,Components,fail:alldatasheet_no_download_link,https://www.alldatasheet.com/,sn74hc344.pdf,sn74hc344.png
sn74hc347,Components,fail:alldatasheet_no_download_link,https://www.alldatasheet.com/,sn74hc347.pdf,sn74hc347.png
sn74hc348,Components,fail:alldatasheet_no_download_link,https://www.alldatasheet.com/,sn74hc348.pdf,sn74hc348.png
sn74hc350,Components,fail:alldatasheet_no_download_link,https://www.alldatasheet.com/,sn74hc350.pdf,sn74hc350.png
sn74hc351,Components,fail:alldatasheet_no_download_link,https://www.alldatasheet.com/,sn74hc351.pdf,sn74hc351.png
sn74hc352,Components,fail:alldatasheet_no_download_link,https://www.alldatasheet.com/,sn74hc352.pdf,sn74hc352.png
sn74hc353,Components,fail:alldatasheet_no_download_link,https://www.alldatasheet.com/,sn74hc353.pdf,sn74hc353.png
sn74hc354,Components,fail:alldatasheet_no_download_link,https://www.alldatasheet.com/,sn74hc354.pdf,sn74hc354.png
sn74hc355,Components,fail:alldatasheet_no_download_link,https://www.alldatasheet.com/,sn74hc355.pdf,sn74hc355.png
sn74hc356,Components,fail:alldatasheet_no_download_link,https://www.alldatasheet.com/,sn74hc356.pdf,sn74hc356.png
sn74hc357,Components,fail:alldatasheet_no_download_link,https://www.alldatasheet.com/,sn74hc357.pdf,sn74hc357.png
sn74hc361,Components,fail:alldatasheet_no_download_link,https://www.alldatasheet.com/,sn74hc361.pdf,sn74hc361.png
sn74hc362,Components,fail:alldatasheet_no_download_link,https://www.alldatasheet.com/,sn74hc362.pdf,sn74hc362.png
sn74hc363,Components,fail:alldatasheet_no_download_link,https://www.alldatasheet.com/,sn74hc363.pdf,sn74hc363.png
sn74hc364,Components,fail:alldatasheet_no_download_link,https://www.alldatasheet.com/,sn74hc364.pdf,sn74hc364.png
sn74hc365,Components,skip_exists,,sn74hc365.pdf,sn74hc365.png
sn74hc366,Components,fail:alldatasheet_no_download_link,https://www.alldatasheet.com/,sn74hc366.pdf,sn74hc366.png
sn74hc367,Components,skip_exists,,sn74hc367.pdf,sn74hc367.png
sn74hc368,Components,ok_no_thumb:thumb_missing,https://www.ti.com/lit/ds/symlink/sn74hc368.pdf,sn74hc368.pdf,
sn74hc370,Components,fail:alldatasheet_no_download_link,https://www.alldatasheet.com/,sn74hc370.pdf,sn74hc370.png
sn74hc371,Components,fail:alldatasheet_no_download_link,https://www.alldatasheet.com/,sn74hc371.pdf,sn74hc371.png
sn74hc373,Components,skip_exists,,sn74hc373.pdf,sn74hc373.png
sn74hc374,Components,skip_exists,,sn74hc374.pdf,sn74hc374.png
sn74hc375,Components,fail:alldatasheet_no_download_link,https://www.alldatasheet.com/,sn74hc375.pdf,sn74hc375.png
sn74hc376,Components,fail:alldatasheet_no_download_link,https://www.alldatasheet.com/,sn74hc376.pdf,sn74hc376.png
sn74hc377,Components,skip_exists,,sn74hc377.pdf,sn74hc377.png
sn74hc378,Components,fail:alldatasheet_no_download_link,https://www.alldatasheet.com/,sn74hc378.pdf,sn74hc378.png
sn74hc379,Components,fail:alldatasheet_no_download_link,https://www.alldatasheet.com/,sn74hc379.pdf,sn74hc379.png
sn74hc380,Components,fail:alldatasheet_no_download_link,https://www.alldatasheet.com/,sn74hc380.pdf,sn74hc380.png
sn74hc381,Components,fail:alldatasheet_no_download_link,https://www.alldatasheet.com/,sn74hc381.pdf,sn74hc381.png
sn74hc382,Components,fail:alldatasheet_no_download_link,https://www.alldatasheet.com/,sn74hc382.pdf,sn74hc382.png
sn74hc383,Components,fail:alldatasheet_no_download_link,https://www.alldatasheet.com/,sn74hc383.pdf,sn74hc383.png
sn74hc384,Components,fail:alldatasheet_no_download_link,https://www.alldatasheet.com/,sn74hc384.pdf,sn74hc384.png
sn74hc385,Components,fail:alldatasheet_no_download_link,https://www.alldatasheet.com/,sn74hc385.pdf,sn74hc385.png
sn74hc386,Components,fail:alldatasheet_no_download_link,https://www.alldatasheet.com/,sn74hc386.pdf,sn74hc386.png
sn74hc387,Components,fail:alldatasheet_no_download_link,https://www.alldatasheet.com/,sn74hc387.pdf,sn74hc387.png
sn74hc388,Components,fail:alldatasheet_no_download_link,https://www.alldatasheet.com/,sn74hc388.pdf,sn74hc388.png
sn74hc390,Components,fail:alldatasheet_no_download_link,https://www.alldatasheet.com/,sn74hc390.pdf,sn74hc390.png
sn74hc393,Components,skip_exists,,sn74hc393.pdf,sn74hc393.png
sn74hc395,Components,fail:alldatasheet_no_download_link,https://www.alldatasheet.com/,sn74hc395.pdf,sn74hc395.png
sn74hc396,Components,fail:alldatasheet_no_download_link,https://www.alldatasheet.com/,sn74hc396.pdf,sn74hc396.png
sn74hc398,Components,fail:alldatasheet_no_download_link,https://www.alldatasheet.com/,sn74hc398.pdf,sn74hc398.png
sn74hc399,Components,fail:alldatasheet_no_download_link,https://www.alldatasheet.com/,sn74hc399.pdf,sn74hc399.png
sn74hc400,Components,fail:alldatasheet_no_download_link,https://www.alldatasheet.com/,sn74hc400.pdf,sn74hc400.png
sn74hc401,Components,fail:alldatasheet_no_download_link,https://www.alldatasheet.com/,sn74hc401.pdf,sn74hc401.png
sn74hc402,Components,fail:alldatasheet_no_download_link,https://www.alldatasheet.com/,sn74hc402.pdf,sn74hc402.png
sn74hc403,Components,fail:alldatasheet_no_download_link,https://www.alldatasheet.com/,sn74hc403.pdf,sn74hc403.png
sn74hc405,Components,fail:alldatasheet_no_download_link,https://www.alldatasheet.com/,sn74hc405.pdf,sn74hc405.png
sn74hc407,Components,fail:alldatasheet_no_download_link,https://www.alldatasheet.com/,sn74hc407.pdf,sn74hc407.png
sn74hc409,Components,fail:alldatasheet_no_download_link,https://www.alldatasheet.com/,sn74hc409.pdf,sn74hc409.png
sn74hc410,Components,fail:alldatasheet_no_download_link,https://www.alldatasheet.com/,sn74hc410.pdf,sn74hc410.png
sn74hc411,Components,fail:alldatasheet_no_download_link,https://www.alldatasheet.com/,sn74hc411.pdf,sn74hc411.png
sn74hc412,Components,fail:alldatasheet_no_download_link,https://www.alldatasheet.com/,sn74hc412.pdf,sn74hc412.png
sn74hc413,Components,fail:alldatasheet_no_download_link,https://www.alldatasheet.com/,sn74hc413.pdf,sn74hc413.png
sn74hc414,Components,fail:alldatasheet_no_download_link,https://www.alldatasheet.com/,sn74hc414.pdf,sn74hc414.png
sn74hc417,Components,fail:alldatasheet_no_download_link,https://www.alldatasheet.com/,sn74hc417.pdf,sn74hc417.png
sn74hc420,Components,fail:alldatasheet_no_download_link,https://www.alldatasheet.com/,sn74hc420.pdf,sn74hc420.png
sn74hc422,Components,fail:alldatasheet_no_download_link,https://www.alldatasheet.com/,sn74hc422.pdf,sn74hc422.png
sn74hc423,Components,fail:alldatasheet_no_download_link,https://www.alldatasheet.com/,sn74hc423.pdf,sn74hc423.png
sn74hc425,Components,fail:alldatasheet_no_download_link,https://www.alldatasheet.com/,sn74hc425.pdf,sn74hc425.png
sn74hc426,Components,fail:alldatasheet_no_download_link,https://www.alldatasheet.com/,sn74hc426.pdf,sn74hc426.png
sn74hc428,Components,fail:alldatasheet_no_download_link,https://www.alldatasheet.com/,sn74hc428.pdf,sn74hc428.png
sn74hc429,Components,fail:alldatasheet_no_download_link,https://www.alldatasheet.com/,sn74hc429.pdf,sn74hc429.png
sn74hc430,Components,fail:alldatasheet_no_download_link,https://www.alldatasheet.com/,sn74hc430.pdf,sn74hc430.png
sn74hc432,Components,fail:alldatasheet_no_download_link,https://www.alldatasheet.com/,sn74hc432.pdf,sn74hc432.png
sn74hc433,Components,fail:alldatasheet_no_download_link,https://www.alldatasheet.com/,sn74hc433.pdf,sn74hc433.png
sn74hc436,Components,fail:alldatasheet_no_download_link,https://www.alldatasheet.com/,sn74hc436.pdf,sn74hc436.png
sn74hc437,Components,fail:alldatasheet_no_download_link,https://www.alldatasheet.com/,sn74hc437.pdf,sn74hc437.png
sn74hc438,Components,fail:alldatasheet_no_download_link,https://www.alldatasheet.com/,sn74hc438.pdf,sn74hc438.png
sn74hc440,Components,fail:alldatasheet_no_download_link,https://www.alldatasheet.com/,sn74hc440.pdf,sn74hc440.png
sn74hc441,Components,fail:alldatasheet_no_download_link,https://www.alldatasheet.com/,sn74hc441.pdf,sn74hc441.png
sn74hc442,Components,fail:alldatasheet_no_download_link,https://www.alldatasheet.com/,sn74hc442.pdf,sn74hc442.png
sn74hc443,Components,fail:alldatasheet_no_download_link,https://www.alldatasheet.com/,sn74hc443.pdf,sn74hc443.png
sn74hc444,Components,fail:alldatasheet_no_download_link,https://www.alldatasheet.com/,sn74hc444.pdf,sn74hc444.png
sn74hc445,Components,fail:alldatasheet_no_download_link,https://www.alldatasheet.com/,sn74hc445.pdf,sn74hc445.png
sn74hc446,Components,fail:alldatasheet_no_download_link,https://www.alldatasheet.com/,sn74hc446.pdf,sn74hc446.png
sn74hc447,Components,fail:alldatasheet_no_download_link,https://www.alldatasheet.com/,sn74hc447.pdf,sn74hc447.png
sn74hc448,Components,fail:alldatasheet_no_download_link,https://www.alldatasheet.com/,sn74hc448.pdf,sn74hc448.png
sn74hc449,Components,fail:alldatasheet_no_download_link,https://www.alldatasheet.com/,sn74hc449.pdf,sn74hc449.png
sn74hc452,Components,fail:alldatasheet_no_download_link,https://www.alldatasheet.com/,sn74hc452.pdf,sn74hc452.png
sn74hc454,Components,fail:alldatasheet_no_download_link,https://www.alldatasheet.com/,sn74hc454.pdf,sn74hc454.png
sn74hc458,Components,fail:alldatasheet_no_download_link,https://www.alldatasheet.com/,sn74hc458.pdf,sn74hc458.png
sn74hc461,Components,fail:alldatasheet_no_download_link,https://www.alldatasheet.com/,sn74hc461.pdf,sn74hc461.png
sn74hc462,Components,fail:alldatasheet_no_download_link,https://www.alldatasheet.com/,sn74hc462.pdf,sn74hc462.png
sn74hc463,Components,fail:alldatasheet_no_download_link,https://www.alldatasheet.com/,sn74hc463.pdf,sn74hc463.png
sn74hc465,Components,fail:alldatasheet_no_download_link,https://www.alldatasheet.com/,sn74hc465.pdf,sn74hc465.png
sn74hc466,Components,fail:alldatasheet_no_download_link,https://www.alldatasheet.com/,sn74hc466.pdf,sn74hc466.png
sn74hc467,Components,fail:alldatasheet_no_download_link,https://www.alldatasheet.com/,sn74hc467.pdf,sn74hc467.png
sn74hc468,Components,fail:alldatasheet_no_download_link,https://www.alldatasheet.com/,sn74hc468.pdf,sn74hc468.png
sn74hc469,Components,fail:alldatasheet_no_download_link,https://www.alldatasheet.com/,sn74hc469.pdf,sn74hc469.png
sn74hc470,Components,fail:alldatasheet_no_download_link,https://www.alldatasheet.com/,sn74hc470.pdf,sn74hc470.png
sn74hc471,Components,fail:alldatasheet_no_download_link,https://www.alldatasheet.com/,sn74hc471.pdf,sn74hc471.png
sn74hc472,Components,fail:alldatasheet_no_download_link,https://www.alldatasheet.com/,sn74hc472.pdf,sn74hc472.png
sn74hc473,Components,fail:alldatasheet_no_download_link,https://www.alldatasheet.com/,sn74hc473.pdf,sn74hc473.png
sn74hc474,Components,fail:alldatasheet_no_download_link,https://www.alldatasheet.com/,sn74hc474.pdf,sn74hc474.png
sn74hc475,Components,fail:alldatasheet_no_download_link,https://www.alldatasheet.com/,sn74hc475.pdf,sn74hc475.png
sn74hc476,Components,fail:alldatasheet_no_download_link,https://www.alldatasheet.com/,sn74hc476.pdf,sn74hc476.png
sn74hc477,Components,fail:alldatasheet_no_download_link,https://www.alldatasheet.com/,sn74hc477.pdf,sn74hc477.png
sn74hc478,Components,fail:alldatasheet_no_download_link,https://www.alldatasheet.com/,sn74hc478.pdf,sn74hc478.png
sn74hc479,Components,fail:alldatasheet_no_download_link,https://www.alldatasheet.com/,sn74hc479.pdf,sn74hc479.png
sn74hc480,Components,fail:alldatasheet_search_error:ConnectionError,https://www.alldatasheet.com/,sn74hc480.pdf,sn74hc480.png
sn74hc481,Components,fail:alldatasheet_search_error:ConnectionError,https://www.alldatasheet.com/,sn74hc481.pdf,sn74hc481.png
sn74hc482,Components,fail:alldatasheet_search_error:ConnectionError,https://www.alldatasheet.com/,sn74hc482.pdf,sn74hc482.png
sn74hc484,Components,fail:alldatasheet_search_error:ConnectionError,https://www.alldatasheet.com/,sn74hc484.pdf,sn74hc484.png
sn74hc485,Components,fail:alldatasheet_search_error:ConnectionError,https://www.alldatasheet.com/,sn74hc485.pdf,sn74hc485.png
sn74hc488,Components,fail:alldatasheet_search_error:ConnectionError,https://www.alldatasheet.com/,sn74hc488.pdf,sn74hc488.png
sn74hc490,Components,fail:alldatasheet_search_error:ConnectionError,https://www.alldatasheet.com/,sn74hc490.pdf,sn74hc490.png
sn74hc491,Components,fail:alldatasheet_no_download_link,https://www.alldatasheet.com/,sn74hc491.pdf,sn74hc491.png
sn74hc498,Components,fail:alldatasheet_no_download_link,https://www.alldatasheet.com/,sn74hc498.pdf,sn74hc498.png
sn74hc499,Components,fail:alldatasheet_no_download_link,https://www.alldatasheet.com/,sn74hc499.pdf,sn74hc499.png
sn74hc500,Components,fail:alldatasheet_no_download_link,https://www.alldatasheet.com/,sn74hc500.pdf,sn74hc500.png
sn74hc502,Components,fail:alldatasheet_no_download_link,https://www.alldatasheet.com/,sn74hc502.pdf,sn74hc502.png
sn74hc503,Components,fail:alldatasheet_no_download_link,https://www.alldatasheet.com/,sn74hc503.pdf,sn74hc503.png
sn74hc504,Components,fail:alldatasheet_no_download_link,https://www.alldatasheet.com/,sn74hc504.pdf,sn74hc504.png
sn74hc505,Components,fail:alldatasheet_no_download_link,https://www.alldatasheet.com/,sn74hc505.pdf,sn74hc505.png
sn74hc508,Components,fail:alldatasheet_no_download_link,https://www.alldatasheet.com/,sn74hc508.pdf,sn74hc508.png
sn74hc515,Components,fail:alldatasheet_no_download_link,https://www.alldatasheet.com/,sn74hc515.pdf,sn74hc515.png
sn74hc516,Components,fail:alldatasheet_no_download_link,https://www.alldatasheet.com/,sn74hc516.pdf,sn74hc516.png
sn74hc518,Components,fail:alldatasheet_no_download_link,https://www.alldatasheet.com/,sn74hc518.pdf,sn74hc518.png
sn74hc519,Components,fail:alldatasheet_no_download_link,https://www.alldatasheet.com/,sn74hc519.pdf,sn74hc519.png
sn74hc520,Components,fail:alldatasheet_no_download_link,https://www.alldatasheet.com/,sn74hc520.pdf,sn74hc520.png
sn74hc521,Components,fail:alldatasheet_no_download_link,https://www.alldatasheet.com/,sn74hc521.pdf,sn74hc521.png
sn74hc522,Components,fail:alldatasheet_no_download_link,https://www.alldatasheet.com/,sn74hc522.pdf,sn74hc522.png
sn74hc524,Components,fail:alldatasheet_no_download_link,https://www.alldatasheet.com/,sn74hc524.pdf,sn74hc524.png
sn74hc525,Components,fail:alldatasheet_no_download_link,https://www.alldatasheet.com/,sn74hc525.pdf,sn74hc525.png
sn74hc526,Components,fail:alldatasheet_no_download_link,https://www.alldatasheet.com/,sn74hc526.pdf,sn74hc526.png
sn74hc527,Components,fail:alldatasheet_no_download_link,https://www.alldatasheet.com/,sn74hc527.pdf,sn74hc527.png
sn74hc528,Components,fail:alldatasheet_no_download_link,https://www.alldatasheet.com/,sn74hc528.pdf,sn74hc528.png
sn74hc531,Components,fail:alldatasheet_no_download_link,https://www.alldatasheet.com/,sn74hc531.pdf,sn74hc531.png
sn74hc532,Components,fail:alldatasheet_no_download_link,https://www.alldatasheet.com/,sn74hc532.pdf,sn74hc532.png
sn74hc533,Components,fail:alldatasheet_no_download_link,https://www.alldatasheet.com/,sn74hc533.pdf,sn74hc533.png
sn74hc534,Components,fail:alldatasheet_no_download_link,https://www.alldatasheet.com/,sn74hc534.pdf,sn74hc534.png
sn74hc535,Components,fail:alldatasheet_no_download_link,https://www.alldatasheet.com/,sn74hc535.pdf,sn74hc535.png
sn74hc536,Components,fail:alldatasheet_no_download_link,https://www.alldatasheet.com/,sn74hc536.pdf,sn74hc536.png
sn74hc537,Components,fail:alldatasheet_no_download_link,https://www.alldatasheet.com/,sn74hc537.pdf,sn74hc537.png
sn74hc538,Components,fail:alldatasheet_no_download_link,https://www.alldatasheet.com/,sn74hc538.pdf,sn74hc538.png
sn74hc539,Components,fail:alldatasheet_no_download_link,https://www.alldatasheet.com/,sn74hc539.pdf,sn74hc539.png
sn74hc540,Components,ok_no_thumb:thumb_missing,https://www.ti.com/lit/ds/symlink/sn74hc540.pdf,sn74hc540.pdf,
sn74hc541,Components,ok_no_thumb:thumb_missing,https://www.ti.com/lit/ds/symlink/sn74hc541.pdf,sn74hc541.pdf,
sn74hc543,Components,fail:alldatasheet_no_download_link,https://www.alldatasheet.com/,sn74hc543.pdf,sn74hc543.png
sn74hc544,Components,fail:alldatasheet_no_download_link,https://www.alldatasheet.com/,sn74hc544.pdf,sn74hc544.png
sn74hc545,Components,fail:alldatasheet_no_download_link,https://www.alldatasheet.com/,sn74hc545.pdf,sn74hc545.png
sn74hc546,Components,fail:alldatasheet_no_download_link,https://www.alldatasheet.com/,sn74hc546.pdf,sn74hc546.png
sn74hc549,Components,fail:alldatasheet_no_download_link,https://www.alldatasheet.com/,sn74hc549.pdf,sn74hc549.png
sn74hc550,Components,fail:alldatasheet_no_download_link,https://www.alldatasheet.com/,sn74hc550.pdf,sn74hc550.png
sn74hc551,Components,fail:alldatasheet_no_download_link,https://www.alldatasheet.com/,sn74hc551.pdf,sn74hc551.png
sn74hc552,Components,fail:alldatasheet_no_download_link,https://www.alldatasheet.com/,sn74hc552.pdf,sn74hc552.png
sn74hc556,Components,fail:alldatasheet_no_download_link,https://www.alldatasheet.com/,sn74hc556.pdf,sn74hc556.png
sn74hc557,Components,fail:alldatasheet_no_download_link,https://www.alldatasheet.com/,sn74hc557.pdf,sn74hc557.png
sn74hc558,Components,fail:alldatasheet_no_download_link,https://www.alldatasheet.com/,sn74hc558.pdf,sn74hc558.png
sn74hc559,Components,fail:alldatasheet_no_download_link,https://www.alldatasheet.com/,sn74hc559.pdf,sn74hc559.png
sn74hc560,Components,fail:alldatasheet_no_download_link,https://www.alldatasheet.com/,sn74hc560.pdf,sn74hc560.png
sn74hc561,Components,fail:alldatasheet_no_download_link,https://www.alldatasheet.com/,sn74hc561.pdf,sn74hc561.png
sn74hc563,Components,ok_no_thumb:thumb_missing,https://www.ti.com/lit/ds/symlink/sn74hc563.pdf,sn74hc563.pdf,
sn74hc564,Components,fail:alldatasheet_no_download_link,https://www.alldatasheet.com/,sn74hc564.pdf,sn74hc564.png
sn74hc566,Components,fail:alldatasheet_no_download_link,https://www.alldatasheet.com/,sn74hc566.pdf,sn74hc566.png
sn74hc567,Components,fail:alldatasheet_no_download_link,https://www.alldatasheet.com/,sn74hc567.pdf,sn74hc567.png
sn74hc568,Components,fail:alldatasheet_no_download_link,https://www.alldatasheet.com/,sn74hc568.pdf,sn74hc568.png
sn74hc569,Components,fail:alldatasheet_no_download_link,https://www.alldatasheet.com/,sn74hc569.pdf,sn74hc569.png
sn74hc570,Components,fail:alldatasheet_no_download_link,https://www.alldatasheet.com/,sn74hc570.pdf,sn74hc570.png
sn74hc571,Components,fail:alldatasheet_no_download_link,https://www.alldatasheet.com/,sn74hc571.pdf,sn74hc571.png
sn74hc572,Components,fail:alldatasheet_no_download_link,https://www.alldatasheet.com/,sn74hc572.pdf,sn74hc572.png
sn74hc573,Components,fail:alldatasheet_no_download_link,https://www.alldatasheet.com/,sn74hc573.pdf,sn74hc573.png
sn74hc574,Components,fail:alldatasheet_search_error:ConnectionError,https://www.alldatasheet.com/,sn74hc574.pdf,sn74hc574.png
sn74hc575,Components,fail:alldatasheet_search_error:ConnectionError,https://www.alldatasheet.com/,sn74hc575.pdf,sn74hc575.png
sn74hc576,Components,fail:alldatasheet_search_error:ConnectionError,https://www.alldatasheet.com/,sn74hc576.pdf,sn74hc576.png
sn74hc577,Components,fail:alldatasheet_search_error:ConnectionError,https://www.alldatasheet.com/,sn74hc577.pdf,sn74hc577.png
sn74hc579,Components,fail:alldatasheet_search_error:ConnectionError,https://www.alldatasheet.com/,sn74hc579.pdf,sn74hc579.png
sn74hc580,Components,fail:alldatasheet_search_error:ConnectionError,https://www.alldatasheet.com/,sn74hc580.pdf,sn74hc580.png
sn74hc582,Components,fail:alldatasheet_no_download_link,https://www.alldatasheet.com/,sn74hc582.pdf,sn74hc582.png
sn74hc583,Components,fail:alldatasheet_no_download_link,https://www.alldatasheet.com/,sn74hc583.pdf,sn74hc583.png
sn74hc588,Components,fail:alldatasheet_no_download_link,https://www.alldatasheet.com/,sn74hc588.pdf,sn74hc588.png
sn74hc589,Components,fail:alldatasheet_no_download_link,https://www.alldatasheet.com/,sn74hc589.pdf,sn74hc589.png
sn74hc590,Components,fail:alldatasheet_no_download_link,https://www.alldatasheet.com/,sn74hc590.pdf,sn74hc590.png
sn74hc591,Components,fail:alldatasheet_no_download_link,https://www.alldatasheet.com/,sn74hc591.pdf,sn74hc591.png
sn74hc592,Components,fail:alldatasheet_no_download_link,https://www.alldatasheet.com/,sn74hc592.pdf,sn74hc592.png
sn74hc593,Components,fail:alldatasheet_no_download_link,https://www.alldatasheet.com/,sn74hc593.pdf,sn74hc593.png
sn74hc594,Components,ok_no_thumb:thumb_missing,https://www.ti.com/lit/ds/symlink/sn74hc594.pdf,sn74hc594.pdf,
sn74hc595,Components,skip_exists,,sn74hc595.pdf,sn74hc595.png
sn74hc596,Components,fail:alldatasheet_no_download_link,https://www.alldatasheet.com/,sn74hc596.pdf,sn74hc596.png
sn74hc597,Components,fail:alldatasheet_no_download_link,https://www.alldatasheet.com/,sn74hc597.pdf,sn74hc597.png
sn74hc598,Components,fail:alldatasheet_no_download_link,https://www.alldatasheet.com/,sn74hc598.pdf,sn74hc598.png
sn74hc599,Components,fail:alldatasheet_no_download_link,https://www.alldatasheet.com/,sn74hc599.pdf,sn74hc599.png
sn74hc600,Components,fail:alldatasheet_no_download_link,https://www.alldatasheet.com/,sn74hc600.pdf,sn74hc600.png
sn74hc601,Components,fail:alldatasheet_no_download_link,https://www.alldatasheet.com/,sn74hc601.pdf,sn74hc601.png
sn74hc602,Components,fail:alldatasheet_no_download_link,https://www.alldatasheet.com/,sn74hc602.pdf,sn74hc602.png
sn74hc603,Components,fail:alldatasheet_no_download_link,https://www.alldatasheet.com/,sn74hc603.pdf,sn74hc603.png
sn74hc604,Components,fail:alldatasheet_no_download_link,https://www.alldatasheet.com/,sn74hc604.pdf,sn74hc604.png
sn74hc605,Components,fail:alldatasheet_no_download_link,https://www.alldatasheet.com/,sn74hc605.pdf,sn74hc605.png
sn74hc606,Components,fail:alldatasheet_no_download_link,https://www.alldatasheet.com/,sn74hc606.pdf,sn74hc606.png
sn74hc607,Components,fail:alldatasheet_no_download_link,https://www.alldatasheet.com/,sn74hc607.pdf,sn74hc607.png
sn74hc608,Components,fail:alldatasheet_no_download_link,https://www.alldatasheet.com/,sn74hc608.pdf,sn74hc608.png
sn74hc610,Components,fail:alldatasheet_no_download_link,https://www.alldatasheet.com/,sn74hc610.pdf,sn74hc610.png
sn74hc611,Components,fail:alldatasheet_no_download_link,https://www.alldatasheet.com/,sn74hc611.pdf,sn74hc611.png
sn74hc612,Components,fail:alldatasheet_no_download_link,https://www.alldatasheet.com/,sn74hc612.pdf,sn74hc612.png
sn74hc613,Components,fail:alldatasheet_no_download_link,https://www.alldatasheet.com/,sn74hc613.pdf,sn74hc613.png
sn74hc614,Components,fail:alldatasheet_no_download_link,https://www.alldatasheet.com/,sn74hc614.pdf,sn74hc614.png
sn74hc615,Components,fail:alldatasheet_no_download_link,https://www.alldatasheet.com/,sn74hc615.pdf,sn74hc615.png
sn74hc616,Components,fail:alldatasheet_no_download_link,https://www.alldatasheet.com/,sn74hc616.pdf,sn74hc616.png
sn74hc617,Components,fail:alldatasheet_no_download_link,https://www.alldatasheet.com/,sn74hc617.pdf,sn74hc617.png
sn74hc620,Components,fail:alldatasheet_no_download_link,https://www.alldatasheet.com/,sn74hc620.pdf,sn74hc620.png
sn74hc621,Components,fail:alldatasheet_no_download_link,https://www.alldatasheet.com/,sn74hc621.pdf,sn74hc621.png
sn74hc622,Components,fail:alldatasheet_no_download_link,https://www.alldatasheet.com/,sn74hc622.pdf,sn74hc622.png
sn74hc623,Components,ok_no_thumb:thumb_missing,https://www.ti.com/lit/ds/symlink/sn74hc623.pdf,sn74hc623.pdf,
sn74hc624,Components,fail:alldatasheet_no_download_link,https://www.alldatasheet.com/,sn74hc624.pdf,sn74hc624.png
sn74hc625,Components,fail:alldatasheet_no_download_link,https://www.alldatasheet.com/,sn74hc625.pdf,sn74hc625.png
sn74hc626,Components,fail:alldatasheet_no_download_link,https://www.alldatasheet.com/,sn74hc626.pdf,sn74hc626.png
sn74hc627,Components,fail:alldatasheet_no_download_link,https://www.alldatasheet.com/,sn74hc627.pdf,sn74hc627.png
sn74hc628,Components,fail:alldatasheet_no_download_link,https://www.alldatasheet.com/,sn74hc628.pdf,sn74hc628.png
sn74hc629,Components,fail:alldatasheet_no_download_link,https://www.alldatasheet.com/,sn74hc629.pdf,sn74hc629.png
sn74hc630,Components,fail:alldatasheet_no_download_link,https://www.alldatasheet.com/,sn74hc630.pdf,sn74hc630.png
sn74hc631,Components,fail:alldatasheet_no_download_link,https://www.alldatasheet.com/,sn74hc631.pdf,sn74hc631.png
sn74hc632,Components,fail:alldatasheet_no_download_link,https://www.alldatasheet.com/,sn74hc632.pdf,sn74hc632.png
sn74hc633,Components,fail:alldatasheet_no_download_link,https://www.alldatasheet.com/,sn74hc633.pdf,sn74hc633.png
sn74hc634,Components,fail:alldatasheet_no_download_link,https://www.alldatasheet.com/,sn74hc634.pdf,sn74hc634.png
sn74hc635,Components,fail:alldatasheet_no_download_link,https://www.alldatasheet.com/,sn74hc635.pdf,sn74hc635.png
sn74hc636,Components,fail:alldatasheet_no_download_link,https://www.alldatasheet.com/,sn74hc636.pdf,sn74hc636.png
sn74hc637,Components,fail:alldatasheet_no_download_link,https://www.alldatasheet.com/,sn74hc637.pdf,sn74hc637.png
sn74hc638,Components,fail:alldatasheet_no_download_link,https://www.alldatasheet.com/,sn74hc638.pdf,sn74hc638.png
sn74hc639,Components,fail:alldatasheet_no_download_link,https://www.alldatasheet.com/,sn74hc639.pdf,sn74hc639.png
sn74hc640,Components,ok_no_thumb:thumb_missing,https://www.ti.com/lit/ds/symlink/sn74hc640.pdf,sn74hc640.pdf,
sn74hc641,Components,fail:alldatasheet_no_download_link,https://www.alldatasheet.com/,sn74hc641.pdf,sn74hc641.png
sn74hc642,Components,fail:alldatasheet_no_download_link,https://www.alldatasheet.com/,sn74hc642.pdf,sn74hc642.png
sn74hc643,Components,fail:alldatasheet_no_download_link,https://www.alldatasheet.com/,sn74hc643.pdf,sn74hc643.png
sn74hc644,Components,fail:alldatasheet_no_download_link,https://www.alldatasheet.com/,sn74hc644.pdf,sn74hc644.png
sn74hc645,Components,ok_no_thumb:thumb_missing,https://www.ti.com/lit/ds/symlink/sn74hc645.pdf,sn74hc645.pdf,
sn74hc646,Components,ok_no_thumb:thumb_missing,https://www.ti.com/lit/ds/symlink/sn74hc646.pdf,sn74hc646.pdf,
sn74hc647,Components,fail:alldatasheet_no_download_link,https://www.alldatasheet.com/,sn74hc647.pdf,sn74hc647.png
sn74hc648,Components,fail:alldatasheet_no_download_link,https://www.alldatasheet.com/,sn74hc648.pdf,sn74hc648.png
sn74hc649,Components,fail:alldatasheet_no_download_link,https://www.alldatasheet.com/,sn74hc649.pdf,sn74hc649.png
sn74hc651,Components,fail:alldatasheet_no_download_link,https://www.alldatasheet.com/,sn74hc651.pdf,sn74hc651.png
sn74hc652,Components,ok_no_thumb:thumb_missing,https://www.ti.com/lit/ds/symlink/sn74hc652.pdf,sn74hc652.pdf,
sn74hc653,Components,fail:alldatasheet_no_download_link,https://www.alldatasheet.com/,sn74hc653.pdf,sn74hc653.png
sn74hc654,Components,fail:alldatasheet_no_download_link,https://www.alldatasheet.com/,sn74hc654.pdf,sn74hc654.png
sn74hc655,Components,fail:alldatasheet_no_download_link,https://www.alldatasheet.com/,sn74hc655.pdf,sn74hc655.png
sn74hc656,Components,fail:alldatasheet_no_download_link,https://www.alldatasheet.com/,sn74hc656.pdf,sn74hc656.png
sn74hc657,Components,fail:alldatasheet_no_download_link,https://www.alldatasheet.com/,sn74hc657.pdf,sn74hc657.png
sn74hc658,Components,fail:alldatasheet_no_download_link,https://www.alldatasheet.com/,sn74hc658.pdf,sn74hc658.png
sn74hc659,Components,fail:alldatasheet_no_download_link,https://www.alldatasheet.com/,sn74hc659.pdf,sn74hc659.png
sn74hc664,Components,fail:alldatasheet_no_download_link,https://www.alldatasheet.com/,sn74hc664.pdf,sn74hc664.png
sn74hc665,Components,fail:alldatasheet_no_download_link,https://www.alldatasheet.com/,sn74hc665.pdf,sn74hc665.png
sn74hc666,Components,fail:alldatasheet_no_download_link,https://www.alldatasheet.com/,sn74hc666.pdf,sn74hc666.png
sn74hc667,Components,fail:alldatasheet_no_download_link,https://www.alldatasheet.com/,sn74hc667.pdf,sn74hc667.png
sn74hc668,Components,fail:alldatasheet_no_download_link,https://www.alldatasheet.com/,sn74hc668.pdf,sn74hc668.png
sn74hc669,Components,fail:alldatasheet_no_download_link,https://www.alldatasheet.com/,sn74hc669.pdf,sn74hc669.png
sn74hc670,Components,fail:alldatasheet_no_download_link,https://www.alldatasheet.com/,sn74hc670.pdf,sn74hc670.png
sn74hc671,Components,fail:alldatasheet_no_download_link,https://www.alldatasheet.com/,sn74hc671.pdf,sn74hc671.png
sn74hc672,Components,fail:alldatasheet_no_download_link,https://www.alldatasheet.com/,sn74hc672.pdf,sn74hc672.png
sn74hc673,Components,fail:alldatasheet_no_download_link,https://www.alldatasheet.com/,sn74hc673.pdf,sn74hc673.png
sn74hc674,Components,fail:alldatasheet_no_download_link,https://www.alldatasheet.com/,sn74hc674.pdf,sn74hc674.png
sn74hc675,Components,fail:alldatasheet_no_download_link,https://www.alldatasheet.com/,sn74hc675.pdf,sn74hc675.png
sn74hc676,Components,fail:alldatasheet_no_download_link,https://www.alldatasheet.com/,sn74hc676.pdf,sn74hc676.png
sn74hc677,Components,fail:alldatasheet_no_download_link,https://www.alldatasheet.com/,sn74hc677.pdf,sn74hc677.png
sn74hc678,Components,fail:alldatasheet_no_download_link,https://www.alldatasheet.com/,sn74hc678.pdf,sn74hc678.png
sn74hc679,Components,fail:alldatasheet_no_download_link,https://www.alldatasheet.com/,sn74hc679.pdf,sn74hc679.png
sn74hc680,Components,fail:alldatasheet_no_download_link,https://www.alldatasheet.com/,sn74hc680.pdf,sn74hc680.png
sn74hc681,Components,fail:alldatasheet_no_download_link,https://www.alldatasheet.com/,sn74hc681.pdf,sn74hc681.png
sn74hc682,Components,ok_no_thumb:thumb_missing,https://www.ti.com/lit/ds/symlink/sn74hc682.pdf,sn74hc682.pdf,
sn74hc683,Components,fail:alldatasheet_no_download_link,https://www.alldatasheet.com/,sn74hc683.pdf,sn74hc683.png
sn74hc684,Components,ok_no_thumb:thumb_missing,https://www.ti.com/lit/ds/symlink/sn74hc684.pdf,sn74hc684.pdf,
sn74hc685,Components,fail:alldatasheet_no_download_link,https://www.alldatasheet.com/,sn74hc685.pdf,sn74hc685.png
sn74hc686,Components,fail:alldatasheet_no_download_link,https://www.alldatasheet.com/,sn74hc686.pdf,sn74hc686.png
sn74hc687,Components,fail:alldatasheet_no_download_link,https://www.alldatasheet.com/,sn74hc687.pdf,sn74hc687.png
sn74hc688,Components,skip_exists,,sn74hc688.pdf,sn74hc688.png
sn74hc689,Components,fail:alldatasheet_no_download_link,https://www.alldatasheet.com/,sn74hc689.pdf,sn74hc689.png
sn74hc690,Components,fail:alldatasheet_no_download_link,https://www.alldatasheet.com/,sn74hc690.pdf,sn74hc690.png
sn74hc691,Components,fail:alldatasheet_no_download_link,https://www.alldatasheet.com/,sn74hc691.pdf,sn74hc691.png
sn74hc692,Components,fail:alldatasheet_no_download_link,https://www.alldatasheet.com/,sn74hc692.pdf,sn74hc692.png
sn74hc693,Components,fail:alldatasheet_no_download_link,https://www.alldatasheet.com/,sn74hc693.pdf,sn74hc693.png
sn74hc694,Components,fail:alldatasheet_no_download_link,https://www.alldatasheet.com/,sn74hc694.pdf,sn74hc694.png
sn74hc695,Components,fail:alldatasheet_no_download_link,https://www.alldatasheet.com/,sn74hc695.pdf,sn74hc695.png
sn74hc696,Components,fail:alldatasheet_no_download_link,https://www.alldatasheet.com/,sn74hc696.pdf,sn74hc696.png
sn74hc697,Components,fail:alldatasheet_no_download_link,https://www.alldatasheet.com/,sn74hc697.pdf,sn74hc697.png
sn74hc698,Components,fail:alldatasheet_no_download_link,https://www.alldatasheet.com/,sn74hc698.pdf,sn74hc698.png
sn74hc699,Components,fail:alldatasheet_no_download_link,https://www.alldatasheet.com/,sn74hc699.pdf,sn74hc699.png
sn74hc700,Components,fail:alldatasheet_no_download_link,https://www.alldatasheet.com/,sn74hc700.pdf,sn74hc700.png
sn74hc701,Components,fail:alldatasheet_no_download_link,https://www.alldatasheet.com/,sn74hc701.pdf,sn74hc701.png
sn74hc702,Components,fail:alldatasheet_no_download_link,https://www.alldatasheet.com/,sn74hc702.pdf,sn74hc702.png
sn74hc705,Components,fail:alldatasheet_no_download_link,https://www.alldatasheet.com/,sn74hc705.pdf,sn74hc705.png
sn74hc707,Components,fail:alldatasheet_no_download_link,https://www.alldatasheet.com/,sn74hc707.pdf,sn74hc707.png
sn74hc708,Components,fail:alldatasheet_no_download_link,https://www.alldatasheet.com/,sn74hc708.pdf,sn74hc708.png
sn74hc710,Components,fail:alldatasheet_no_download_link,https://www.alldatasheet.com/,sn74hc710.pdf,sn74hc710.png
sn74hc711,Components,fail:alldatasheet_no_download_link,https://www.alldatasheet.com/,sn74hc711.pdf,sn74hc711.png
sn74hc712,Components,fail:alldatasheet_no_download_link,https://www.alldatasheet.com/,sn74hc712.pdf,sn74hc712.png
sn74hc715,Components,fail:alldatasheet_no_download_link,https://www.alldatasheet.com/,sn74hc715.pdf,sn74hc715.png
sn74hc716,Components,fail:alldatasheet_no_download_link,https://www.alldatasheet.com/,sn74hc716.pdf,sn74hc716.png
sn74hc718,Components,fail:alldatasheet_no_download_link,https://www.alldatasheet.com/,sn74hc718.pdf,sn74hc718.png
sn74hc723,Components,fail:alldatasheet_no_download_link,https://www.alldatasheet.com/,sn74hc723.pdf,sn74hc723.png
sn74hc724,Components,fail:alldatasheet_no_download_link,https://www.alldatasheet.com/,sn74hc724.pdf,sn74hc724.png
sn74hc725,Components,fail:alldatasheet_no_download_link,https://www.alldatasheet.com/,sn74hc725.pdf,sn74hc725.png
sn74hc730,Components,fail:alldatasheet_no_download_link,https://www.alldatasheet.com/,sn74hc730.pdf,sn74hc730.png
sn74hc731,Components,fail:alldatasheet_no_download_link,https://www.alldatasheet.com/,sn74hc731.pdf,sn74hc731.png
sn74hc732,Components,fail:alldatasheet_no_download_link,https://www.alldatasheet.com/,sn74hc732.pdf,sn74hc732.png
sn74hc733,Components,fail:alldatasheet_no_download_link,https://www.alldatasheet.com/,sn74hc733.pdf,sn74hc733.png
sn74hc734,Components,fail:alldatasheet_no_download_link,https://www.alldatasheet.com/,sn74hc734.pdf,sn74hc734.png
sn74hc740,Components,fail:alldatasheet_no_download_link,https://www.alldatasheet.com/,sn74hc740.pdf,sn74hc740.png
sn74hc741,Components,fail:alldatasheet_no_download_link,https://www.alldatasheet.com/,sn74hc741.pdf,sn74hc741.png
sn74hc742,Components,fail:alldatasheet_no_download_link,https://www.alldatasheet.com/,sn74hc742.pdf,sn74hc742.png
sn74hc743,Components,fail:alldatasheet_no_download_link,https://www.alldatasheet.com/,sn74hc743.pdf,sn74hc743.png
sn74hc744,Components,fail:alldatasheet_no_download_link,https://www.alldatasheet.com/,sn74hc744.pdf,sn74hc744.png
sn74hc746,Components,fail:alldatasheet_no_download_link,https://www.alldatasheet.com/,sn74hc746.pdf,sn74hc746.png
sn74hc747,Components,fail:alldatasheet_no_download_link,https://www.alldatasheet.com/,sn74hc747.pdf,sn74hc747.png
sn74hc748,Components,fail:alldatasheet_no_download_link,https://www.alldatasheet.com/,sn74hc748.pdf,sn74hc748.png
sn74hc756,Components,fail:alldatasheet_no_download_link,https://www.alldatasheet.com/,sn74hc756.pdf,sn74hc756.png
sn74hc757,Components,fail:alldatasheet_no_download_link,https://www.alldatasheet.com/,sn74hc757.pdf,sn74hc757.png
sn74hc758,Components,fail:alldatasheet_no_download_link,https://www.alldatasheet.com/,sn74hc758.pdf,sn74hc758.png
sn74hc759,Components,fail:alldatasheet_no_download_link,https://www.alldatasheet.com/,sn74hc759.pdf,sn74hc759.png
sn74hc760,Components,fail:alldatasheet_no_download_link,https://www.alldatasheet.com/,sn74hc760.pdf,sn74hc760.png
sn74hc762,Components,fail:alldatasheet_no_download_link,https://www.alldatasheet.com/,sn74hc762.pdf,sn74hc762.png
sn74hc763,Components,fail:alldatasheet_no_download_link,https://www.alldatasheet.com/,sn74hc763.pdf,sn74hc763.png
sn74hc764,Components,fail:alldatasheet_no_download_link,https://www.alldatasheet.com/,sn74hc764.pdf,sn74hc764.png
sn74hc765,Components,fail:alldatasheet_no_download_link,https://www.alldatasheet.com/,sn74hc765.pdf,sn74hc765.png
sn74hc776,Components,fail:alldatasheet_no_download_link,https://www.alldatasheet.com/,sn74hc776.pdf,sn74hc776.png
sn74hc777,Components,fail:alldatasheet_no_download_link,https://www.alldatasheet.com/,sn74hc777.pdf,sn74hc777.png
sn74hc779,Components,fail:alldatasheet_no_download_link,https://www.alldatasheet.com/,sn74hc779.pdf,sn74hc779.png
sn74hc783,Components,fail:alldatasheet_no_download_link,https://www.alldatasheet.com/,sn74hc783.pdf,sn74hc783.png
sn74hc784,Components,fail:alldatasheet_no_download_link,https://www.alldatasheet.com/,sn74hc784.pdf,sn74hc784.png
sn74hc785,Components,fail:alldatasheet_no_download_link,https://www.alldatasheet.com/,sn74hc785.pdf,sn74hc785.png
sn74hc786,Components,fail:alldatasheet_no_download_link,https://www.alldatasheet.com/,sn74hc786.pdf,sn74hc786.png
sn74hc790,Components,fail:alldatasheet_no_download_link,https://www.alldatasheet.com/,sn74hc790.pdf,sn74hc790.png
sn74hc793,Components,fail:alldatasheet_no_download_link,https://www.alldatasheet.com/,sn74hc793.pdf,sn74hc793.png
sn74hc794,Components,fail:alldatasheet_no_download_link,https://www.alldatasheet.com/,sn74hc794.pdf,sn74hc794.png
sn74hc795,Components,fail:alldatasheet_no_download_link,https://www.alldatasheet.com/,sn74hc795.pdf,sn74hc795.png
sn74hc796,Components,fail:alldatasheet_no_download_link,https://www.alldatasheet.com/,sn74hc796.pdf,sn74hc796.png
sn74hc797,Components,fail:alldatasheet_no_download_link,https://www.alldatasheet.com/,sn74hc797.pdf,sn74hc797.png
sn74hc798,Components,fail:alldatasheet_no_download_link,https://www.alldatasheet.com/,sn74hc798.pdf,sn74hc798.png
sn74hc799,Components,fail:alldatasheet_no_download_link,https://www.alldatasheet.com/,sn74hc799.pdf,sn74hc799.png
sn74hc800,Components,fail:alldatasheet_no_download_link,https://www.alldatasheet.com/,sn74hc800.pdf,sn74hc800.png
sn74hc802,Components,fail:alldatasheet_no_download_link,https://www.alldatasheet.com/,sn74hc802.pdf,sn74hc802.png
sn74hc803,Components,fail:alldatasheet_no_download_link,https://www.alldatasheet.com/,sn74hc803.pdf,sn74hc803.png
sn74hc804,Components,fail:alldatasheet_no_download_link,https://www.alldatasheet.com/,sn74hc804.pdf,sn74hc804.png
sn74hc805,Components,fail:alldatasheet_no_download_link,https://www.alldatasheet.com/,sn74hc805.pdf,sn74hc805.png
sn74hc807,Components,fail:alldatasheet_no_download_link,https://www.alldatasheet.com/,sn74hc807.pdf,sn74hc807.png
sn74hc808,Components,fail:alldatasheet_no_download_link,https://www.alldatasheet.com/,sn74hc808.pdf,sn74hc808.png
sn74hc810,Components,fail:alldatasheet_no_download_link,https://www.alldatasheet.com/,sn74hc810.pdf,sn74hc810.png
sn74hc811,Components,fail:alldatasheet_no_download_link,https://www.alldatasheet.com/,sn74hc811.pdf,sn74hc811.png
sn74hc817,Components,fail:alldatasheet_no_download_link,https://www.alldatasheet.com/,sn74hc817.pdf,sn74hc817.png
sn74hc818,Components,fail:alldatasheet_no_download_link,https://www.alldatasheet.com/,sn74hc818.pdf,sn74hc818.png
sn74hc819,Components,fail:alldatasheet_no_download_link,https://www.alldatasheet.com/,sn74hc819.pdf,sn74hc819.png
sn74hc821,Components,fail:alldatasheet_no_download_link,https://www.alldatasheet.com/,sn74hc821.pdf,sn74hc821.png
sn74hc822,Components,fail:alldatasheet_no_download_link,https://www.alldatasheet.com/,sn74hc822.pdf,sn74hc822.png
sn74hc823,Components,fail:alldatasheet_no_download_link,https://www.alldatasheet.com/,sn74hc823.pdf,sn74hc823.png
sn74hc824,Components,fail:alldatasheet_no_download_link,https://www.alldatasheet.com/,sn74hc824.pdf,sn74hc824.png
sn74hc825,Components,fail:alldatasheet_no_download_link,https://www.alldatasheet.com/,sn74hc825.pdf,sn74hc825.png
sn74hc826,Components,fail:alldatasheet_no_download_link,https://www.alldatasheet.com/,sn74hc826.pdf,sn74hc826.png
sn74hc827,Components,fail:alldatasheet_no_download_link,https://www.alldatasheet.com/,sn74hc827.pdf,sn74hc827.png
sn74hc828,Components,fail:alldatasheet_no_download_link,https://www.alldatasheet.com/,sn74hc828.pdf,sn74hc828.png
sn74hc832,Components,fail:alldatasheet_no_download_link,https://www.alldatasheet.com/,sn74hc832.pdf,sn74hc832.png
sn74hc833,Components,fail:alldatasheet_no_download_link,https://www.alldatasheet.com/,sn74hc833.pdf,sn74hc833.png
sn74hc834,Components,fail:alldatasheet_no_download_link,https://www.alldatasheet.com/,sn74hc834.pdf,sn74hc834.png
sn74hc835,Components,fail:alldatasheet_no_download_link,https://www.alldatasheet.com/,sn74hc835.pdf,sn74hc835.png
sn74hc839,Components,fail:alldatasheet_no_download_link,https://www.alldatasheet.com/,sn74hc839.pdf,sn74hc839.png
sn74hc840,Components,fail:alldatasheet_no_download_link,https://www.alldatasheet.com/,sn74hc840.pdf,sn74hc840.png
sn74hc841,Components,fail:alldatasheet_no_download_link,https://www.alldatasheet.com/,sn74hc841.pdf,sn74hc841.png
sn74hc842,Components,fail:alldatasheet_no_download_link,https://www.alldatasheet.com/,sn74hc842.pdf,sn74hc842.png
sn74hc843,Components,fail:alldatasheet_no_download_link,https://www.alldatasheet.com/,sn74hc843.pdf,sn74hc843.png
sn74hc844,Components,fail:alldatasheet_no_download_link,https://www.alldatasheet.com/,sn74hc844.pdf,sn74hc844.png
sn74hc845,Components,fail:alldatasheet_no_download_link,https://www.alldatasheet.com/,sn74hc845.pdf,sn74hc845.png
sn74hc846,Components,fail:alldatasheet_no_download_link,https://www.alldatasheet.com/,sn74hc846.pdf,sn74hc846.png
sn74hc848,Components,fail:alldatasheet_no_download_link,https://www.alldatasheet.com/,sn74hc848.pdf,sn74hc848.png
sn74hc850,Components,fail:alldatasheet_no_download_link,https://www.alldatasheet.com/,sn74hc850.pdf,sn74hc850.png
sn74hc851,Components,fail:alldatasheet_no_download_link,https://www.alldatasheet.com/,sn74hc851.pdf,sn74hc851.png
sn74hc852,Components,fail:alldatasheet_no_download_link,https://www.alldatasheet.com/,sn74hc852.pdf,sn74hc852.png
sn74hc853,Components,fail:alldatasheet_no_download_link,https://www.alldatasheet.com/,sn74hc853.pdf,sn74hc853.png
sn74hc854,Components,fail:alldatasheet_no_download_link,https://www.alldatasheet.com/,sn74hc854.pdf,sn74hc854.png
sn74hc856,Components,fail:alldatasheet_no_download_link,https://www.alldatasheet.com/,sn74hc856.pdf,sn74hc856.png
sn74hc857,Components,fail:alldatasheet_no_download_link,https://www.alldatasheet.com/,sn74hc857.pdf,sn74hc857.png
sn74hc861,Components,fail:alldatasheet_no_download_link,https://www.alldatasheet.com/,sn74hc861.pdf,sn74hc861.png
sn74hc862,Components,fail:alldatasheet_no_download_link,https://www.alldatasheet.com/,sn74hc862.pdf,sn74hc862.png
sn74hc863,Components,fail:alldatasheet_no_download_link,https://www.alldatasheet.com/,sn74hc863.pdf,sn74hc863.png
sn74hc864,Components,fail:alldatasheet_no_download_link,https://www.alldatasheet.com/,sn74hc864.pdf,sn74hc864.png
sn74hc866,Components,fail:alldatasheet_no_download_link,https://www.alldatasheet.com/,sn74hc866.pdf,sn74hc866.png
sn74hc867,Components,fail:alldatasheet_no_download_link,https://www.alldatasheet.com/,sn74hc867.pdf,sn74hc867.png
sn74hc869,Components,fail:alldatasheet_no_download_link,https://www.alldatasheet.com/,sn74hc869.pdf,sn74hc869.png
sn74hc870,Components,fail:alldatasheet_no_download_link,https://www.alldatasheet.com/,sn74hc870.pdf,sn74hc870.png
sn74hc871,Components,fail:alldatasheet_no_download_link,https://www.alldatasheet.com/,sn74hc871.pdf,sn74hc871.png
sn74hc873,Components,fail:alldatasheet_no_download_link,https://www.alldatasheet.com/,sn74hc873.pdf,sn74hc873.png
sn74hc874,Components,fail:alldatasheet_no_download_link,https://www.alldatasheet.com/,sn74hc874.pdf,sn74hc874.png
sn74hc876,Components,fail:alldatasheet_no_download_link,https://www.alldatasheet.com/,sn74hc876.pdf,sn74hc876.png
sn74hc877,Components,fail:alldatasheet_no_download_link,https://www.alldatasheet.com/,sn74hc877.pdf,sn74hc877.png
sn74hc878,Components,fail:alldatasheet_no_download_link,https://www.alldatasheet.com/,sn74hc878.pdf,sn74hc878.png
sn74hc879,Components,fail:alldatasheet_no_download_link,https://www.alldatasheet.com/,sn74hc879.pdf,sn74hc879.png
sn74hc880,Components,fail:alldatasheet_no_download_link,https://www.alldatasheet.com/,sn74hc880.pdf,sn74hc880.png
sn74hc881,Components,fail:alldatasheet_no_download_link,https://www.alldatasheet.com/,sn74hc881.pdf,sn74hc881.png
sn74hc882,Components,fail:alldatasheet_no_download_link,https://www.alldatasheet.com/,sn74hc882.pdf,sn74hc882.png
sn74hc885,Components,fail:alldatasheet_no_download_link,https://www.alldatasheet.com/,sn74hc885.pdf,sn74hc885.png
sn74hc887,Components,fail:alldatasheet_no_download_link,https://www.alldatasheet.com/,sn74hc887.pdf,sn74hc887.png
sn74hc888,Components,fail:alldatasheet_no_download_link,https://www.alldatasheet.com/,sn74hc888.pdf,sn74hc888.png
sn74hc889,Components,fail:alldatasheet_no_download_link,https://www.alldatasheet.com/,sn74hc889.pdf,sn74hc889.png
sn74hc890,Components,fail:alldatasheet_no_download_link,https://www.alldatasheet.com/,sn74hc890.pdf,sn74hc890.png
sn74hc891,Components,fail:alldatasheet_no_download_link,https://www.alldatasheet.com/,sn74hc891.pdf,sn74hc891.png
sn74hc895,Components,fail:alldatasheet_no_download_link,https://www.alldatasheet.com/,sn74hc895.pdf,sn74hc895.png
sn74hc897,Components,fail:alldatasheet_no_download_link,https://www.alldatasheet.com/,sn74hc897.pdf,sn74hc897.png
sn74hc899,Components,fail:alldatasheet_no_download_link,https://www.alldatasheet.com/,sn74hc899.pdf,sn74hc899.png
sn74hc900,Components,fail:alldatasheet_no_download_link,https://www.alldatasheet.com/,sn74hc900.pdf,sn74hc900.png
sn74hc901,Components,fail:alldatasheet_no_download_link,https://www.alldatasheet.com/,sn74hc901.pdf,sn74hc901.png
sn74hc904,Components,fail:alldatasheet_no_download_link,https://www.alldatasheet.com/,sn74hc904.pdf,sn74hc904.png
sn74hc905,Components,fail:alldatasheet_no_download_link,https://www.alldatasheet.com/,sn74hc905.pdf,sn74hc905.png
sn74hc906,Components,fail:alldatasheet_no_download_link,https://www.alldatasheet.com/,sn74hc906.pdf,sn74hc906.png
sn74hc907,Components,fail:alldatasheet_no_download_link,https://www.alldatasheet.com/,sn74hc907.pdf,sn74hc907.png
sn74hc908,Components,fail:alldatasheet_no_download_link,https://www.alldatasheet.com/,sn74hc908.pdf,sn74hc908.png
sn74hc909,Components,fail:alldatasheet_no_download_link,https://www.alldatasheet.com/,sn74hc909.pdf,sn74hc909.png
sn74hc910,Components,fail:alldatasheet_no_download_link,https://www.alldatasheet.com/,sn74hc910.pdf,sn74hc910.png
sn74hc911,Components,fail:alldatasheet_no_download_link,https://www.alldatasheet.com/,sn74hc911.pdf,sn74hc911.png
sn74hc912,Components,fail:alldatasheet_no_download_link,https://www.alldatasheet.com/,sn74hc912.pdf,sn74hc912.png
sn74hc913,Components,fail:alldatasheet_no_download_link,https://www.alldatasheet.com/,sn74hc913.pdf,sn74hc913.png
sn74hc914,Components,fail:alldatasheet_no_download_link,https://www.alldatasheet.com/,sn74hc914.pdf,sn74hc914.png
sn74hc915,Components,fail:alldatasheet_no_download_link,https://www.alldatasheet.com/,sn74hc915.pdf,sn74hc915.png
sn74hc917,Components,fail:alldatasheet_no_download_link,https://www.alldatasheet.com/,sn74hc917.pdf,sn74hc917.png
sn74hc918,Components,fail:alldatasheet_no_download_link,https://www.alldatasheet.com/,sn74hc918.pdf,sn74hc918.png
sn74hc920,Components,fail:alldatasheet_no_download_link,https://www.alldatasheet.com/,sn74hc920.pdf,sn74hc920.png
sn74hc921,Components,fail:alldatasheet_no_download_link,https://www.alldatasheet.com/,sn74hc921.pdf,sn74hc921.png
sn74hc922,Components,fail:alldatasheet_no_download_link,https://www.alldatasheet.com/,sn74hc922.pdf,sn74hc922.png
sn74hc923,Components,fail:alldatasheet_no_download_link,https://www.alldatasheet.com/,sn74hc923.pdf,sn74hc923.png
sn74hc925,Components,fail:alldatasheet_no_download_link,https://www.alldatasheet.com/,sn74hc925.pdf,sn74hc925.png
sn74hc926,Components,fail:alldatasheet_no_download_link,https://www.alldatasheet.com/,sn74hc926.pdf,sn74hc926.png
sn74hc927,Components,fail:alldatasheet_no_download_link,https://www.alldatasheet.com/,sn74hc927.pdf,sn74hc927.png
sn74hc928,Components,fail:alldatasheet_no_download_link,https://www.alldatasheet.com/,sn74hc928.pdf,sn74hc928.png
sn74hc929,Components,fail:alldatasheet_no_download_link,https://www.alldatasheet.com/,sn74hc929.pdf,sn74hc929.png
sn74hc930,Components,fail:alldatasheet_no_download_link,https://www.alldatasheet.com/,sn74hc930.pdf,sn74hc930.png
sn74hc932,Components,fail:alldatasheet_no_download_link,https://www.alldatasheet.com/,sn74hc932.pdf,sn74hc932.png
sn74hc933,Components,fail:alldatasheet_no_download_link,https://www.alldatasheet.com/,sn74hc933.pdf,sn74hc933.png
sn74hc935,Components,fail:alldatasheet_no_download_link,https://www.alldatasheet.com/,sn74hc935.pdf,sn74hc935.png
sn74hc936,Components,fail:alldatasheet_no_download_link,https://www.alldatasheet.com/,sn74hc936.pdf,sn74hc936.png
sn74hc937,Components,fail:alldatasheet_no_download_link,https://www.alldatasheet.com/,sn74hc937.pdf,sn74hc937.png
sn74hc938,Components,fail:alldatasheet_no_download_link,https://www.alldatasheet.com/,sn74hc938.pdf,sn74hc938.png
sn74hc940,Components,fail:alldatasheet_no_download_link,https://www.alldatasheet.com/,sn74hc940.pdf,sn74hc940.png
sn74hc941,Components,fail:alldatasheet_no_download_link,https://www.alldatasheet.com/,sn74hc941.pdf,sn74hc941.png
sn74hc942,Components,fail:alldatasheet_no_download_link,https://www.alldatasheet.com/,sn74hc942.pdf,sn74hc942.png
sn74hc943,Components,fail:alldatasheet_no_download_link,https://www.alldatasheet.com/,sn74hc943.pdf,sn74hc943.png
sn74hc945,Components,fail:alldatasheet_no_download_link,https://www.alldatasheet.com/,sn74hc945.pdf,sn74hc945.png
sn74hc946,Components,fail:alldatasheet_no_download_link,https://www.alldatasheet.com/,sn74hc946.pdf,sn74hc946.png
sn74hc947,Components,fail:alldatasheet_no_download_link,https://www.alldatasheet.com/,sn74hc947.pdf,sn74hc947.png
sn74hc948,Components,fail:alldatasheet_no_download_link,https://www.alldatasheet.com/,sn74hc948.pdf,sn74hc948.png
sn74hc949,Components,fail:alldatasheet_no_download_link,https://www.alldatasheet.com/,sn74hc949.pdf,sn74hc949.png
sn74hc950,Components,fail:alldatasheet_no_download_link,https://www.alldatasheet.com/,sn74hc950.pdf,sn74hc950.png
sn74hc952,Components,fail:alldatasheet_no_download_link,https://www.alldatasheet.com/,sn74hc952.pdf,sn74hc952.png
sn74hc962,Components,fail:alldatasheet_no_download_link,https://www.alldatasheet.com/,sn74hc962.pdf,sn74hc962.png
sn74hc963,Components,fail:alldatasheet_no_download_link,https://www.alldatasheet.com/,sn74hc963.pdf,sn74hc963.png
sn74hc964,Components,fail:alldatasheet_no_download_link,https://www.alldatasheet.com/,sn74hc964.pdf,sn74hc964.png
sn74hc968,Components,fail:alldatasheet_no_download_link,https://www.alldatasheet.com/,sn74hc968.pdf,sn74hc968.png
sn74hc978,Components,fail:alldatasheet_no_download_link,https://www.alldatasheet.com/,sn74hc978.pdf,sn74hc978.png
sn74hc979,Components,fail:alldatasheet_no_download_link,https://www.alldatasheet.com/,sn74hc979.pdf,sn74hc979.png
sn74hc989,Components,fail:alldatasheet_no_download_link,https://www.alldatasheet.com/,sn74hc989.pdf,sn74hc989.png
sn74hc990,Components,fail:alldatasheet_no_download_link,https://www.alldatasheet.com/,sn74hc990.pdf,sn74hc990.png
sn74hc991,Components,fail:alldatasheet_no_download_link,https://www.alldatasheet.com/,sn74hc991.pdf,sn74hc991.png
sn74hc992,Components,fail:alldatasheet_no_download_link,https://www.alldatasheet.com/,sn74hc992.pdf,sn74hc992.png
sn74hc993,Components,fail:alldatasheet_no_download_link,https://www.alldatasheet.com/,sn74hc993.pdf,sn74hc993.png
sn74hc994,Components,fail:alldatasheet_no_download_link,https://www.alldatasheet.com/,sn74hc994.pdf,sn74hc994.png
sn74hc995,Components,fail:alldatasheet_no_download_link,https://www.alldatasheet.com/,sn74hc995.pdf,sn74hc995.png
sn74hc996,Components,fail:alldatasheet_no_download_link,https://www.alldatasheet.com/,sn74hc996.pdf,sn74hc996.png
sn74hc999,Components,fail:alldatasheet_no_download_link,https://www.alldatasheet.com/,sn74hc999.pdf,sn74hc999.png
sn74hc1000,Components,fail:alldatasheet_no_download_link,https://www.alldatasheet.com/,sn74hc1000.pdf,sn74hc1000.png
sn74hc1002,Components,fail:alldatasheet_no_download_link,https://www.alldatasheet.com/,sn74hc1002.pdf,sn74hc1002.png
sn74hc1003,Components,fail:alldatasheet_no_download_link,https://www.alldatasheet.com/,sn74hc1003.pdf,sn74hc1003.png
sn74hc1004,Components,fail:alldatasheet_no_download_link,https://www.alldatasheet.com/,sn74hc1004.pdf,sn74hc1004.png
sn74hc1005,Components,fail:alldatasheet_no_download_link,https://www.alldatasheet.com/,sn74hc1005.pdf,sn74hc1005.png
sn74hc1008,Components,fail:alldatasheet_no_download_link,https://www.alldatasheet.com/,sn74hc1008.pdf,sn74hc1008.png
sn74hc1011,Components,fail:alldatasheet_no_download_link,https://www.alldatasheet.com/,sn74hc1011.pdf,sn74hc1011.png
sn74hc1017,Components,fail:alldatasheet_no_download_link,https://www.alldatasheet.com/,sn74hc1017.pdf,sn74hc1017.png
sn74hc1018,Components,fail:alldatasheet_no_download_link,https://www.alldatasheet.com/,sn74hc1018.pdf,sn74hc1018.png
sn74hc1020,Components,fail:alldatasheet_no_download_link,https://www.alldatasheet.com/,sn74hc1020.pdf,sn74hc1020.png
sn74hc1032,Components,fail:alldatasheet_no_download_link,https://www.alldatasheet.com/,sn74hc1032.pdf,sn74hc1032.png
sn74hc1034,Components,fail:alldatasheet_no_download_link,https://www.alldatasheet.com/,sn74hc1034.pdf,sn74hc1034.png
sn74hc1035,Components,fail:alldatasheet_no_download_link,https://www.alldatasheet.com/,sn74hc1035.pdf,sn74hc1035.png
sn74hc1036,Components,fail:alldatasheet_no_download_link,https://www.alldatasheet.com/,sn74hc1036.pdf,sn74hc1036.png
sn74hc1050,Components,fail:alldatasheet_no_download_link,https://www.alldatasheet.com/,sn74hc1050.pdf,sn74hc1050.png
sn74hc1051,Components,fail:alldatasheet_no_download_link,https://www.alldatasheet.com/,sn74hc1051.pdf,sn74hc1051.png
sn74hc1052,Components,fail:alldatasheet_no_download_link,https://www.alldatasheet.com/,sn74hc1052.pdf,sn74hc1052.png
sn74hc1053,Components,fail:alldatasheet_no_download_link,https://www.alldatasheet.com/,sn74hc1053.pdf,sn74hc1053.png
sn74hc1056,Components,fail:alldatasheet_no_download_link,https://www.alldatasheet.com/,sn74hc1056.pdf,sn74hc1056.png
sn74hc1071,Components,fail:alldatasheet_no_download_link,https://www.alldatasheet.com/,sn74hc1071.pdf,sn74hc1071.png
sn74hc1073,Components,fail:alldatasheet_no_download_link,https://www.alldatasheet.com/,sn74hc1073.pdf,sn74hc1073.png
sn74hc1074,Components,fail:alldatasheet_no_download_link,https://www.alldatasheet.com/,sn74hc1074.pdf,sn74hc1074.png
sn74hc1181,Components,fail:alldatasheet_no_download_link,https://www.alldatasheet.com/,sn74hc1181.pdf,sn74hc1181.png
sn74hc1240,Components,fail:alldatasheet_no_download_link,https://www.alldatasheet.com/,sn74hc1240.pdf,sn74hc1240.png
sn74hc1241,Components,fail:alldatasheet_no_download_link,https://www.alldatasheet.com/,sn74hc1241.pdf,sn74hc1241.png
sn74hc1242,Components,fail:alldatasheet_no_download_link,https://www.alldatasheet.com/,sn74hc1242.pdf,sn74hc1242.png
sn74hc1243,Components,fail:alldatasheet_no_download_link,https://www.alldatasheet.com/,sn74hc1243.pdf,sn74hc1243.png
sn74hc1244,Components,fail:alldatasheet_no_download_link,https://www.alldatasheet.com/,sn74hc1244.pdf,sn74hc1244.png
sn74hc1245,Components,fail:alldatasheet_no_download_link,https://www.alldatasheet.com/,sn74hc1245.pdf,sn74hc1245.png
sn74hc1280,Components,fail:alldatasheet_no_download_link,https://www.alldatasheet.com/,sn74hc1280.pdf,sn74hc1280.png
sn74hc1284,Components,fail:alldatasheet_no_download_link,https://www.alldatasheet.com/,sn74hc1284.pdf,sn74hc1284.png
sn74hc1394,Components,fail:alldatasheet_no_download_link,https://www.alldatasheet.com/,sn74hc1394.pdf,sn74hc1394.png
sn74hc1395,Components,fail:alldatasheet_no_download_link,https://www.alldatasheet.com/,sn74hc1395.pdf,sn74hc1395.png
sn74hc1403,Components,fail:alldatasheet_no_download_link,https://www.alldatasheet.com/,sn74hc1403.pdf,sn74hc1403.png
sn74hc1404,Components,fail:alldatasheet_no_download_link,https://www.alldatasheet.com/,sn74hc1404.pdf,sn74hc1404.png
sn74hc1604,Components,fail:alldatasheet_no_download_link,https://www.alldatasheet.com/,sn74hc1604.pdf,sn74hc1604.png
sn74hc1612,Components,fail:alldatasheet_no_download_link,https://www.alldatasheet.com/,sn74hc1612.pdf,sn74hc1612.png
sn74hc1616,Components,fail:alldatasheet_no_download_link,https://www.alldatasheet.com/,sn74hc1616.pdf,sn74hc1616.png
sn74hc1620,Components,fail:alldatasheet_no_download_link,https://www.alldatasheet.com/,sn74hc1620.pdf,sn74hc1620.png
sn74hc1621,Components,fail:alldatasheet_no_download_link,https://www.alldatasheet.com/,sn74hc1621.pdf,sn74hc1621.png
sn74hc1622,Components,fail:alldatasheet_no_download_link,https://www.alldatasheet.com/,sn74hc1622.pdf,sn74hc1622.png
sn74hc1623,Components,fail:alldatasheet_no_download_link,https://www.alldatasheet.com/,sn74hc1623.pdf,sn74hc1623.png
sn74hc1624,Components,fail:alldatasheet_no_download_link,https://www.alldatasheet.com/,sn74hc1624.pdf,sn74hc1624.png
sn74hc1625,Components,fail:alldatasheet_no_download_link,https://www.alldatasheet.com/,sn74hc1625.pdf,sn74hc1625.png
sn74hc1626,Components,fail:alldatasheet_no_download_link,https://www.alldatasheet.com/,sn74hc1626.pdf,sn74hc1626.png
sn74hc1627,Components,fail:alldatasheet_no_download_link,https://www.alldatasheet.com/,sn74hc1627.pdf,sn74hc1627.png
sn74hc1628,Components,fail:alldatasheet_no_download_link,https://www.alldatasheet.com/,sn74hc1628.pdf,sn74hc1628.png
sn74hc1629,Components,fail:alldatasheet_no_download_link,https://www.alldatasheet.com/,sn74hc1629.pdf,sn74hc1629.png
sn74hc1631,Components,fail:alldatasheet_no_download_link,https://www.alldatasheet.com/,sn74hc1631.pdf,sn74hc1631.png
sn74hc1633,Components,fail:alldatasheet_no_download_link,https://www.alldatasheet.com/,sn74hc1633.pdf,sn74hc1633.png
sn74hc1634,Components,fail:alldatasheet_no_download_link,https://www.alldatasheet.com/,sn74hc1634.pdf,sn74hc1634.png
sn74hc1637,Components,fail:alldatasheet_no_download_link,https://www.alldatasheet.com/,sn74hc1637.pdf,sn74hc1637.png
sn74hc1638,Components,fail:alldatasheet_no_download_link,https://www.alldatasheet.com/,sn74hc1638.pdf,sn74hc1638.png
sn74hc1639,Components,fail:alldatasheet_no_download_link,https://www.alldatasheet.com/,sn74hc1639.pdf,sn74hc1639.png
sn74hc1640,Components,fail:alldatasheet_no_download_link,https://www.alldatasheet.com/,sn74hc1640.pdf,sn74hc1640.png
sn74hc1641,Components,fail:alldatasheet_no_download_link,https://www.alldatasheet.com/,sn74hc1641.pdf,sn74hc1641.png
sn74hc1642,Components,fail:alldatasheet_no_download_link,https://www.alldatasheet.com/,sn74hc1642.pdf,sn74hc1642.png
sn74hc1643,Components,fail:alldatasheet_no_download_link,https://www.alldatasheet.com/,sn74hc1643.pdf,sn74hc1643.png
sn74hc1644,Components,fail:alldatasheet_no_download_link,https://www.alldatasheet.com/,sn74hc1644.pdf,sn74hc1644.png
sn74hc1645,Components,fail:alldatasheet_no_download_link,https://www.alldatasheet.com/,sn74hc1645.pdf,sn74hc1645.png
sn74hc1646,Components,fail:alldatasheet_no_download_link,https://www.alldatasheet.com/,sn74hc1646.pdf,sn74hc1646.png
sn74hc1647,Components,fail:alldatasheet_no_download_link,https://www.alldatasheet.com/,sn74hc1647.pdf,sn74hc1647.png
sn74hc1650,Components,fail:alldatasheet_no_download_link,https://www.alldatasheet.com/,sn74hc1650.pdf,sn74hc1650.png
sn74hc1651,Components,fail:alldatasheet_no_download_link,https://www.alldatasheet.com/,sn74hc1651.pdf,sn74hc1651.png
sn74hc1652,Components,fail:alldatasheet_no_download_link,https://www.alldatasheet.com/,sn74hc1652.pdf,sn74hc1652.png
sn74hc1653,Components,fail:alldatasheet_no_download_link,https://www.alldatasheet.com/,sn74hc1653.pdf,sn74hc1653.png
sn74hc1654,Components,fail:alldatasheet_no_download_link,https://www.alldatasheet.com/,sn74hc1654.pdf,sn74hc1654.png
sn74hc1655,Components,fail:alldatasheet_no_download_link,https://www.alldatasheet.com/,sn74hc1655.pdf,sn74hc1655.png
sn74hc1660,Components,fail:alldatasheet_no_download_link,https://www.alldatasheet.com/,sn74hc1660.pdf,sn74hc1660.png
sn74hc1661,Components,fail:alldatasheet_no_download_link,https://www.alldatasheet.com/,sn74hc1661.pdf,sn74hc1661.png
sn74hc1662,Components,fail:alldatasheet_no_download_link,https://www.alldatasheet.com/,sn74hc1662.pdf,sn74hc1662.png
sn74hc1664,Components,fail:alldatasheet_no_download_link,https://www.alldatasheet.com/,sn74hc1664.pdf,sn74hc1664.png
sn74hc1665,Components,fail:alldatasheet_no_download_link,https://www.alldatasheet.com/,sn74hc1665.pdf,sn74hc1665.png
sn74hc1672,Components,fail:alldatasheet_no_download_link,https://www.alldatasheet.com/,sn74hc1672.pdf,sn74hc1672.png
sn74hc1680,Components,fail:alldatasheet_no_download_link,https://www.alldatasheet.com/,sn74hc1680.pdf,sn74hc1680.png
sn74hc1681,Components,fail:alldatasheet_no_download_link,https://www.alldatasheet.com/,sn74hc1681.pdf,sn74hc1681.png
sn74hc1682,Components,fail:alldatasheet_no_download_link,https://www.alldatasheet.com/,sn74hc1682.pdf,sn74hc1682.png
sn74hc1683,Components,fail:alldatasheet_no_download_link,https://www.alldatasheet.com/,sn74hc1683.pdf,sn74hc1683.png
sn74hc1684,Components,fail:alldatasheet_no_download_link,https://www.alldatasheet.com/,sn74hc1684.pdf,sn74hc1684.png
sn74hc1685,Components,fail:alldatasheet_no_download_link,https://www.alldatasheet.com/,sn74hc1685.pdf,sn74hc1685.png
sn74hc1686,Components,fail:alldatasheet_no_download_link,https://www.alldatasheet.com/,sn74hc1686.pdf,sn74hc1686.png
sn74hc1690,Components,fail:alldatasheet_no_download_link,https://www.alldatasheet.com/,sn74hc1690.pdf,sn74hc1690.png
sn74hc1691,Components,fail:alldatasheet_no_download_link,https://www.alldatasheet.com/,sn74hc1691.pdf,sn74hc1691.png
sn74hc1692,Components,fail:alldatasheet_no_download_link,https://www.alldatasheet.com/,sn74hc1692.pdf,sn74hc1692.png
sn74hc1694,Components,fail:alldatasheet_no_download_link,https://www.alldatasheet.com/,sn74hc1694.pdf,sn74hc1694.png
sn74hc1695,Components,fail:alldatasheet_no_download_link,https://www.alldatasheet.com/,sn74hc1695.pdf,sn74hc1695.png
sn74hc1697,Components,fail:alldatasheet_no_download_link,https://www.alldatasheet.com/,sn74hc1697.pdf,sn74hc1697.png
sn74hc1760,Components,fail:alldatasheet_no_download_link,https://www.alldatasheet.com/,sn74hc1760.pdf,sn74hc1760.png
sn74hc1761,Components,fail:alldatasheet_no_download_link,https://www.alldatasheet.com/,sn74hc1761.pdf,sn74hc1761.png
sn74hc1762,Components,fail:alldatasheet_no_download_link,https://www.alldatasheet.com/,sn74hc1762.pdf,sn74hc1762.png
sn74hc1763,Components,fail:alldatasheet_no_download_link,https://www.alldatasheet.com/,sn74hc1763.pdf,sn74hc1763.png
sn74hc1764,Components,fail:alldatasheet_no_download_link,https://www.alldatasheet.com/,sn74hc1764.pdf,sn74hc1764.png
sn74hc1765,Components,fail:alldatasheet_no_download_link,https://www.alldatasheet.com/,sn74hc1765.pdf,sn74hc1765.png
sn74hc1766,Components,fail:alldatasheet_no_download_link,https://www.alldatasheet.com/,sn74hc1766.pdf,sn74hc1766.png
sn74hc1779,Components,fail:alldatasheet_no_download_link,https://www.alldatasheet.com/,sn74hc1779.pdf,sn74hc1779.png
sn74hc1801,Components,fail:alldatasheet_no_download_link,https://www.alldatasheet.com/,sn74hc1801.pdf,sn74hc1801.png
sn74hc1802,Components,fail:alldatasheet_no_download_link,https://www.alldatasheet.com/,sn74hc1802.pdf,sn74hc1802.png
sn74hc1803,Components,fail:alldatasheet_no_download_link,https://www.alldatasheet.com/,sn74hc1803.pdf,sn74hc1803.png
sn74hc1804,Components,fail:alldatasheet_no_download_link,https://www.alldatasheet.com/,sn74hc1804.pdf,sn74hc1804.png
sn74hc1805,Components,fail:alldatasheet_no_download_link,https://www.alldatasheet.com/,sn74hc1805.pdf,sn74hc1805.png
sn74hc1808,Components,fail:alldatasheet_no_download_link,https://www.alldatasheet.com/,sn74hc1808.pdf,sn74hc1808.png
sn74hc1811,Components,fail:alldatasheet_no_download_link,https://www.alldatasheet.com/,sn74hc1811.pdf,sn74hc1811.png
sn74hc1812,Components,fail:alldatasheet_no_download_link,https://www.alldatasheet.com/,sn74hc1812.pdf,sn74hc1812.png
sn74hc1821,Components,fail:alldatasheet_no_download_link,https://www.alldatasheet.com/,sn74hc1821.pdf,sn74hc1821.png
sn74hc1823,Components,fail:alldatasheet_no_download_link,https://www.alldatasheet.com/,sn74hc1823.pdf,sn74hc1823.png
sn74hc1824,Components,fail:alldatasheet_no_download_link,https://www.alldatasheet.com/,sn74hc1824.pdf,sn74hc1824.png
sn74hc1825,Components,fail:alldatasheet_no_download_link,https://www.alldatasheet.com/,sn74hc1825.pdf,sn74hc1825.png
sn74hc1826,Components,fail:alldatasheet_no_download_link,https://www.alldatasheet.com/,sn74hc1826.pdf,sn74hc1826.png
sn74hc1832,Components,fail:alldatasheet_no_download_link,https://www.alldatasheet.com/,sn74hc1832.pdf,sn74hc1832.png
sn74hc1841,Components,fail:alldatasheet_no_download_link,https://www.alldatasheet.com/,sn74hc1841.pdf,sn74hc1841.png
sn74hc1843,Components,fail:alldatasheet_no_download_link,https://www.alldatasheet.com/,sn74hc1843.pdf,sn74hc1843.png
sn74hc1850,Components,fail:alldatasheet_no_download_link,https://www.alldatasheet.com/,sn74hc1850.pdf,sn74hc1850.png
sn74hc1851,Components,fail:alldatasheet_no_download_link,https://www.alldatasheet.com/,sn74hc1851.pdf,sn74hc1851.png
sn74hc1864,Components,fail:alldatasheet_no_download_link,https://www.alldatasheet.com/,sn74hc1864.pdf,sn74hc1864.png
sn74hc1865,Components,fail:alldatasheet_no_download_link,https://www.alldatasheet.com/,sn74hc1865.pdf,sn74hc1865.png
sn74hc1999,Components,fail:alldatasheet_no_download_link,https://www.alldatasheet.com/,sn74hc1999.pdf,sn74hc1999.png
sn74hc2000,Components,fail:alldatasheet_no_download_link,https://www.alldatasheet.com/,sn74hc2000.pdf,sn74hc2000.png
sn74hc2003,Components,fail:alldatasheet_no_download_link,https://www.alldatasheet.com/,sn74hc2003.pdf,sn74hc2003.png
sn74hc2006,Components,fail:alldatasheet_no_download_link,https://www.alldatasheet.com/,sn74hc2006.pdf,sn74hc2006.png
sn74hc2007,Components,fail:alldatasheet_no_download_link,https://www.alldatasheet.com/,sn74hc2007.pdf,sn74hc2007.png
sn74hc2010,Components,fail:alldatasheet_no_download_link,https://www.alldatasheet.com/,sn74hc2010.pdf,sn74hc2010.png
sn74hc2014,Components,fail:alldatasheet_no_download_link,https://www.alldatasheet.com/,sn74hc2014.pdf,sn74hc2014.png
sn74hc2024,Components,fail:alldatasheet_no_download_link,https://www.alldatasheet.com/,sn74hc2024.pdf,sn74hc2024.png
sn74hc2031,Components,fail:alldatasheet_no_download_link,https://www.alldatasheet.com/,sn74hc2031.pdf,sn74hc2031.png
sn74hc2032,Components,fail:alldatasheet_no_download_link,https://www.alldatasheet.com/,sn74hc2032.pdf,sn74hc2032.png
sn74hc2034,Components,fail:alldatasheet_no_download_link,https://www.alldatasheet.com/,sn74hc2034.pdf,sn74hc2034.png
sn74hc2040,Components,fail:alldatasheet_no_download_link,https://www.alldatasheet.com/,sn74hc2040.pdf,sn74hc2040.png
sn74hc2041,Components,fail:alldatasheet_no_download_link,https://www.alldatasheet.com/,sn74hc2041.pdf,sn74hc2041.png
sn74hc2107,Components,fail:alldatasheet_no_download_link,https://www.alldatasheet.com/,sn74hc2107.pdf,sn74hc2107.png
sn74hc2125,Components,fail:alldatasheet_no_download_link,https://www.alldatasheet.com/,sn74hc2125.pdf,sn74hc2125.png
sn74hc2140,Components,fail:alldatasheet_no_download_link,https://www.alldatasheet.com/,sn74hc2140.pdf,sn74hc2140.png
sn74hc2150,Components,fail:alldatasheet_no_download_link,https://www.alldatasheet.com/,sn74hc2150.pdf,sn74hc2150.png
sn74hc2152,Components,fail:alldatasheet_no_download_link,https://www.alldatasheet.com/,sn74hc2152.pdf,sn74hc2152.png
sn74hc2154,Components,fail:alldatasheet_no_download_link,https://www.alldatasheet.com/,sn74hc2154.pdf,sn74hc2154.png
sn74hc2155,Components,fail:alldatasheet_no_download_link,https://www.alldatasheet.com/,sn74hc2155.pdf,sn74hc2155.png
sn74hc2156,Components,fail:alldatasheet_no_download_link,https://www.alldatasheet.com/,sn74hc2156.pdf,sn74hc2156.png
sn74hc2158,Components,fail:alldatasheet_no_download_link,https://www.alldatasheet.com/,sn74hc2158.pdf,sn74hc2158.png
sn74hc2159,Components,fail:alldatasheet_no_download_link,https://www.alldatasheet.com/,sn74hc2159.pdf,sn74hc2159.png
sn74hc2160,Components,fail:alldatasheet_no_download_link,https://www.alldatasheet.com/,sn74hc2160.pdf,sn74hc2160.png
sn74hc2161,Components,fail:alldatasheet_no_download_link,https://www.alldatasheet.com/,sn74hc2161.pdf,sn74hc2161.png
sn74hc2164,Components,fail:alldatasheet_no_download_link,https://www.alldatasheet.com/,sn74hc2164.pdf,sn74hc2164.png
sn74hc2166,Components,fail:alldatasheet_no_download_link,https://www.alldatasheet.com/,sn74hc2166.pdf,sn74hc2166.png
sn74hc2191,Components,fail:alldatasheet_no_download_link,https://www.alldatasheet.com/,sn74hc2191.pdf,sn74hc2191.png
sn74hc2193,Components,fail:alldatasheet_no_download_link,https://www.alldatasheet.com/,sn74hc2193.pdf,sn74hc2193.png
sn74hc2203,Components,fail:alldatasheet_no_download_link,https://www.alldatasheet.com/,sn74hc2203.pdf,sn74hc2203.png
sn74hc2226,Components,fail:alldatasheet_no_download_link,https://www.alldatasheet.com/,sn74hc2226.pdf,sn74hc2226.png
sn74hc2227,Components,fail:alldatasheet_no_download_link,https://www.alldatasheet.com/,sn74hc2227.pdf,sn74hc2227.png
sn74hc2228,Components,fail:alldatasheet_no_download_link,https://www.alldatasheet.com/,sn74hc2228.pdf,sn74hc2228.png
sn74hc2229,Components,fail:alldatasheet_no_download_link,https://www.alldatasheet.com/,sn74hc2229.pdf,sn74hc2229.png
sn74hc2232,Components,fail:alldatasheet_no_download_link,https://www.alldatasheet.com/,sn74hc2232.pdf,sn74hc2232.png
sn74hc2233,Components,fail:alldatasheet_no_download_link,https://www.alldatasheet.com/,sn74hc2233.pdf,sn74hc2233.png
sn74hc2235,Components,fail:alldatasheet_no_download_link,https://www.alldatasheet.com/,sn74hc2235.pdf,sn74hc2235.png
sn74hc2236,Components,fail:alldatasheet_no_download_link,https://www.alldatasheet.com/,sn74hc2236.pdf,sn74hc2236.png
sn74hc2238,Components,fail:alldatasheet_no_download_link,https://www.alldatasheet.com/,sn74hc2238.pdf,sn74hc2238.png
sn74hc2240,Components,fail:alldatasheet_no_download_link,https://www.alldatasheet.com/,sn74hc2240.pdf,sn74hc2240.png
sn74hc2241,Components,fail:alldatasheet_no_download_link,https://www.alldatasheet.com/,sn74hc2241.pdf,sn74hc2241.png
sn74hc2242,Components,fail:alldatasheet_no_download_link,https://www.alldatasheet.com/,sn74hc2242.pdf,sn74hc2242.png
sn74hc2243,Components,fail:alldatasheet_no_download_link,https://www.alldatasheet.com/,sn74hc2243.pdf,sn74hc2243.png
sn74hc2244,Components,fail:alldatasheet_no_download_link,https://www.alldatasheet.com/,sn74hc2244.pdf,sn74hc2244.png
sn74hc2245,Components,fail:alldatasheet_no_download_link,https://www.alldatasheet.com/,sn74hc2245.pdf,sn74hc2245.png
sn74hc2250,Components,fail:alldatasheet_no_download_link,https://www.alldatasheet.com/,sn74hc2250.pdf,sn74hc2250.png
sn74hc2253,Components,fail:alldatasheet_no_download_link,https://www.alldatasheet.com/,sn74hc2253.pdf,sn74hc2253.png
sn74hc2257,Components,fail:alldatasheet_no_download_link,https://www.alldatasheet.com/,sn74hc2257.pdf,sn74hc2257.png
sn74hc2273,Components,fail:alldatasheet_no_download_link,https://www.alldatasheet.com/,sn74hc2273.pdf,sn74hc2273.png
sn74hc2299,Components,fail:alldatasheet_no_download_link,https://www.alldatasheet.com/,sn74hc2299.pdf,sn74hc2299.png
sn74hc2323,Components,fail:alldatasheet_no_download_link,https://www.alldatasheet.com/,sn74hc2323.pdf,sn74hc2323.png
sn74hc2373,Components,fail:alldatasheet_no_download_link,https://www.alldatasheet.com/,sn74hc2373.pdf,sn74hc2373.png
sn74hc2374,Components,fail:alldatasheet_no_download_link,https://www.alldatasheet.com/,sn74hc2374.pdf,sn74hc2374.png
sn74hc2377,Components,fail:alldatasheet_no_download_link,https://www.alldatasheet.com/,sn74hc2377.pdf,sn74hc2377.png
sn74hc2400,Components,fail:alldatasheet_no_download_link,https://www.alldatasheet.com/,sn74hc2400.pdf,sn74hc2400.png
sn74hc2410,Components,fail:alldatasheet_no_download_link,https://www.alldatasheet.com/,sn74hc2410.pdf,sn74hc2410.png
sn74hc2411,Components,fail:alldatasheet_no_download_link,https://www.alldatasheet.com/,sn74hc2411.pdf,sn74hc2411.png
sn74hc2414,Components,fail:alldatasheet_no_download_link,https://www.alldatasheet.com/,sn74hc2414.pdf,sn74hc2414.png
sn74hc2420,Components,fail:alldatasheet_no_download_link,https://www.alldatasheet.com/,sn74hc2420.pdf,sn74hc2420.png
sn74hc2423,Components,fail:alldatasheet_no_download_link,https://www.alldatasheet.com/,sn74hc2423.pdf,sn74hc2423.png
sn74hc2424,Components,fail:alldatasheet_no_download_link,https://www.alldatasheet.com/,sn74hc2424.pdf,sn74hc2424.png
sn74hc2425,Components,fail:alldatasheet_no_download_link,https://www.alldatasheet.com/,sn74hc2425.pdf,sn74hc2425.png
sn74hc2440,Components,fail:alldatasheet_no_download_link,https://www.alldatasheet.com/,sn74hc2440.pdf,sn74hc2440.png
sn74hc2441,Components,fail:alldatasheet_no_download_link,https://www.alldatasheet.com/,sn74hc2441.pdf,sn74hc2441.png
sn74hc2442,Components,fail:alldatasheet_no_download_link,https://www.alldatasheet.com/,sn74hc2442.pdf,sn74hc2442.png
sn74hc2509,Components,fail:alldatasheet_no_download_link,https://www.alldatasheet.com/,sn74hc2509.pdf,sn74hc2509.png
sn74hc2510,Components,fail:alldatasheet_no_download_link,https://www.alldatasheet.com/,sn74hc2510.pdf,sn74hc2510.png
sn74hc2524,Components,fail:alldatasheet_no_download_link,https://www.alldatasheet.com/,sn74hc2524.pdf,sn74hc2524.png
sn74hc2525,Components,fail:alldatasheet_no_download_link,https://www.alldatasheet.com/,sn74hc2525.pdf,sn74hc2525.png
sn74hc2526,Components,fail:alldatasheet_no_download_link,https://www.alldatasheet.com/,sn74hc2526.pdf,sn74hc2526.png
sn74hc2533,Components,fail:alldatasheet_no_download_link,https://www.alldatasheet.com/,sn74hc2533.pdf,sn74hc2533.png
sn74hc2534,Components,fail:alldatasheet_no_download_link,https://www.alldatasheet.com/,sn74hc2534.pdf,sn74hc2534.png
sn74hc2540,Components,fail:alldatasheet_no_download_link,https://www.alldatasheet.com/,sn74hc2540.pdf,sn74hc2540.png
sn74hc2541,Components,fail:alldatasheet_no_download_link,https://www.alldatasheet.com/,sn74hc2541.pdf,sn74hc2541.png
sn74hc2543,Components,fail:alldatasheet_no_download_link,https://www.alldatasheet.com/,sn74hc2543.pdf,sn74hc2543.png
sn74hc2544,Components,fail:alldatasheet_no_download_link,https://www.alldatasheet.com/,sn74hc2544.pdf,sn74hc2544.png
sn74hc2564,Components,fail:alldatasheet_no_download_link,https://www.alldatasheet.com/,sn74hc2564.pdf,sn74hc2564.png
sn74hc2573,Components,fail:alldatasheet_no_download_link,https://www.alldatasheet.com/,sn74hc2573.pdf,sn74hc2573.png
sn74hc2574,Components,fail:alldatasheet_no_download_link,https://www.alldatasheet.com/,sn74hc2574.pdf,sn74hc2574.png
sn74hc2620,Components,fail:alldatasheet_no_download_link,https://www.alldatasheet.com/,sn74hc2620.pdf,sn74hc2620.png
sn74hc2623,Components,fail:alldatasheet_no_download_link,https://www.alldatasheet.com/,sn74hc2623.pdf,sn74hc2623.png
sn74hc2640,Components,fail:alldatasheet_no_download_link,https://www.alldatasheet.com/,sn74hc2640.pdf,sn74hc2640.png
sn74hc2643,Components,fail:alldatasheet_no_download_link,https://www.alldatasheet.com/,sn74hc2643.pdf,sn74hc2643.png
sn74hc2645,Components,fail:alldatasheet_no_download_link,https://www.alldatasheet.com/,sn74hc2645.pdf,sn74hc2645.png
sn74hc2646,Components,fail:alldatasheet_no_download_link,https://www.alldatasheet.com/,sn74hc2646.pdf,sn74hc2646.png
sn74hc2648,Components,fail:alldatasheet_no_download_link,https://www.alldatasheet.com/,sn74hc2648.pdf,sn74hc2648.png
sn74hc2651,Components,fail:alldatasheet_no_download_link,https://www.alldatasheet.com/,sn74hc2651.pdf,sn74hc2651.png
sn74hc2652,Components,fail:alldatasheet_no_download_link,https://www.alldatasheet.com/,sn74hc2652.pdf,sn74hc2652.png
sn74hc2725,Components,fail:alldatasheet_no_download_link,https://www.alldatasheet.com/,sn74hc2725.pdf,sn74hc2725.png
sn74hc2726,Components,fail:alldatasheet_no_download_link,https://www.alldatasheet.com/,sn74hc2726.pdf,sn74hc2726.png
sn74hc2821,Components,fail:alldatasheet_no_download_link,https://www.alldatasheet.com/,sn74hc2821.pdf,sn74hc2821.png
sn74hc2823,Components,fail:alldatasheet_no_download_link,https://www.alldatasheet.com/,sn74hc2823.pdf,sn74hc2823.png
sn74hc2825,Components,fail:alldatasheet_no_download_link,https://www.alldatasheet.com/,sn74hc2825.pdf,sn74hc2825.png
sn74hc2827,Components,fail:alldatasheet_no_download_link,https://www.alldatasheet.com/,sn74hc2827.pdf,sn74hc2827.png
sn74hc2828,Components,fail:alldatasheet_no_download_link,https://www.alldatasheet.com/,sn74hc2828.pdf,sn74hc2828.png
sn74hc2833,Components,fail:alldatasheet_no_download_link,https://www.alldatasheet.com/,sn74hc2833.pdf,sn74hc2833.png
sn74hc2841,Components,fail:alldatasheet_no_download_link,https://www.alldatasheet.com/,sn74hc2841.pdf,sn74hc2841.png
sn74hc2843,Components,fail:alldatasheet_no_download_link,https://www.alldatasheet.com/,sn74hc2843.pdf,sn74hc2843.png
sn74hc2845,Components,fail:alldatasheet_no_download_link,https://www.alldatasheet.com/,sn74hc2845.pdf,sn74hc2845.png
sn74hc2853,Components,fail:alldatasheet_no_download_link,https://www.alldatasheet.com/,sn74hc2853.pdf,sn74hc2853.png
sn74hc2861,Components,fail:alldatasheet_no_download_link,https://www.alldatasheet.com/,sn74hc2861.pdf,sn74hc2861.png
sn74hc2862,Components,fail:alldatasheet_no_download_link,https://www.alldatasheet.com/,sn74hc2862.pdf,sn74hc2862.png
sn74hc2863,Components,fail:alldatasheet_no_download_link,https://www.alldatasheet.com/,sn74hc2863.pdf,sn74hc2863.png
sn74hc2864,Components,fail:alldatasheet_no_download_link,https://www.alldatasheet.com/,sn74hc2864.pdf,sn74hc2864.png
sn74hc2952,Components,fail:alldatasheet_no_download_link,https://www.alldatasheet.com/,sn74hc2952.pdf,sn74hc2952.png
sn74hc2953,Components,fail:alldatasheet_no_download_link,https://www.alldatasheet.com/,sn74hc2953.pdf,sn74hc2953.png
sn74hc2960,Components,fail:alldatasheet_no_download_link,https://www.alldatasheet.com/,sn74hc2960.pdf,sn74hc2960.png
sn74hc2961,Components,fail:alldatasheet_no_download_link,https://www.alldatasheet.com/,sn74hc2961.pdf,sn74hc2961.png
sn74hc2962,Components,fail:alldatasheet_no_download_link,https://www.alldatasheet.com/,sn74hc2962.pdf,sn74hc2962.png
sn74hc2967,Components,fail:alldatasheet_no_download_link,https://www.alldatasheet.com/,sn74hc2967.pdf,sn74hc2967.png
sn74hc2968,Components,fail:alldatasheet_no_download_link,https://www.alldatasheet.com/,sn74hc2968.pdf,sn74hc2968.png
sn74hc2969,Components,fail:alldatasheet_no_download_link,https://www.alldatasheet.com/,sn74hc2969.pdf,sn74hc2969.png
sn74hc2970,Components,fail:alldatasheet_no_download_link,https://www.alldatasheet.com/,sn74hc2970.pdf,sn74hc2970.png
sn74hc2982,Components,fail:alldatasheet_no_download_link,https://www.alldatasheet.com/,sn74hc2982.pdf,sn74hc2982.png
sn74hc2984,Components,fail:alldatasheet_no_download_link,https://www.alldatasheet.com/,sn74hc2984.pdf,sn74hc2984.png
sn74hc2985,Components,fail:alldatasheet_no_download_link,https://www.alldatasheet.com/,sn74hc2985.pdf,sn74hc2985.png
sn74hc2986,Components,fail:alldatasheet_no_download_link,https://www.alldatasheet.com/,sn74hc2986.pdf,sn74hc2986.png
sn74hc2999,Components,fail:alldatasheet_no_download_link,https://www.alldatasheet.com/,sn74hc2999.pdf,sn74hc2999.png
sn74hc3000,Components,fail:alldatasheet_no_download_link,https://www.alldatasheet.com/,sn74hc3000.pdf,sn74hc3000.png
sn74hc3004,Components,fail:alldatasheet_no_download_link,https://www.alldatasheet.com/,sn74hc3004.pdf,sn74hc3004.png
sn74hc3037,Components,fail:alldatasheet_no_download_link,https://www.alldatasheet.com/,sn74hc3037.pdf,sn74hc3037.png
sn74hc3038,Components,fail:alldatasheet_no_download_link,https://www.alldatasheet.com/,sn74hc3038.pdf,sn74hc3038.png
sn74hc3040,Components,fail:alldatasheet_no_download_link,https://www.alldatasheet.com/,sn74hc3040.pdf,sn74hc3040.png
sn74hc3125,Components,fail:alldatasheet_no_download_link,https://www.alldatasheet.com/,sn74hc3125.pdf,sn74hc3125.png
sn74hc3126,Components,fail:alldatasheet_no_download_link,https://www.alldatasheet.com/,sn74hc3126.pdf,sn74hc3126.png
sn74hc3222,Components,fail:alldatasheet_no_download_link,https://www.alldatasheet.com/,sn74hc3222.pdf,sn74hc3222.png
sn74hc3223,Components,fail:alldatasheet_no_download_link,https://www.alldatasheet.com/,sn74hc3223.pdf,sn74hc3223.png
sn74hc3224,Components,fail:alldatasheet_no_download_link,https://www.alldatasheet.com/,sn74hc3224.pdf,sn74hc3224.png
sn74hc3231,Components,fail:alldatasheet_no_download_link,https://www.alldatasheet.com/,sn74hc3231.pdf,sn74hc3231.png
sn74hc3237,Components,fail:alldatasheet_no_download_link,https://www.alldatasheet.com/,sn74hc3237.pdf,sn74hc3237.png
sn74hc3242,Components,fail:alldatasheet_no_download_link,https://www.alldatasheet.com/,sn74hc3242.pdf,sn74hc3242.png
sn74hc3250,Components,fail:alldatasheet_no_download_link,https://www.alldatasheet.com/,sn74hc3250.pdf,sn74hc3250.png
sn74hc3251,Components,fail:alldatasheet_no_download_link,https://www.alldatasheet.com/,sn74hc3251.pdf,sn74hc3251.png
sn74hc3253,Components,fail:alldatasheet_no_download_link,https://www.alldatasheet.com/,sn74hc3253.pdf,sn74hc3253.png
sn74hc3254,Components,fail:alldatasheet_no_download_link,https://www.alldatasheet.com/,sn74hc3254.pdf,sn74hc3254.png
sn74hc3257,Components,fail:alldatasheet_no_download_link,https://www.alldatasheet.com/,sn74hc3257.pdf,sn74hc3257.png
sn74hc3283,Components,fail:alldatasheet_no_download_link,https://www.alldatasheet.com/,sn74hc3283.pdf,sn74hc3283.png
sn74hc3284,Components,fail:alldatasheet_no_download_link,https://www.alldatasheet.com/,sn74hc3284.pdf,sn74hc3284.png
sn74hc3297,Components,fail:alldatasheet_no_download_link,https://www.alldatasheet.com/,sn74hc3297.pdf,sn74hc3297.png
sn74hc3305,Components,fail:alldatasheet_no_download_link,https://www.alldatasheet.com/,sn74hc3305.pdf,sn74hc3305.png
sn74hc3306,Components,fail:alldatasheet_no_download_link,https://www.alldatasheet.com/,sn74hc3306.pdf,sn74hc3306.png
sn74hc3345,Components,fail:alldatasheet_no_download_link,https://www.alldatasheet.com/,sn74hc3345.pdf,sn74hc3345.png
sn74hc3374,Components,fail:alldatasheet_no_download_link,https://www.alldatasheet.com/,sn74hc3374.pdf,sn74hc3374.png
sn74hc3383,Components,fail:alldatasheet_no_download_link,https://www.alldatasheet.com/,sn74hc3383.pdf,sn74hc3383.png
sn74hc3384,Components,fail:alldatasheet_no_download_link,https://www.alldatasheet.com/,sn74hc3384.pdf,sn74hc3384.png
sn74hc3386,Components,fail:alldatasheet_no_download_link,https://www.alldatasheet.com/,sn74hc3386.pdf,sn74hc3386.png
sn74hc3390,Components,fail:alldatasheet_no_download_link,https://www.alldatasheet.com/,sn74hc3390.pdf,sn74hc3390.png
sn74hc3573,Components,fail:alldatasheet_no_download_link,https://www.alldatasheet.com/,sn74hc3573.pdf,sn74hc3573.png
sn74hc3574,Components,fail:alldatasheet_no_download_link,https://www.alldatasheet.com/,sn74hc3574.pdf,sn74hc3574.png
sn74hc3584,Components,fail:alldatasheet_no_download_link,https://www.alldatasheet.com/,sn74hc3584.pdf,sn74hc3584.png
sn74hc3611,Components,fail:alldatasheet_no_download_link,https://www.alldatasheet.com/,sn74hc3611.pdf,sn74hc3611.png
sn74hc3612,Components,fail:alldatasheet_no_download_link,https://www.alldatasheet.com/,sn74hc3612.pdf,sn74hc3612.png
sn74hc3613,Components,fail:alldatasheet_no_download_link,https://www.alldatasheet.com/,sn74hc3613.pdf,sn74hc3613.png
sn74hc3614,Components,fail:alldatasheet_no_download_link,https://www.alldatasheet.com/,sn74hc3614.pdf,sn74hc3614.png
sn74hc3622,Components,fail:alldatasheet_no_download_link,https://www.alldatasheet.com/,sn74hc3622.pdf,sn74hc3622.png
sn74hc3631,Components,fail:alldatasheet_no_download_link,https://www.alldatasheet.com/,sn74hc3631.pdf,sn74hc3631.png
sn74hc3632,Components,fail:alldatasheet_no_download_link,https://www.alldatasheet.com/,sn74hc3632.pdf,sn74hc3632.png
sn74hc3638,Components,fail:alldatasheet_no_download_link,https://www.alldatasheet.com/,sn74hc3638.pdf,sn74hc3638.png
sn74hc3641,Components,fail:alldatasheet_no_download_link,https://www.alldatasheet.com/,sn74hc3641.pdf,sn74hc3641.png
sn74hc3642,Components,fail:alldatasheet_no_download_link,https://www.alldatasheet.com/,sn74hc3642.pdf,sn74hc3642.png
sn74hc3651,Components,fail:alldatasheet_no_download_link,https://www.alldatasheet.com/,sn74hc3651.pdf,sn74hc3651.png
sn74hc3708,Components,fail:alldatasheet_no_download_link,https://www.alldatasheet.com/,sn74hc3708.pdf,sn74hc3708.png
sn74hc3807,Components,fail:alldatasheet_no_download_link,https://www.alldatasheet.com/,sn74hc3807.pdf,sn74hc3807.png
sn74hc3827,Components,fail:alldatasheet_no_download_link,https://www.alldatasheet.com/,sn74hc3827.pdf,sn74hc3827.png
sn74hc3861,Components,fail:alldatasheet_no_download_link,https://www.alldatasheet.com/,sn74hc3861.pdf,sn74hc3861.png
sn74hc3862,Components,fail:alldatasheet_no_download_link,https://www.alldatasheet.com/,sn74hc3862.pdf,sn74hc3862.png
sn74hc3893,Components,fail:alldatasheet_no_download_link,https://www.alldatasheet.com/,sn74hc3893.pdf,sn74hc3893.png
sn74hc3907,Components,fail:alldatasheet_no_download_link,https://www.alldatasheet.com/,sn74hc3907.pdf,sn74hc3907.png
sn74hc3932,Components,fail:alldatasheet_no_download_link,https://www.alldatasheet.com/,sn74hc3932.pdf,sn74hc3932.png
sn74hc3999,Components,fail:alldatasheet_no_download_link,https://www.alldatasheet.com/,sn74hc3999.pdf,sn74hc3999.png
sn74hc4000,Components,fail:alldatasheet_no_download_link,https://www.alldatasheet.com/,sn74hc4000.pdf,sn74hc4000.png
sn74hc4002,Components,fail:alldatasheet_no_download_link,https://www.alldatasheet.com/,sn74hc4002.pdf,sn74hc4002.png
sn74hc4010,Components,fail:alldatasheet_no_download_link,https://www.alldatasheet.com/,sn74hc4010.pdf,sn74hc4010.png
sn74hc4015,Components,fail:alldatasheet_no_download_link,https://www.alldatasheet.com/,sn74hc4015.pdf,sn74hc4015.png
sn74hc4016,Components,fail:alldatasheet_no_download_link,https://www.alldatasheet.com/,sn74hc4016.pdf,sn74hc4016.png
sn74hc4017,Components,fail:alldatasheet_no_download_link,https://www.alldatasheet.com/,sn74hc4017.pdf,sn74hc4017.png
sn74hc4020,Components,ok_no_thumb:thumb_missing,https://www.ti.com/lit/ds/symlink/sn74hc4020.pdf,sn74hc4020.pdf,
sn74hc4022,Components,fail:alldatasheet_no_download_link,https://www.alldatasheet.com/,sn74hc4022.pdf,sn74hc4022.png
sn74hc4024,Components,fail:alldatasheet_no_download_link,https://www.alldatasheet.com/,sn74hc4024.pdf,sn74hc4024.png
sn74hc4028,Components,fail:alldatasheet_no_download_link,https://www.alldatasheet.com/,sn74hc4028.pdf,sn74hc4028.png
sn74hc4040,Components,skip_exists,,sn74hc4040.pdf,sn74hc4040.png
sn74hc4046,Components,fail:alldatasheet_no_download_link,https://www.alldatasheet.com/,sn74hc4046.pdf,sn74hc4046.png
sn74hc4049,Components,fail:alldatasheet_no_download_link,https://www.alldatasheet.com/,sn74hc4049.pdf,sn74hc4049.png
sn74hc4050,Components,fail:alldatasheet_no_download_link,https://www.alldatasheet.com/,sn74hc4050.pdf,sn74hc4050.png
sn74hc4051,Components,fail:alldatasheet_no_download_link,https://www.alldatasheet.com/,sn74hc4051.pdf,sn74hc4051.png
sn74hc4052,Components,fail:alldatasheet_no_download_link,https://www.alldatasheet.com/,sn74hc4052.pdf,sn74hc4052.png
sn74hc4053,Components,fail:alldatasheet_no_download_link,https://www.alldatasheet.com/,sn74hc4053.pdf,sn74hc4053.png
sn74hc4059,Components,fail:alldatasheet_no_download_link,https://www.alldatasheet.com/,sn74hc4059.pdf,sn74hc4059.png
sn74hc4060,Components,skip_exists,,sn74hc4060.pdf,sn74hc4060.png
sn74hc4061,Components,fail:alldatasheet_no_download_link,https://www.alldatasheet.com/,sn74hc4061.pdf,sn74hc4061.png
sn74hc4066,Components,skip_exists,,sn74hc4066.pdf,sn74hc4066.png
sn74hc4067,Components,fail:alldatasheet_no_download_link,https://www.alldatasheet.com/,sn74hc4067.pdf,sn74hc4067.png
sn74hc4072,Components,fail:alldatasheet_no_download_link,https://www.alldatasheet.com/,sn74hc4072.pdf,sn74hc4072.png
sn74hc4075,Components,fail:alldatasheet_no_download_link,https://www.alldatasheet.com/,sn74hc4075.pdf,sn74hc4075.png
sn74hc4078,Components,fail:alldatasheet_no_download_link,https://www.alldatasheet.com/,sn74hc4078.pdf,sn74hc4078.png
sn74hc4094,Components,fail:alldatasheet_no_download_link,https://www.alldatasheet.com/,sn74hc4094.pdf,sn74hc4094.png
sn74hc4102,Components,fail:alldatasheet_no_download_link,https://www.alldatasheet.com/,sn74hc4102.pdf,sn74hc4102.png
sn74hc4103,Components,fail:alldatasheet_no_download_link,https://www.alldatasheet.com/,sn74hc4103.pdf,sn74hc4103.png
sn74hc4245,Components,fail:alldatasheet_no_download_link,https://www.alldatasheet.com/,sn74hc4245.pdf,sn74hc4245.png
sn74hc4301,Components,fail:alldatasheet_no_download_link,https://www.alldatasheet.com/,sn74hc4301.pdf,sn74hc4301.png
sn74hc4302,Components,fail:alldatasheet_no_download_link,https://www.alldatasheet.com/,sn74hc4302.pdf,sn74hc4302.png
sn74hc4303,Components,fail:alldatasheet_no_download_link,https://www.alldatasheet.com/,sn74hc4303.pdf,sn74hc4303.png
sn74hc4304,Components,fail:alldatasheet_no_download_link,https://www.alldatasheet.com/,sn74hc4304.pdf,sn74hc4304.png
sn74hc4305,Components,fail:alldatasheet_no_download_link,https://www.alldatasheet.com/,sn74hc4305.pdf,sn74hc4305.png
sn74hc4306,Components,fail:alldatasheet_no_download_link,https://www.alldatasheet.com/,sn74hc4306.pdf,sn74hc4306.png
sn74hc4316,Components,fail:alldatasheet_no_download_link,https://www.alldatasheet.com/,sn74hc4316.pdf,sn74hc4316.png
sn74hc4351,Components,fail:alldatasheet_no_download_link,https://www.alldatasheet.com/,sn74hc4351.pdf,sn74hc4351.png
sn74hc4352,Components,fail:alldatasheet_no_download_link,https://www.alldatasheet.com/,sn74hc4352.pdf,sn74hc4352.png
sn74hc4353,Components,fail:alldatasheet_no_download_link,https://www.alldatasheet.com/,sn74hc4353.pdf,sn74hc4353.png
sn74hc4374,Components,fail:alldatasheet_no_download_link,https://www.alldatasheet.com/,sn74hc4374.pdf,sn74hc4374.png
sn74hc4503,Components,fail:alldatasheet_no_download_link,https://www.alldatasheet.com/,sn74hc4503.pdf,sn74hc4503.png
sn74hc4510,Components,fail:alldatasheet_no_download_link,https://www.alldatasheet.com/,sn74hc4510.pdf,sn74hc4510.png
sn74hc4511,Components,fail:alldatasheet_no_download_link,https://www.alldatasheet.com/,sn74hc4511.pdf,sn74hc4511.png
sn74hc4514,Components,fail:alldatasheet_no_download_link,https://www.alldatasheet.com/,sn74hc4514.pdf,sn74hc4514.png
sn74hc4515,Components,fail:alldatasheet_no_download_link,https://www.alldatasheet.com/,sn74hc4515.pdf,sn74hc4515.png
sn74hc4516,Components,fail:alldatasheet_no_download_link,https://www.alldatasheet.com/,sn74hc4516.pdf,sn74hc4516.png
sn74hc4518,Components,fail:alldatasheet_no_download_link,https://www.alldatasheet.com/,sn74hc4518.pdf,sn74hc4518.png
sn74hc4520,Components,fail:alldatasheet_no_download_link,https://www.alldatasheet.com/,sn74hc4520.pdf,sn74hc4520.png
sn74hc4538,Components,fail:alldatasheet_no_download_link,https://www.alldatasheet.com/,sn74hc4538.pdf,sn74hc4538.png
sn74hc4543,Components,fail:alldatasheet_no_download_link,https://www.alldatasheet.com/,sn74hc4543.pdf,sn74hc4543.png
sn74hc4560,Components,fail:alldatasheet_no_download_link,https://www.alldatasheet.com/,sn74hc4560.pdf,sn74hc4560.png
sn74hc4724,Components,fail:alldatasheet_no_download_link,https://www.alldatasheet.com/,sn74hc4724.pdf,sn74hc4724.png
sn74hc4764,Components,fail:alldatasheet_no_download_link,https://www.alldatasheet.com/,sn74hc4764.pdf,sn74hc4764.png
sn74hc4799,Components,fail:alldatasheet_no_download_link,https://www.alldatasheet.com/,sn74hc4799.pdf,sn74hc4799.png
sn74hc4851,Components,ok_no_thumb:thumb_missing,https://www.ti.com/lit/ds/symlink/sn74hc4851.pdf,sn74hc4851.pdf,
sn74hc4852,Components,ok_no_thumb:thumb_missing,https://www.ti.com/lit/ds/symlink/sn74hc4852.pdf,sn74hc4852.pdf,
sn74hc5074,Components,fail:alldatasheet_no_download_link,https://www.alldatasheet.com/,sn74hc5074.pdf,sn74hc5074.png
sn74hc5245,Components,fail:alldatasheet_no_download_link,https://www.alldatasheet.com/,sn74hc5245.pdf,sn74hc5245.png
sn74hc5300,Components,fail:alldatasheet_no_download_link,https://www.alldatasheet.com/,sn74hc5300.pdf,sn74hc5300.png
sn74hc5302,Components,fail:alldatasheet_no_download_link,https://www.alldatasheet.com/,sn74hc5302.pdf,sn74hc5302.png
sn74hc5400,Components,fail:alldatasheet_no_download_link,https://www.alldatasheet.com/,sn74hc5400.pdf,sn74hc5400.png
sn74hc5401,Components,fail:alldatasheet_no_download_link,https://www.alldatasheet.com/,sn74hc5401.pdf,sn74hc5401.png
sn74hc5402,Components,fail:alldatasheet_no_download_link,https://www.alldatasheet.com/,sn74hc5402.pdf,sn74hc5402.png
sn74hc5403,Components,fail:alldatasheet_no_download_link,https://www.alldatasheet.com/,sn74hc5403.pdf,sn74hc5403.png
sn74hc5555,Components,fail:alldatasheet_no_download_link,https://www.alldatasheet.com/,sn74hc5555.pdf,sn74hc5555.png
sn74hc5620,Components,fail:alldatasheet_no_download_link,https://www.alldatasheet.com/,sn74hc5620.pdf,sn74hc5620.png
sn74hc5999,Components,fail:alldatasheet_no_download_link,https://www.alldatasheet.com/,sn74hc5999.pdf,sn74hc5999.png
sn74hc6000,Components,fail:alldatasheet_no_download_link,https://www.alldatasheet.com/,sn74hc6000.pdf,sn74hc6000.png
sn74hc6001,Components,fail:alldatasheet_no_download_link,https://www.alldatasheet.com/,sn74hc6001.pdf,sn74hc6001.png
sn74hc6010,Components,fail:alldatasheet_no_download_link,https://www.alldatasheet.com/,sn74hc6010.pdf,sn74hc6010.png
sn74hc6011,Components,fail:alldatasheet_no_download_link,https://www.alldatasheet.com/,sn74hc6011.pdf,sn74hc6011.png
sn74hc6300,Components,fail:alldatasheet_no_download_link,https://www.alldatasheet.com/,sn74hc6300.pdf,sn74hc6300.png
sn74hc6301,Components,fail:alldatasheet_no_download_link,https://www.alldatasheet.com/,sn74hc6301.pdf,sn74hc6301.png
sn74hc6302,Components,fail:alldatasheet_no_download_link,https://www.alldatasheet.com/,sn74hc6302.pdf,sn74hc6302.png
sn74hc6310,Components,fail:alldatasheet_no_download_link,https://www.alldatasheet.com/,sn74hc6310.pdf,sn74hc6310.png
sn74hc6311,Components,fail:alldatasheet_no_download_link,https://www.alldatasheet.com/,sn74hc6311.pdf,sn74hc6311.png
sn74hc6323,Components,fail:alldatasheet_no_download_link,https://www.alldatasheet.com/,sn74hc6323.pdf,sn74hc6323.png
sn74hc6364,Components,fail:alldatasheet_no_download_link,https://www.alldatasheet.com/,sn74hc6364.pdf,sn74hc6364.png
sn74hc6800,Components,fail:alldatasheet_no_download_link,https://www.alldatasheet.com/,sn74hc6800.pdf,sn74hc6800.png
sn74hc6845,Components,fail:alldatasheet_no_download_link,https://www.alldatasheet.com/,sn74hc6845.pdf,sn74hc6845.png
sn74hc7001,Components,ok_no_thumb:thumb_missing,https://www.ti.com/lit/ds/symlink/sn74hc7001.pdf,sn74hc7001.pdf,
sn74hc7002,Components,ok_no_thumb:thumb_missing,https://www.ti.com/lit/ds/symlink/sn74hc7002.pdf,sn74hc7002.pdf,
sn74hc7003,Components,fail:alldatasheet_no_download_link,https://www.alldatasheet.com/,sn74hc7003.pdf,sn74hc7003.png
sn74hc7006,Components,fail:alldatasheet_no_download_link,https://www.alldatasheet.com/,sn74hc7006.pdf,sn74hc7006.png
sn74hc7007,Components,fail:alldatasheet_no_download_link,https://www.alldatasheet.com/,sn74hc7007.pdf,sn74hc7007.png
sn74hc7008,Components,fail:alldatasheet_no_download_link,https://www.alldatasheet.com/,sn74hc7008.pdf,sn74hc7008.png
sn74hc7014,Components,fail:alldatasheet_no_download_link,https://www.alldatasheet.com/,sn74hc7014.pdf,sn74hc7014.png
sn74hc7022,Components,fail:alldatasheet_no_download_link,https://www.alldatasheet.com/,sn74hc7022.pdf,sn74hc7022.png
sn74hc7030,Components,fail:alldatasheet_no_download_link,https://www.alldatasheet.com/,sn74hc7030.pdf,sn74hc7030.png
sn74hc7032,Components,ok_no_thumb:thumb_missing,https://www.ti.com/lit/ds/symlink/sn74hc7032.pdf,sn74hc7032.pdf,
sn74hc7038,Components,fail:alldatasheet_no_download_link,https://www.alldatasheet.com/,sn74hc7038.pdf,sn74hc7038.png
sn74hc7046,Components,fail:alldatasheet_no_download_link,https://www.alldatasheet.com/,sn74hc7046.pdf,sn74hc7046.png
sn74hc7060,Components,fail:alldatasheet_no_download_link,https://www.alldatasheet.com/,sn74hc7060.pdf,sn74hc7060.png
sn74hc7074,Components,fail:alldatasheet_no_download_link,https://www.alldatasheet.com/,sn74hc7074.pdf,sn74hc7074.png
sn74hc7075,Components,fail:alldatasheet_no_download_link,https://www.alldatasheet.com/,sn74hc7075.pdf,sn74hc7075.png
sn74hc7076,Components,fail:alldatasheet_no_download_link,https://www.alldatasheet.com/,sn74hc7076.pdf,sn74hc7076.png
sn74hc7080,Components,fail:alldatasheet_no_download_link,https://www.alldatasheet.com/,sn74hc7080.pdf,sn74hc7080.png
sn74hc7132,Components,fail:alldatasheet_no_download_link,https://www.alldatasheet.com/,sn74hc7132.pdf,sn74hc7132.png
sn74hc7200,Components,fail:alldatasheet_no_download_link,https://www.alldatasheet.com/,sn74hc7200.pdf,sn74hc7200.png
sn74hc7201,Components,fail:alldatasheet_no_download_link,https://www.alldatasheet.com/,sn74hc7201.pdf,sn74hc7201.png
sn74hc7202,Components,fail:alldatasheet_no_download_link,https://www.alldatasheet.com/,sn74hc7202.pdf,sn74hc7202.png
sn74hc7203,Components,fail:alldatasheet_no_download_link,https://www.alldatasheet.com/,sn74hc7203.pdf,sn74hc7203.png
sn74hc7205,Components,fail:alldatasheet_no_download_link,https://www.alldatasheet.com/,sn74hc7205.pdf,sn74hc7205.png
sn74hc7206,Components,fail:alldatasheet_no_download_link,https://www.alldatasheet.com/,sn74hc7206.pdf,sn74hc7206.png
sn74hc7240,Components,fail:alldatasheet_no_download_link,https://www.alldatasheet.com/,sn74hc7240.pdf,sn74hc7240.png
sn74hc7241,Components,fail:alldatasheet_no_download_link,https://www.alldatasheet.com/,sn74hc7241.pdf,sn74hc7241.png
sn74hc7244,Components,fail:alldatasheet_no_download_link,https://www.alldatasheet.com/,sn74hc7244.pdf,sn74hc7244.png
sn74hc7245,Components,fail:alldatasheet_no_download_link,https://www.alldatasheet.com/,sn74hc7245.pdf,sn74hc7245.png
sn74hc7266,Components,fail:alldatasheet_no_download_link,https://www.alldatasheet.com/,sn74hc7266.pdf,sn74hc7266.png
sn74hc7273,Components,fail:alldatasheet_no_download_link,https://www.alldatasheet.com/,sn74hc7273.pdf,sn74hc7273.png
sn74hc7292,Components,fail:alldatasheet_no_download_link,https://www.alldatasheet.com/,sn74hc7292.pdf,sn74hc7292.png
sn74hc7294,Components,fail:alldatasheet_no_download_link,https://www.alldatasheet.com/,sn74hc7294.pdf,sn74hc7294.png
sn74hc7340,Components,fail:alldatasheet_no_download_link,https://www.alldatasheet.com/,sn74hc7340.pdf,sn74hc7340.png
sn74hc7403,Components,fail:alldatasheet_no_download_link,https://www.alldatasheet.com/,sn74hc7403.pdf,sn74hc7403.png
sn74hc7404,Components,fail:alldatasheet_no_download_link,https://www.alldatasheet.com/,sn74hc7404.pdf,sn74hc7404.png
sn74hc7540,Components,fail:alldatasheet_no_download_link,https://www.alldatasheet.com/,sn74hc7540.pdf,sn74hc7540.png
sn74hc7541,Components,fail:alldatasheet_no_download_link,https://www.alldatasheet.com/,sn74hc7541.pdf,sn74hc7541.png
sn74hc7597,Components,fail:alldatasheet_no_download_link,https://www.alldatasheet.com/,sn74hc7597.pdf,sn74hc7597.png
sn74hc7623,Components,fail:alldatasheet_no_download_link,https://www.alldatasheet.com/,sn74hc7623.pdf,sn74hc7623.png
sn74hc7640,Components,fail:alldatasheet_no_download_link,https://www.alldatasheet.com/,sn74hc7640.pdf,sn74hc7640.png
sn74hc7643,Components,fail:alldatasheet_no_download_link,https://www.alldatasheet.com/,sn74hc7643.pdf,sn74hc7643.png
sn74hc7645,Components,fail:alldatasheet_no_download_link,https://www.alldatasheet.com/,sn74hc7645.pdf,sn74hc7645.png
sn74hc7731,Components,fail:alldatasheet_no_download_link,https://www.alldatasheet.com/,sn74hc7731.pdf,sn74hc7731.png
sn74hc7793,Components,fail:alldatasheet_no_download_link,https://www.alldatasheet.com/,sn74hc7793.pdf,sn74hc7793.png
sn74hc7801,Components,fail:alldatasheet_no_download_link,https://www.alldatasheet.com/,sn74hc7801.pdf,sn74hc7801.png
sn74hc7802,Components,fail:alldatasheet_no_download_link,https://www.alldatasheet.com/,sn74hc7802.pdf,sn74hc7802.png
sn74hc7803,Components,fail:alldatasheet_no_download_link,https://www.alldatasheet.com/,sn74hc7803.pdf,sn74hc7803.png
sn74hc7804,Components,fail:alldatasheet_no_download_link,https://www.alldatasheet.com/,sn74hc7804.pdf,sn74hc7804.png
sn74hc7805,Components,fail:alldatasheet_no_download_link,https://www.alldatasheet.com/,sn74hc7805.pdf,sn74hc7805.png
sn74hc7806,Components,fail:alldatasheet_no_download_link,https://www.alldatasheet.com/,sn74hc7806.pdf,sn74hc7806.png
sn74hc7807,Components,fail:alldatasheet_no_download_link,https://www.alldatasheet.com/,sn74hc7807.pdf,sn74hc7807.png
sn74hc7808,Components,fail:alldatasheet_no_download_link,https://www.alldatasheet.com/,sn74hc7808.pdf,sn74hc7808.png
sn74hc7811,Components,fail:alldatasheet_no_download_link,https://www.alldatasheet.com/,sn74hc7811.pdf,sn74hc7811.png
sn74hc7813,Components,fail:alldatasheet_no_download_link,https://www.alldatasheet.com/,sn74hc7813.pdf,sn74hc7813.png
sn74hc7814,Components,fail:alldatasheet_no_download_link,https://www.alldatasheet.com/,sn74hc7814.pdf,sn74hc7814.png
sn74hc7815,Components,fail:alldatasheet_no_download_link,https://www.alldatasheet.com/,sn74hc7815.pdf,sn74hc7815.png
sn74hc7816,Components,fail:alldatasheet_no_download_link,https://www.alldatasheet.com/,sn74hc7816.pdf,sn74hc7816.png
sn74hc7817,Components,fail:alldatasheet_no_download_link,https://www.alldatasheet.com/,sn74hc7817.pdf,sn74hc7817.png
sn74hc7818,Components,fail:alldatasheet_no_download_link,https://www.alldatasheet.com/,sn74hc7818.pdf,sn74hc7818.png
sn74hc7819,Components,fail:alldatasheet_no_download_link,https://www.alldatasheet.com/,sn74hc7819.pdf,sn74hc7819.png
sn74hc7820,Components,fail:alldatasheet_no_download_link,https://www.alldatasheet.com/,sn74hc7820.pdf,sn74hc7820.png
sn74hc7821,Components,fail:alldatasheet_no_download_link,https://www.alldatasheet.com/,sn74hc7821.pdf,sn74hc7821.png
sn74hc7822,Components,fail:alldatasheet_no_download_link,https://www.alldatasheet.com/,sn74hc7822.pdf,sn74hc7822.png
sn74hc7823,Components,fail:alldatasheet_no_download_link,https://www.alldatasheet.com/,sn74hc7823.pdf,sn74hc7823.png
sn74hc7881,Components,fail:alldatasheet_no_download_link,https://www.alldatasheet.com/,sn74hc7881.pdf,sn74hc7881.png
sn74hc7882,Components,fail:alldatasheet_no_download_link,https://www.alldatasheet.com/,sn74hc7882.pdf,sn74hc7882.png
sn74hc7884,Components,fail:alldatasheet_no_download_link,https://www.alldatasheet.com/,sn74hc7884.pdf,sn74hc7884.png
sn74hc8003,Components,fail:alldatasheet_no_download_link,https://www.alldatasheet.com/,sn74hc8003.pdf,sn74hc8003.png
sn74hc8151,Components,fail:alldatasheet_no_download_link,https://www.alldatasheet.com/,sn74hc8151.pdf,sn74hc8151.png
sn74hc8153,Components,fail:alldatasheet_no_download_link,https://www.alldatasheet.com/,sn74hc8153.pdf,sn74hc8153.png
sn74hc8154,Components,fail:alldatasheet_no_download_link,https://www.alldatasheet.com/,sn74hc8154.pdf,sn74hc8154.png
sn74hc8161,Components,fail:alldatasheet_no_download_link,https://www.alldatasheet.com/,sn74hc8161.pdf,sn74hc8161.png
sn74hc8240,Components,fail:alldatasheet_no_download_link,https://www.alldatasheet.com/,sn74hc8240.pdf,sn74hc8240.png
sn74hc8244,Components,fail:alldatasheet_no_download_link,https://www.alldatasheet.com/,sn74hc8244.pdf,sn74hc8244.png
sn74hc8245,Components,fail:alldatasheet_no_download_link,https://www.alldatasheet.com/,sn74hc8245.pdf,sn74hc8245.png
sn74hc8373,Components,fail:alldatasheet_no_download_link,https://www.alldatasheet.com/,sn74hc8373.pdf,sn74hc8373.png
sn74hc8374,Components,fail:alldatasheet_no_download_link,https://www.alldatasheet.com/,sn74hc8374.pdf,sn74hc8374.png
sn74hc8400,Components,fail:alldatasheet_no_download_link,https://www.alldatasheet.com/,sn74hc8400.pdf,sn74hc8400.png
sn74hc8541,Components,fail:alldatasheet_no_download_link,https://www.alldatasheet.com/,sn74hc8541.pdf,sn74hc8541.png
sn74hc8543,Components,fail:alldatasheet_no_download_link,https://www.alldatasheet.com/,sn74hc8543.pdf,sn74hc8543.png
sn74hc8646,Components,fail:alldatasheet_no_download_link,https://www.alldatasheet.com/,sn74hc8646.pdf,sn74hc8646.png
sn74hc8652,Components,fail:alldatasheet_no_download_link,https://www.alldatasheet.com/,sn74hc8652.pdf,sn74hc8652.png
sn74hc8818,Components,fail:alldatasheet_no_download_link,https://www.alldatasheet.com/,sn74hc8818.pdf,sn74hc8818.png
sn74hc8832,Components,fail:alldatasheet_no_download_link,https://www.alldatasheet.com/,sn74hc8832.pdf,sn74hc8832.png
sn74hc8834,Components,fail:alldatasheet_no_download_link,https://www.alldatasheet.com/,sn74hc8834.pdf,sn74hc8834.png
sn74hc8835,Components,fail:alldatasheet_no_download_link,https://www.alldatasheet.com/,sn74hc8835.pdf,sn74hc8835.png
sn74hc8836,Components,fail:alldatasheet_no_download_link,https://www.alldatasheet.com/,sn74hc8836.pdf,sn74hc8836.png
sn74hc8837,Components,fail:alldatasheet_no_download_link,https://www.alldatasheet.com/,sn74hc8837.pdf,sn74hc8837.png
sn74hc8838,Components,fail:alldatasheet_no_download_link,https://www.alldatasheet.com/,sn74hc8838.pdf,sn74hc8838.png
sn74hc8839,Components,fail:alldatasheet_no_download_link,https://www.alldatasheet.com/,sn74hc8839.pdf,sn74hc8839.png
sn74hc8840,Components,fail:alldatasheet_no_download_link,https://www.alldatasheet.com/,sn74hc8840.pdf,sn74hc8840.png
sn74hc8841,Components,fail:alldatasheet_no_download_link,https://www.alldatasheet.com/,sn74hc8841.pdf,sn74hc8841.png
sn74hc8847,Components,fail:alldatasheet_no_download_link,https://www.alldatasheet.com/,sn74hc8847.pdf,sn74hc8847.png
sn74hc8867,Components,fail:alldatasheet_no_download_link,https://www.alldatasheet.com/,sn74hc8867.pdf,sn74hc8867.png
sn74hc8952,Components,fail:alldatasheet_no_download_link,https://www.alldatasheet.com/,sn74hc8952.pdf,sn74hc8952.png
sn74hc8960,Components,fail:alldatasheet_no_download_link,https://www.alldatasheet.com/,sn74hc8960.pdf,sn74hc8960.png
sn74hc8961,Components,fail:alldatasheet_no_download_link,https://www.alldatasheet.com/,sn74hc8961.pdf,sn74hc8961.png
sn74hc8962,Components,fail:alldatasheet_no_download_link,https://www.alldatasheet.com/,sn74hc8962.pdf,sn74hc8962.png
sn74hc8963,Components,fail:alldatasheet_no_download_link,https://www.alldatasheet.com/,sn74hc8963.pdf,sn74hc8963.png
sn74hc8965,Components,fail:alldatasheet_no_download_link,https://www.alldatasheet.com/,sn74hc8965.pdf,sn74hc8965.png
sn74hc8966,Components,fail:alldatasheet_no_download_link,https://www.alldatasheet.com/,sn74hc8966.pdf,sn74hc8966.png
sn74hc8980,Components,fail:alldatasheet_no_download_link,https://www.alldatasheet.com/,sn74hc8980.pdf,sn74hc8980.png
sn74hc8986,Components,fail:alldatasheet_no_download_link,https://www.alldatasheet.com/,sn74hc8986.pdf,sn74hc8986.png
sn74hc8990,Components,fail:alldatasheet_no_download_link,https://www.alldatasheet.com/,sn74hc8990.pdf,sn74hc8990.png
sn74hc8994,Components,fail:alldatasheet_no_download_link,https://www.alldatasheet.com/,sn74hc8994.pdf,sn74hc8994.png
sn74hc8996,Components,fail:alldatasheet_no_download_link,https://www.alldatasheet.com/,sn74hc8996.pdf,sn74hc8996.png
sn74hc8997,Components,fail:alldatasheet_no_download_link,https://www.alldatasheet.com/,sn74hc8997.pdf,sn74hc8997.png
sn74hc8999,Components,fail:alldatasheet_no_download_link,https://www.alldatasheet.com/,sn74hc8999.pdf,sn74hc8999.png
sn74hc9000,Components,fail:alldatasheet_no_download_link,https://www.alldatasheet.com/,sn74hc9000.pdf,sn74hc9000.png
sn74hc9014,Components,fail:alldatasheet_no_download_link,https://www.alldatasheet.com/,sn74hc9014.pdf,sn74hc9014.png
sn74hc9015,Components,fail:alldatasheet_no_download_link,https://www.alldatasheet.com/,sn74hc9015.pdf,sn74hc9015.png
sn74hc9034,Components,fail:alldatasheet_no_download_link,https://www.alldatasheet.com/,sn74hc9034.pdf,sn74hc9034.png
sn74hc9035,Components,fail:alldatasheet_no_download_link,https://www.alldatasheet.com/,sn74hc9035.pdf,sn74hc9035.png
sn74hc9046,Components,fail:alldatasheet_no_download_link,https://www.alldatasheet.com/,sn74hc9046.pdf,sn74hc9046.png
sn74hc9114,Components,fail:alldatasheet_no_download_link,https://www.alldatasheet.com/,sn74hc9114.pdf,sn74hc9114.png
sn74hc9115,Components,fail:alldatasheet_no_download_link,https://www.alldatasheet.com/,sn74hc9115.pdf,sn74hc9115.png
sn74hc9134,Components,fail:alldatasheet_no_download_link,https://www.alldatasheet.com/,sn74hc9134.pdf,sn74hc9134.png
sn74hc9135,Components,fail:alldatasheet_no_download_link,https://www.alldatasheet.com/,sn74hc9135.pdf,sn74hc9135.png
sn74hc9164,Components,fail:alldatasheet_no_download_link,https://www.alldatasheet.com/,sn74hc9164.pdf,sn74hc9164.png
sn74hc9240,Components,fail:alldatasheet_no_download_link,https://www.alldatasheet.com/,sn74hc9240.pdf,sn74hc9240.png
sn74hc9244,Components,fail:alldatasheet_no_download_link,https://www.alldatasheet.com/,sn74hc9244.pdf,sn74hc9244.png
sn74hc9245,Components,fail:alldatasheet_no_download_link,https://www.alldatasheet.com/,sn74hc9245.pdf,sn74hc9245.png
sn74hc9323,Components,fail:alldatasheet_no_download_link,https://www.alldatasheet.com/,sn74hc9323.pdf,sn74hc9323.png
sn74hc9510,Components,fail:alldatasheet_no_download_link,https://www.alldatasheet.com/,sn74hc9510.pdf,sn74hc9510.png
sn74hc9541,Components,fail:alldatasheet_no_download_link,https://www.alldatasheet.com/,sn74hc9541.pdf,sn74hc9541.png
sn74hc9595,Components,fail:alldatasheet_no_download_link,https://www.alldatasheet.com/,sn74hc9595.pdf,sn74hc9595.png
sn74hct00,Components,ok_no_thumb:thumb_missing,https://www.ti.com/lit/ds/symlink/sn74hct00.pdf,sn74hct00.pdf,
sn74hct01,Components,fail:alldatasheet_no_download_link,https://www.alldatasheet.com/,sn74hct01.pdf,sn74hct01.png
sn74hct02,Components,ok_no_thumb:thumb_missing,https://www.ti.com/lit/ds/symlink/sn74hct02.pdf,sn74hct02.pdf,
sn74hct03,Components,fail:alldatasheet_no_download_link,https://www.alldatasheet.com/,sn74hct03.pdf,sn74hct03.png
sn74hct04,Components,ok_no_thumb:thumb_missing,https://www.ti.com/lit/ds/symlink/sn74hct04.pdf,sn74hct04.pdf,
sn74hct05,Components,fail:alldatasheet_no_download_link,https://www.alldatasheet.com/,sn74hct05.pdf,sn74hct05.png
sn74hct06,Components,fail:alldatasheet_no_download_link,https://www.alldatasheet.com/,sn74hct06.pdf,sn74hct06.png
sn74hct07,Components,fail:alldatasheet_no_download_link,https://www.alldatasheet.com/,sn74hct07.pdf,sn74hct07.png
sn74hct08,Components,ok_no_thumb:thumb_missing,https://www.ti.com/lit/ds/symlink/sn74hct08.pdf,sn74hct08.pdf,
sn74hct09,Components,fail:alldatasheet_no_download_link,https://www.alldatasheet.com/,sn74hct09.pdf,sn74hct09.png
sn74hct10,Components,fail:alldatasheet_no_download_link,https://www.alldatasheet.com/,sn74hct10.pdf,sn74hct10.png
sn74hct11,Components,fail:alldatasheet_no_download_link,https://www.alldatasheet.com/,sn74hct11.pdf,sn74hct11.png
sn74hct12,Components,fail:alldatasheet_no_download_link,https://www.alldatasheet.com/,sn74hct12.pdf,sn74hct12.png
sn74hct13,Components,fail:alldatasheet_no_download_link,https://www.alldatasheet.com/,sn74hct13.pdf,sn74hct13.png
sn74hct14,Components,ok_no_thumb:thumb_missing,https://www.ti.com/lit/ds/symlink/sn74hct14.pdf,sn74hct14.pdf,
sn74hct15,Components,fail:alldatasheet_no_download_link,https://www.alldatasheet.com/,sn74hct15.pdf,sn74hct15.png
sn74hct16,Components,fail:alldatasheet_no_download_link,https://www.alldatasheet.com/,sn74hct16.pdf,sn74hct16.png
sn74hct17,Components,fail:alldatasheet_no_download_link,https://www.alldatasheet.com/,sn74hct17.pdf,sn74hct17.png
sn74hct18,Components,fail:alldatasheet_no_download_link,https://www.alldatasheet.com/,sn74hct18.pdf,sn74hct18.png
sn74hct19,Components,fail:alldatasheet_no_download_link,https://www.alldatasheet.com/,sn74hct19.pdf,sn74hct19.png
sn74hct20,Components,fail:alldatasheet_no_download_link,https://www.alldatasheet.com/,sn74hct20.pdf,sn74hct20.png
sn74hct21,Components,fail:alldatasheet_no_download_link,https://www.alldatasheet.com/,sn74hct21.pdf,sn74hct21.png
sn74hct22,Components,fail:alldatasheet_no_download_link,https://www.alldatasheet.com/,sn74hct22.pdf,sn74hct22.png
sn74hct23,Components,fail:alldatasheet_no_download_link,https://www.alldatasheet.com/,sn74hct23.pdf,sn74hct23.png
sn74hct24,Components,fail:alldatasheet_no_download_link,https://www.alldatasheet.com/,sn74hct24.pdf,sn74hct24.png
sn74hct25,Components,fail:alldatasheet_no_download_link,https://www.alldatasheet.com/,sn74hct25.pdf,sn74hct25.png
sn74hct26,Components,fail:alldatasheet_no_download_link,https://www.alldatasheet.com/,sn74hct26.pdf,sn74hct26.png
sn74hct27,Components,fail:alldatasheet_no_download_link,https://www.alldatasheet.com/,sn74hct27.pdf,sn74hct27.png
sn74hct28,Components,fail:alldatasheet_no_download_link,https://www.alldatasheet.com/,sn74hct28.pdf,sn74hct28.png
sn74hct29,Components,fail:alldatasheet_no_download_link,https://www.alldatasheet.com/,sn74hct29.pdf,sn74hct29.png
sn74hct30,Components,fail:alldatasheet_no_download_link,https://www.alldatasheet.com/,sn74hct30.pdf,sn74hct30.png
sn74hct31,Components,fail:alldatasheet_no_download_link,https://www.alldatasheet.com/,sn74hct31.pdf,sn74hct31.png
sn74hct32,Components,ok_no_thumb:thumb_missing,https://www.ti.com/lit/ds/symlink/sn74hct32.pdf,sn74hct32.pdf,
sn74hct33,Components,fail:alldatasheet_no_download_link,https://www.alldatasheet.com/,sn74hct33.pdf,sn74hct33.png
sn74hct34,Components,fail:alldatasheet_no_download_link,https://www.alldatasheet.com/,sn74hct34.pdf,sn74hct34.png
sn74hct35,Components,fail:alldatasheet_no_download_link,https://www.alldatasheet.com/,sn74hct35.pdf,sn74hct35.png
sn74hct36,Components,fail:alldatasheet_no_download_link,https://www.alldatasheet.com/,sn74hct36.pdf,sn74hct36.png
sn74hct37,Components,fail:alldatasheet_no_download_link,https://www.alldatasheet.com/,sn74hct37.pdf,sn74hct37.png
sn74hct38,Components,fail:alldatasheet_no_download_link,https://www.alldatasheet.com/,sn74hct38.pdf,sn74hct38.png
sn74hct39,Components,fail:alldatasheet_no_download_link,https://www.alldatasheet.com/,sn74hct39.pdf,sn74hct39.png
sn74hct40,Components,fail:alldatasheet_no_download_link,https://www.alldatasheet.com/,sn74hct40.pdf,sn74hct40.png
sn74hct41,Components,fail:alldatasheet_no_download_link,https://www.alldatasheet.com/,sn74hct41.pdf,sn74hct41.png
sn74hct42,Components,fail:alldatasheet_no_download_link,https://www.alldatasheet.com/,sn74hct42.pdf,sn74hct42.png
sn74hct43,Components,fail:alldatasheet_no_download_link,https://www.alldatasheet.com/,sn74hct43.pdf,sn74hct43.png
sn74hct44,Components,fail:alldatasheet_no_download_link,https://www.alldatasheet.com/,sn74hct44.pdf,sn74hct44.png
sn74hct45,Components,fail:alldatasheet_no_download_link,https://www.alldatasheet.com/,sn74hct45.pdf,sn74hct45.png
sn74hct46,Components,fail:alldatasheet_no_download_link,https://www.alldatasheet.com/,sn74hct46.pdf,sn74hct46.png
sn74hct47,Components,fail:alldatasheet_no_download_link,https://www.alldatasheet.com/,sn74hct47.pdf,sn74hct47.png
sn74hct48,Components,fail:alldatasheet_no_download_link,https://www.alldatasheet.com/,sn74hct48.pdf,sn74hct48.png
sn74hct49,Components,fail:alldatasheet_no_download_link,https://www.alldatasheet.com/,sn74hct49.pdf,sn74hct49.png
sn74hct50,Components,fail:alldatasheet_no_download_link,https://www.alldatasheet.com/,sn74hct50.pdf,sn74hct50.png
sn74hct52,Components,fail:alldatasheet_no_download_link,https://www.alldatasheet.com/,sn74hct52.pdf,sn74hct52.png
sn74hct53,Components,fail:alldatasheet_no_download_link,https://www.alldatasheet.com/,sn74hct53.pdf,sn74hct53.png
sn74hct55,Components,fail:alldatasheet_no_download_link,https://www.alldatasheet.com/,sn74hct55.pdf,sn74hct55.png
sn74hct56,Components,fail:alldatasheet_no_download_link,https://www.alldatasheet.com/,sn74hct56.pdf,sn74hct56.png
sn74hct57,Components,fail:alldatasheet_no_download_link,https://www.alldatasheet.com/,sn74hct57.pdf,sn74hct57.png
sn74hct58,Components,fail:alldatasheet_no_download_link,https://www.alldatasheet.com/,sn74hct58.pdf,sn74hct58.png
sn74hct59,Components,fail:alldatasheet_no_download_link,https://www.alldatasheet.com/,sn74hct59.pdf,sn74hct59.png
sn74hct60,Components,fail:alldatasheet_no_download_link,https://www.alldatasheet.com/,sn74hct60.pdf,sn74hct60.png
sn74hct61,Components,fail:alldatasheet_no_download_link,https://www.alldatasheet.com/,sn74hct61.pdf,sn74hct61.png
sn74hct62,Components,fail:alldatasheet_no_download_link,https://www.alldatasheet.com/,sn74hct62.pdf,sn74hct62.png
sn74hct63,Components,fail:alldatasheet_no_download_link,https://www.alldatasheet.com/,sn74hct63.pdf,sn74hct63.png
sn74hct64,Components,fail:alldatasheet_no_download_link,https://www.alldatasheet.com/,sn74hct64.pdf,sn74hct64.png
sn74hct65,Components,fail:alldatasheet_no_download_link,https://www.alldatasheet.com/,sn74hct65.pdf,sn74hct65.png
sn74hct67,Components,fail:alldatasheet_no_download_link,https://www.alldatasheet.com/,sn74hct67.pdf,sn74hct67.png
sn74hct70,Components,fail:alldatasheet_no_download_link,https://www.alldatasheet.com/,sn74hct70.pdf,sn74hct70.png
sn74hct72,Components,fail:alldatasheet_no_download_link,https://www.alldatasheet.com/,sn74hct72.pdf,sn74hct72.png
sn74hct73,Components,fail:alldatasheet_no_download_link,https://www.alldatasheet.com/,sn74hct73.pdf,sn74hct73.png
sn74hct74,Components,ok_no_thumb:thumb_missing,https://www.ti.com/lit/ds/symlink/sn74hct74.pdf,sn74hct74.pdf,
sn74hct75,Components,fail:alldatasheet_no_download_link,https://www.alldatasheet.com/,sn74hct75.pdf,sn74hct75.png
sn74hct76,Components,fail:alldatasheet_no_download_link,https://www.alldatasheet.com/,sn74hct76.pdf,sn74hct76.png
sn74hct77,Components,fail:alldatasheet_no_download_link,https://www.alldatasheet.com/,sn74hct77.pdf,sn74hct77.png
sn74hct79,Components,fail:alldatasheet_no_download_link,https://www.alldatasheet.com/,sn74hct79.pdf,sn74hct79.png
sn74hct80,Components,fail:alldatasheet_no_download_link,https://www.alldatasheet.com/,sn74hct80.pdf,sn74hct80.png
sn74hct81,Components,fail:alldatasheet_no_download_link,https://www.alldatasheet.com/,sn74hct81.pdf,sn74hct81.png
sn74hct82,Components,fail:alldatasheet_no_download_link,https://www.alldatasheet.com/,sn74hct82.pdf,sn74hct82.png
sn74hct83,Components,fail:alldatasheet_no_download_link,https://www.alldatasheet.com/,sn74hct83.pdf,sn74hct83.png
sn74hct84,Components,fail:alldatasheet_no_download_link,https://www.alldatasheet.com/,sn74hct84.pdf,sn74hct84.png
sn74hct85,Components,fail:alldatasheet_no_download_link,https://www.alldatasheet.com/,sn74hct85.pdf,sn74hct85.png
sn74hct86,Components,fail:alldatasheet_no_download_link,https://www.alldatasheet.com/,sn74hct86.pdf,sn74hct86.png
sn74hct87,Components,fail:alldatasheet_no_download_link,https://www.alldatasheet.com/,sn74hct87.pdf,sn74hct87.png
sn74hct88,Components,fail:alldatasheet_no_download_link,https://www.alldatasheet.com/,sn74hct88.pdf,sn74hct88.png
sn74hct89,Components,fail:alldatasheet_no_download_link,https://www.alldatasheet.com/,sn74hct89.pdf,sn74hct89.png
sn74hct90,Components,fail:alldatasheet_no_download_link,https://www.alldatasheet.com/,sn74hct90.pdf,sn74hct90.png
sn74hct91,Components,fail:alldatasheet_no_download_link,https://www.alldatasheet.com/,sn74hct91.pdf,sn74hct91.png
sn74hct92,Components,fail:alldatasheet_no_download_link,https://www.alldatasheet.com/,sn74hct92.pdf,sn74hct92.png
sn74hct93,Components,fail:alldatasheet_no_download_link,https://www.alldatasheet.com/,sn74hct93.pdf,sn74hct93.png
sn74hct94,Components,fail:alldatasheet_no_download_link,https://www.alldatasheet.com/,sn74hct94.pdf,sn74hct94.png
sn74hct95,Components,fail:alldatasheet_no_download_link,https://www.alldatasheet.com/,sn74hct95.pdf,sn74hct95.png
sn74hct96,Components,fail:alldatasheet_no_download_link,https://www.alldatasheet.com/,sn74hct96.pdf,sn74hct96.png
sn74hct97,Components,fail:alldatasheet_no_download_link,https://www.alldatasheet.com/,sn74hct97.pdf,sn74hct97.png
sn74hct98,Components,fail:alldatasheet_no_download_link,https://www.alldatasheet.com/,sn74hct98.pdf,sn74hct98.png
sn74hct99,Components,fail:alldatasheet_no_download_link,https://www.alldatasheet.com/,sn74hct99.pdf,sn74hct99.png
sn74hct100,Components,fail:alldatasheet_no_download_link,https://www.alldatasheet.com/,sn74hct100.pdf,sn74hct100.png
sn74hct101,Components,fail:alldatasheet_no_download_link,https://www.alldatasheet.com/,sn74hct101.pdf,sn74hct101.png
sn74hct102,Components,fail:alldatasheet_no_download_link,https://www.alldatasheet.com/,sn74hct102.pdf,sn74hct102.png
sn74hct103,Components,fail:alldatasheet_no_download_link,https://www.alldatasheet.com/,sn74hct103.pdf,sn74hct103.png
sn74hct104,Components,fail:alldatasheet_no_download_link,https://www.alldatasheet.com/,sn74hct104.pdf,sn74hct104.png
sn74hct105,Components,fail:alldatasheet_no_download_link,https://www.alldatasheet.com/,sn74hct105.pdf,sn74hct105.png
sn74hct106,Components,fail:alldatasheet_no_download_link,https://www.alldatasheet.com/,sn74hct106.pdf,sn74hct106.png
sn74hct107,Components,fail:alldatasheet_no_download_link,https://www.alldatasheet.com/,sn74hct107.pdf,sn74hct107.png
sn74hct108,Components,fail:alldatasheet_no_download_link,https://www.alldatasheet.com/,sn74hct108.pdf,sn74hct108.png
sn74hct109,Components,fail:alldatasheet_no_download_link,https://www.alldatasheet.com/,sn74hct109.pdf,sn74hct109.png
sn74hct110,Components,fail:alldatasheet_no_download_link,https://www.alldatasheet.com/,sn74hct110.pdf,sn74hct110.png
sn74hct111,Components,fail:alldatasheet_no_download_link,https://www.alldatasheet.com/,sn74hct111.pdf,sn74hct111.png
sn74hct112,Components,fail:alldatasheet_no_download_link,https://www.alldatasheet.com/,sn74hct112.pdf,sn74hct112.png
sn74hct113,Components,fail:alldatasheet_no_download_link,https://www.alldatasheet.com/,sn74hct113.pdf,sn74hct113.png
sn74hct114,Components,fail:alldatasheet_no_download_link,https://www.alldatasheet.com/,sn74hct114.pdf,sn74hct114.png
sn74hct115,Components,fail:alldatasheet_no_download_link,https://www.alldatasheet.com/,sn74hct115.pdf,sn74hct115.png
sn74hct117,Components,fail:alldatasheet_no_download_link,https://www.alldatasheet.com/,sn74hct117.pdf,sn74hct117.png
sn74hct118,Components,fail:alldatasheet_no_download_link,https://www.alldatasheet.com/,sn74hct118.pdf,sn74hct118.png
sn74hct121,Components,fail:alldatasheet_no_download_link,https://www.alldatasheet.com/,sn74hct121.pdf,sn74hct121.png
sn74hct122,Components,fail:alldatasheet_no_download_link,https://www.alldatasheet.com/,sn74hct122.pdf,sn74hct122.png
sn74hct123,Components,fail:alldatasheet_no_download_link,https://www.alldatasheet.com/,sn74hct123.pdf,sn74hct123.png
sn74hct124,Components,fail:alldatasheet_no_download_link,https://www.alldatasheet.com/,sn74hct124.pdf,sn74hct124.png
sn74hct125,Components,ok_no_thumb:thumb_missing,https://www.ti.com/lit/ds/symlink/sn74hct125.pdf,sn74hct125.pdf,
sn74hct126,Components,fail:alldatasheet_no_download_link,https://www.alldatasheet.com/,sn74hct126.pdf,sn74hct126.png
sn74hct128,Components,fail:alldatasheet_no_download_link,https://www.alldatasheet.com/,sn74hct128.pdf,sn74hct128.png
sn74hct130,Components,fail:alldatasheet_no_download_link,https://www.alldatasheet.com/,sn74hct130.pdf,sn74hct130.png
sn74hct132,Components,fail:alldatasheet_no_download_link,https://www.alldatasheet.com/,sn74hct132.pdf,sn74hct132.png
sn74hct133,Components,fail:alldatasheet_no_download_link,https://www.alldatasheet.com/,sn74hct133.pdf,sn74hct133.png
sn74hct134,Components,fail:alldatasheet_no_download_link,https://www.alldatasheet.com/,sn74hct134.pdf,sn74hct134.png
sn74hct135,Components,fail:alldatasheet_no_download_link,https://www.alldatasheet.com/,sn74hct135.pdf,sn74hct135.png
sn74hct136,Components,fail:alldatasheet_no_download_link,https://www.alldatasheet.com/,sn74hct136.pdf,sn74hct136.png
sn74hct137,Components,fail:alldatasheet_no_download_link,https://www.alldatasheet.com/,sn74hct137.pdf,sn74hct137.png
sn74hct138,Components,ok_no_thumb:thumb_missing,https://www.ti.com/lit/ds/symlink/sn74hct138.pdf,sn74hct138.pdf,
sn74hct139,Components,ok_no_thumb:thumb_missing,https://www.ti.com/lit/ds/symlink/sn74hct139.pdf,sn74hct139.pdf,
sn74hct140,Components,fail:alldatasheet_no_download_link,https://www.alldatasheet.com/,sn74hct140.pdf,sn74hct140.png
sn74hct141,Components,fail:alldatasheet_no_download_link,https://www.alldatasheet.com/,sn74hct141.pdf,sn74hct141.png
sn74hct142,Components,fail:alldatasheet_no_download_link,https://www.alldatasheet.com/,sn74hct142.pdf,sn74hct142.png
sn74hct143,Components,fail:alldatasheet_no_download_link,https://www.alldatasheet.com/,sn74hct143.pdf,sn74hct143.png
sn74hct144,Components,fail:alldatasheet_no_download_link,https://www.alldatasheet.com/,sn74hct144.pdf,sn74hct144.png
sn74hct145,Components,fail:alldatasheet_no_download_link,https://www.alldatasheet.com/,sn74hct145.pdf,sn74hct145.png
sn74hct146,Components,fail:alldatasheet_no_download_link,https://www.alldatasheet.com/,sn74hct146.pdf,sn74hct146.png
sn74hct147,Components,fail:alldatasheet_no_download_link,https://www.alldatasheet.com/,sn74hct147.pdf,sn74hct147.png
sn74hct148,Components,fail:alldatasheet_no_download_link,https://www.alldatasheet.com/,sn74hct148.pdf,sn74hct148.png
sn74hct149,Components,fail:alldatasheet_no_download_link,https://www.alldatasheet.com/,sn74hct149.pdf,sn74hct149.png
sn74hct150,Components,fail:alldatasheet_no_download_link,https://www.alldatasheet.com/,sn74hct150.pdf,sn74hct150.png
sn74hct151,Components,fail:alldatasheet_no_download_link,https://www.alldatasheet.com/,sn74hct151.pdf,sn74hct151.png
sn74hct152,Components,fail:alldatasheet_no_download_link,https://www.alldatasheet.com/,sn74hct152.pdf,sn74hct152.png
sn74hct153,Components,fail:alldatasheet_no_download_link,https://www.alldatasheet.com/,sn74hct153.pdf,sn74hct153.png
sn74hct154,Components,fail:alldatasheet_no_download_link,https://www.alldatasheet.com/,sn74hct154.pdf,sn74hct154.png
sn74hct155,Components,fail:alldatasheet_no_download_link,https://www.alldatasheet.com/,sn74hct155.pdf,sn74hct155.png
sn74hct156,Components,fail:alldatasheet_no_download_link,https://www.alldatasheet.com/,sn74hct156.pdf,sn74hct156.png
sn74hct157,Components,ok_no_thumb:thumb_missing,https://www.ti.com/lit/ds/symlink/sn74hct157.pdf,sn74hct157.pdf,
sn74hct158,Components,fail:alldatasheet_no_download_link,https://www.alldatasheet.com/,sn74hct158.pdf,sn74hct158.png
sn74hct159,Components,fail:alldatasheet_no_download_link,https://www.alldatasheet.com/,sn74hct159.pdf,sn74hct159.png
sn74hct160,Components,fail:alldatasheet_no_download_link,https://www.alldatasheet.com/,sn74hct160.pdf,sn74hct160.png
sn74hct161,Components,fail:alldatasheet_no_download_link,https://www.alldatasheet.com/,sn74hct161.pdf,sn74hct161.png
sn74hct162,Components,fail:alldatasheet_no_download_link,https://www.alldatasheet.com/,sn74hct162.pdf,sn74hct162.png
sn74hct163,Components,fail:alldatasheet_no_download_link,https://www.alldatasheet.com/,sn74hct163.pdf,sn74hct163.png
sn74hct164,Components,fail:alldatasheet_no_download_link,https://www.alldatasheet.com/,sn74hct164.pdf,sn74hct164.png
sn74hct165,Components,ok_no_thumb:thumb_missing,https://www.ti.com/lit/ds/symlink/sn74hct165.pdf,sn74hct165.pdf,
sn74hct166,Components,fail:alldatasheet_no_download_link,https://www.alldatasheet.com/,sn74hct166.pdf,sn74hct166.png
sn74hct167,Components,fail:alldatasheet_no_download_link,https://www.alldatasheet.com/,sn74hct167.pdf,sn74hct167.png
sn74hct168,Components,fail:alldatasheet_no_download_link,https://www.alldatasheet.com/,sn74hct168.pdf,sn74hct168.png
sn74hct169,Components,fail:alldatasheet_no_download_link,https://www.alldatasheet.com/,sn74hct169.pdf,sn74hct169.png
sn74hct170,Components,fail:alldatasheet_no_download_link,https://www.alldatasheet.com/,sn74hct170.pdf,sn74hct170.png
sn74hct171,Components,fail:alldatasheet_no_download_link,https://www.alldatasheet.com/,sn74hct171.pdf,sn74hct171.png
sn74hct172,Components,fail:alldatasheet_no_download_link,https://www.alldatasheet.com/,sn74hct172.pdf,sn74hct172.png
sn74hct173,Components,fail:alldatasheet_no_download_link,https://www.alldatasheet.com/,sn74hct173.pdf,sn74hct173.png
sn74hct174,Components,fail:alldatasheet_no_download_link,https://www.alldatasheet.com/,sn74hct174.pdf,sn74hct174.png
sn74hct175,Components,fail:alldatasheet_no_download_link,https://www.alldatasheet.com/,sn74hct175.pdf,sn74hct175.png
sn74hct176,Components,fail:alldatasheet_no_download_link,https://www.alldatasheet.com/,sn74hct176.pdf,sn74hct176.png
sn74hct177,Components,fail:alldatasheet_no_download_link,https://www.alldatasheet.com/,sn74hct177.pdf,sn74hct177.png
sn74hct178,Components,fail:alldatasheet_no_download_link,https://www.alldatasheet.com/,sn74hct178.pdf,sn74hct178.png
sn74hct179,Components,fail:alldatasheet_no_download_link,https://www.alldatasheet.com/,sn74hct179.pdf,sn74hct179.png
sn74hct180,Components,fail:alldatasheet_no_download_link,https://www.alldatasheet.com/,sn74hct180.pdf,sn74hct180.png
sn74hct181,Components,fail:alldatasheet_no_download_link,https://www.alldatasheet.com/,sn74hct181.pdf,sn74hct181.png
sn74hct182,Components,fail:alldatasheet_no_download_link,https://www.alldatasheet.com/,sn74hct182.pdf,sn74hct182.png
sn74hct183,Components,fail:alldatasheet_no_download_link,https://www.alldatasheet.com/,sn74hct183.pdf,sn74hct183.png
sn74hct184,Components,fail:alldatasheet_no_download_link,https://www.alldatasheet.com/,sn74hct184.pdf,sn74hct184.png
sn74hct185,Components,fail:alldatasheet_no_download_link,https://www.alldatasheet.com/,sn74hct185.pdf,sn74hct185.png
sn74hct186,Components,fail:alldatasheet_no_download_link,https://www.alldatasheet.com/,sn74hct186.pdf,sn74hct186.png
sn74hct187,Components,fail:alldatasheet_no_download_link,https://www.alldatasheet.com/,sn74hct187.pdf,sn74hct187.png
sn74hct188,Components,fail:alldatasheet_no_download_link,https://www.alldatasheet.com/,sn74hct188.pdf,sn74hct188.png
sn74hct189,Components,fail:alldatasheet_no_download_link,https://www.alldatasheet.com/,sn74hct189.pdf,sn74hct189.png
sn74hct190,Components,fail:alldatasheet_no_download_link,https://www.alldatasheet.com/,sn74hct190.pdf,sn74hct190.png
sn74hct191,Components,fail:alldatasheet_no_download_link,https://www.alldatasheet.com/,sn74hct191.pdf,sn74hct191.png
sn74hct192,Components,fail:alldatasheet_no_download_link,https://www.alldatasheet.com/,sn74hct192.pdf,sn74hct192.png
sn74hct193,Components,fail:alldatasheet_no_download_link,https://www.alldatasheet.com/,sn74hct193.pdf,sn74hct193.png
sn74hct194,Components,fail:alldatasheet_no_download_link,https://www.alldatasheet.com/,sn74hct194.pdf,sn74hct194.png
sn74hct195,Components,fail:alldatasheet_no_download_link,https://www.alldatasheet.com/,sn74hct195.pdf,sn74hct195.png
sn74hct196,Components,fail:alldatasheet_no_download_link,https://www.alldatasheet.com/,sn74hct196.pdf,sn74hct196.png
sn74hct197,Components,fail:alldatasheet_no_download_link,https://www.alldatasheet.com/,sn74hct197.pdf,sn74hct197.png
sn74hct198,Components,fail:alldatasheet_no_download_link,https://www.alldatasheet.com/,sn74hct198.pdf,sn74hct198.png
sn74hct199,Components,fail:alldatasheet_no_download_link,https://www.alldatasheet.com/,sn74hct199.pdf,sn74hct199.png
sn74hct200,Components,fail:alldatasheet_no_download_link,https://www.alldatasheet.com/,sn74hct200.pdf,sn74hct200.png
sn74hct201,Components,fail:alldatasheet_no_download_link,https://www.alldatasheet.com/,sn74hct201.pdf,sn74hct201.png
sn74hct202,Components,fail:alldatasheet_no_download_link,https://www.alldatasheet.com/,sn74hct202.pdf,sn74hct202.png
sn74hct206,Components,fail:alldatasheet_no_download_link,https://www.alldatasheet.com/,sn74hct206.pdf,sn74hct206.png
sn74hct207,Components,fail:alldatasheet_no_download_link,https://www.alldatasheet.com/,sn74hct207.pdf,sn74hct207.png
sn74hct208,Components,fail:alldatasheet_no_download_link,https://www.alldatasheet.com/,sn74hct208.pdf,sn74hct208.png
sn74hct209,Components,fail:alldatasheet_no_download_link,https://www.alldatasheet.com/,sn74hct209.pdf,sn74hct209.png
sn74hct210,Components,fail:alldatasheet_no_download_link,https://www.alldatasheet.com/,sn74hct210.pdf,sn74hct210.png
sn74hct211,Components,fail:alldatasheet_no_download_link,https://www.alldatasheet.com/,sn74hct211.pdf,sn74hct211.png
sn74hct212,Components,fail:alldatasheet_no_download_link,https://www.alldatasheet.com/,sn74hct212.pdf,sn74hct212.png
sn74hct213,Components,fail:alldatasheet_no_download_link,https://www.alldatasheet.com/,sn74hct213.pdf,sn74hct213.png
sn74hct214,Components,fail:alldatasheet_no_download_link,https://www.alldatasheet.com/,sn74hct214.pdf,sn74hct214.png
sn74hct215,Components,fail:alldatasheet_no_download_link,https://www.alldatasheet.com/,sn74hct215.pdf,sn74hct215.png
sn74hct216,Components,fail:alldatasheet_no_download_link,https://www.alldatasheet.com/,sn74hct216.pdf,sn74hct216.png
sn74hct217,Components,fail:alldatasheet_no_download_link,https://www.alldatasheet.com/,sn74hct217.pdf,sn74hct217.png
sn74hct218,Components,fail:alldatasheet_no_download_link,https://www.alldatasheet.com/,sn74hct218.pdf,sn74hct218.png
sn74hct219,Components,fail:alldatasheet_no_download_link,https://www.alldatasheet.com/,sn74hct219.pdf,sn74hct219.png
sn74hct221,Components,fail:alldatasheet_no_download_link,https://www.alldatasheet.com/,sn74hct221.pdf,sn74hct221.png
sn74hct222,Components,fail:alldatasheet_no_download_link,https://www.alldatasheet.com/,sn74hct222.pdf,sn74hct222.png
sn74hct224,Components,fail:alldatasheet_no_download_link,https://www.alldatasheet.com/,sn74hct224.pdf,sn74hct224.png
sn74hct225,Components,fail:alldatasheet_no_download_link,https://www.alldatasheet.com/,sn74hct225.pdf,sn74hct225.png
sn74hct226,Components,fail:alldatasheet_no_download_link,https://www.alldatasheet.com/,sn74hct226.pdf,sn74hct226.png
sn74hct227,Components,fail:alldatasheet_no_download_link,https://www.alldatasheet.com/,sn74hct227.pdf,sn74hct227.png
sn74hct228,Components,fail:alldatasheet_no_download_link,https://www.alldatasheet.com/,sn74hct228.pdf,sn74hct228.png
sn74hct229,Components,fail:alldatasheet_no_download_link,https://www.alldatasheet.com/,sn74hct229.pdf,sn74hct229.png
sn74hct230,Components,fail:alldatasheet_no_download_link,https://www.alldatasheet.com/,sn74hct230.pdf,sn74hct230.png
sn74hct231,Components,fail:alldatasheet_no_download_link,https://www.alldatasheet.com/,sn74hct231.pdf,sn74hct231.png
sn74hct232,Components,fail:alldatasheet_no_download_link,https://www.alldatasheet.com/,sn74hct232.pdf,sn74hct232.png
sn74hct233,Components,fail:alldatasheet_no_download_link,https://www.alldatasheet.com/,sn74hct233.pdf,sn74hct233.png
sn74hct234,Components,fail:alldatasheet_no_download_link,https://www.alldatasheet.com/,sn74hct234.pdf,sn74hct234.png
sn74hct235,Components,fail:alldatasheet_no_download_link,https://www.alldatasheet.com/,sn74hct235.pdf,sn74hct235.png
sn74hct236,Components,fail:alldatasheet_no_download_link,https://www.alldatasheet.com/,sn74hct236.pdf,sn74hct236.png
sn74hct237,Components,fail:alldatasheet_no_download_link,https://www.alldatasheet.com/,sn74hct237.pdf,sn74hct237.png
sn74hct238,Components,fail:alldatasheet_no_download_link,https://www.alldatasheet.com/,sn74hct238.pdf,sn74hct238.png
sn74hct239,Components,fail:alldatasheet_no_download_link,https://www.alldatasheet.com/,sn74hct239.pdf,sn74hct239.png
sn74hct240,Components,ok_no_thumb:thumb_missing,https://www.ti.com/lit/ds/symlink/sn74hct240.pdf,sn74hct240.pdf,
sn74hct241,Components,fail:alldatasheet_no_download_link,https://www.alldatasheet.com/,sn74hct241.pdf,sn74hct241.png
sn74hct242,Components,fail:alldatasheet_no_download_link,https://www.alldatasheet.com/,sn74hct242.pdf,sn74hct242.png
sn74hct243,Components,fail:alldatasheet_no_download_link,https://www.alldatasheet.com/,sn74hct243.pdf,sn74hct243.png
sn74hct244,Components,ok_no_thumb:thumb_missing,https://www.ti.com/lit/ds/symlink/sn74hct244.pdf,sn74hct244.pdf,
sn74hct245,Components,ok_no_thumb:thumb_missing,https://www.ti.com/lit/ds/symlink/sn74hct245.pdf,sn74hct245.pdf,
sn74hct246,Components,fail:alldatasheet_no_download_link,https://www.alldatasheet.com/,sn74hct246.pdf,sn74hct246.png
sn74hct247,Components,fail:alldatasheet_no_download_link,https://www.alldatasheet.com/,sn74hct247.pdf,sn74hct247.png
sn74hct248,Components,fail:alldatasheet_no_download_link,https://www.alldatasheet.com/,sn74hct248.pdf,sn74hct248.png
sn74hct249,Components,fail:alldatasheet_no_download_link,https://www.alldatasheet.com/,sn74hct249.pdf,sn74hct249.png
sn74hct250,Components,fail:alldatasheet_no_download_link,https://www.alldatasheet.com/,sn74hct250.pdf,sn74hct250.png
sn74hct251,Components,fail:alldatasheet_no_download_link,https://www.alldatasheet.com/,sn74hct251.pdf,sn74hct251.png
sn74hct253,Components,fail:alldatasheet_no_download_link,https://www.alldatasheet.com/,sn74hct253.pdf,sn74hct253.png
sn74hct255,Components,fail:alldatasheet_no_download_link,https://www.alldatasheet.com/,sn74hct255.pdf,sn74hct255.png
sn74hct256,Components,fail:alldatasheet_no_download_link,https://www.alldatasheet.com/,sn74hct256.pdf,sn74hct256.png
sn74hct257,Components,ok_no_thumb:thumb_missing,https://www.ti.com/lit/ds/symlink/sn74hct257.pdf,sn74hct257.pdf,
sn74hct258,Components,fail:alldatasheet_no_download_link,https://www.alldatasheet.com/,sn74hct258.pdf,sn74hct258.png
sn74hct259,Components,fail:alldatasheet_no_download_link,https://www.alldatasheet.com/,sn74hct259.pdf,sn74hct259.png
sn74hct260,Components,fail:alldatasheet_no_download_link,https://www.alldatasheet.com/,sn74hct260.pdf,sn74hct260.png
sn74hct261,Components,fail:alldatasheet_no_download_link,https://www.alldatasheet.com/,sn74hct261.pdf,sn74hct261.png
sn74hct262,Components,fail:alldatasheet_no_download_link,https://www.alldatasheet.com/,sn74hct262.pdf,sn74hct262.png
sn74hct264,Components,fail:alldatasheet_no_download_link,https://www.alldatasheet.com/,sn74hct264.pdf,sn74hct264.png
sn74hct265,Components,fail:alldatasheet_no_download_link,https://www.alldatasheet.com/,sn74hct265.pdf,sn74hct265.png
sn74hct266,Components,fail:alldatasheet_no_download_link,https://www.alldatasheet.com/,sn74hct266.pdf,sn74hct266.png
sn74hct268,Components,fail:alldatasheet_no_download_link,https://www.alldatasheet.com/,sn74hct268.pdf,sn74hct268.png
sn74hct269,Components,fail:alldatasheet_no_download_link,https://www.alldatasheet.com/,sn74hct269.pdf,sn74hct269.png
sn74hct270,Components,fail:alldatasheet_no_download_link,https://www.alldatasheet.com/,sn74hct270.pdf,sn74hct270.png
sn74hct271,Components,fail:alldatasheet_no_download_link,https://www.alldatasheet.com/,sn74hct271.pdf,sn74hct271.png
sn74hct273,Components,ok_no_thumb:thumb_missing,https://www.ti.com/lit/ds/symlink/sn74hct273.pdf,sn74hct273.pdf,
sn74hct274,Components,fail:alldatasheet_no_download_link,https://www.alldatasheet.com/,sn74hct274.pdf,sn74hct274.png
sn74hct275,Components,fail:alldatasheet_no_download_link,https://www.alldatasheet.com/,sn74hct275.pdf,sn74hct275.png
sn74hct276,Components,fail:alldatasheet_no_download_link,https://www.alldatasheet.com/,sn74hct276.pdf,sn74hct276.png
sn74hct278,Components,fail:alldatasheet_no_download_link,https://www.alldatasheet.com/,sn74hct278.pdf,sn74hct278.png
sn74hct279,Components,fail:alldatasheet_no_download_link,https://www.alldatasheet.com/,sn74hct279.pdf,sn74hct279.png
sn74hct280,Components,fail:alldatasheet_no_download_link,https://www.alldatasheet.com/,sn74hct280.pdf,sn74hct280.png
sn74hct281,Components,fail:alldatasheet_no_download_link,https://www.alldatasheet.com/,sn74hct281.pdf,sn74hct281.png
sn74hct282,Components,fail:alldatasheet_no_download_link,https://www.alldatasheet.com/,sn74hct282.pdf,sn74hct282.png
sn74hct283,Components,fail:alldatasheet_no_download_link,https://www.alldatasheet.com/,sn74hct283.pdf,sn74hct283.png
sn74hct284,Components,fail:alldatasheet_no_download_link,https://www.alldatasheet.com/,sn74hct284.pdf,sn74hct284.png
sn74hct285,Components,fail:alldatasheet_no_download_link,https://www.alldatasheet.com/,sn74hct285.pdf,sn74hct285.png
sn74hct286,Components,fail:alldatasheet_no_download_link,https://www.alldatasheet.com/,sn74hct286.pdf,sn74hct286.png
sn74hct287,Components,fail:alldatasheet_no_download_link,https://www.alldatasheet.com/,sn74hct287.pdf,sn74hct287.png
sn74hct288,Components,fail:alldatasheet_no_download_link,https://www.alldatasheet.com/,sn74hct288.pdf,sn74hct288.png
sn74hct289,Components,fail:alldatasheet_no_download_link,https://www.alldatasheet.com/,sn74hct289.pdf,sn74hct289.png
sn74hct290,Components,fail:alldatasheet_no_download_link,https://www.alldatasheet.com/,sn74hct290.pdf,sn74hct290.png
sn74hct292,Components,fail:alldatasheet_no_download_link,https://www.alldatasheet.com/,sn74hct292.pdf,sn74hct292.png
sn74hct293,Components,fail:alldatasheet_no_download_link,https://www.alldatasheet.com/,sn74hct293.pdf,sn74hct293.png
sn74hct294,Components,fail:alldatasheet_no_download_link,https://www.alldatasheet.com/,sn74hct294.pdf,sn74hct294.png
sn74hct295,Components,fail:alldatasheet_no_download_link,https://www.alldatasheet.com/,sn74hct295.pdf,sn74hct295.png
sn74hct297,Components,fail:alldatasheet_no_download_link,https://www.alldatasheet.com/,sn74hct297.pdf,sn74hct297.png
sn74hct298,Components,fail:alldatasheet_no_download_link,https://www.alldatasheet.com/,sn74hct298.pdf,sn74hct298.png
sn74hct299,Components,fail:alldatasheet_no_download_link,https://www.alldatasheet.com/,sn74hct299.pdf,sn74hct299.png
sn74hct300,Components,fail:alldatasheet_no_download_link,https://www.alldatasheet.com/,sn74hct300.pdf,sn74hct300.png
sn74hct301,Components,fail:alldatasheet_no_download_link,https://www.alldatasheet.com/,sn74hct301.pdf,sn74hct301.png
sn74hct302,Components,fail:alldatasheet_no_download_link,https://www.alldatasheet.com/,sn74hct302.pdf,sn74hct302.png
sn74hct303,Components,fail:alldatasheet_no_download_link,https://www.alldatasheet.com/,sn74hct303.pdf,sn74hct303.png
sn74hct304,Components,fail:alldatasheet_no_download_link,https://www.alldatasheet.com/,sn74hct304.pdf,sn74hct304.png
sn74hct305,Components,fail:alldatasheet_no_download_link,https://www.alldatasheet.com/,sn74hct305.pdf,sn74hct305.png
sn74hct306,Components,fail:alldatasheet_no_download_link,https://www.alldatasheet.com/,sn74hct306.pdf,sn74hct306.png
sn74hct309,Components,fail:alldatasheet_no_download_link,https://www.alldatasheet.com/,sn74hct309.pdf,sn74hct309.png
sn74hct310,Components,fail:alldatasheet_no_download_link,https://www.alldatasheet.com/,sn74hct310.pdf,sn74hct310.png
sn74hct311,Components,fail:alldatasheet_no_download_link,https://www.alldatasheet.com/,sn74hct311.pdf,sn74hct311.png
sn74hct312,Components,fail:alldatasheet_no_download_link,https://www.alldatasheet.com/,sn74hct312.pdf,sn74hct312.png
sn74hct313,Components,fail:alldatasheet_no_download_link,https://www.alldatasheet.com/,sn74hct313.pdf,sn74hct313.png
sn74hct314,Components,fail:alldatasheet_no_download_link,https://www.alldatasheet.com/,sn74hct314.pdf,sn74hct314.png
sn74hct315,Components,fail:alldatasheet_no_download_link,https://www.alldatasheet.com/,sn74hct315.pdf,sn74hct315.png
sn74hct316,Components,fail:alldatasheet_no_download_link,https://www.alldatasheet.com/,sn74hct316.pdf,sn74hct316.png
sn74hct317,Components,fail:alldatasheet_no_download_link,https://www.alldatasheet.com/,sn74hct317.pdf,sn74hct317.png
sn74hct318,Components,fail:alldatasheet_no_download_link,https://www.alldatasheet.com/,sn74hct318.pdf,sn74hct318.png
sn74hct319,Components,fail:alldatasheet_no_download_link,https://www.alldatasheet.com/,sn74hct319.pdf,sn74hct319.png
sn74hct320,Components,fail:alldatasheet_no_download_link,https://www.alldatasheet.com/,sn74hct320.pdf,sn74hct320.png
sn74hct321,Components,fail:alldatasheet_no_download_link,https://www.alldatasheet.com/,sn74hct321.pdf,sn74hct321.png
sn74hct322,Components,fail:alldatasheet_no_download_link,https://www.alldatasheet.com/,sn74hct322.pdf,sn74hct322.png
sn74hct323,Components,fail:alldatasheet_no_download_link,https://www.alldatasheet.com/,sn74hct323.pdf,sn74hct323.png
sn74hct324,Components,fail:alldatasheet_no_download_link,https://www.alldatasheet.com/,sn74hct324.pdf,sn74hct324.png
sn74hct325,Components,fail:alldatasheet_no_download_link,https://www.alldatasheet.com/,sn74hct325.pdf,sn74hct325.png
sn74hct326,Components,fail:alldatasheet_no_download_link,https://www.alldatasheet.com/,sn74hct326.pdf,sn74hct326.png
sn74hct327,Components,fail:alldatasheet_no_download_link,https://www.alldatasheet.com/,sn74hct327.pdf,sn74hct327.png
sn74hct330,Components,fail:alldatasheet_no_download_link,https://www.alldatasheet.com/,sn74hct330.pdf,sn74hct330.png
sn74hct331,Components,fail:alldatasheet_no_download_link,https://www.alldatasheet.com/,sn74hct331.pdf,sn74hct331.png
sn74hct333,Components,fail:alldatasheet_no_download_link,https://www.alldatasheet.com/,sn74hct333.pdf,sn74hct333.png
sn74hct334,Components,fail:alldatasheet_no_download_link,https://www.alldatasheet.com/,sn74hct334.pdf,sn74hct334.png
sn74hct335,Components,fail:alldatasheet_no_download_link,https://www.alldatasheet.com/,sn74hct335.pdf,sn74hct335.png
sn74hct336,Components,fail:alldatasheet_no_download_link,https://www.alldatasheet.com/,sn74hct336.pdf,sn74hct336.png
sn74hct337,Components,fail:alldatasheet_no_download_link,https://www.alldatasheet.com/,sn74hct337.pdf,sn74hct337.png
sn74hct340,Components,fail:alldatasheet_no_download_link,https://www.alldatasheet.com/,sn74hct340.pdf,sn74hct340.png
sn74hct341,Components,fail:alldatasheet_no_download_link,https://www.alldatasheet.com/,sn74hct341.pdf,sn74hct341.png
sn74hct344,Components,fail:alldatasheet_no_download_link,https://www.alldatasheet.com/,sn74hct344.pdf,sn74hct344.png
sn74hct347,Components,fail:alldatasheet_no_download_link,https://www.alldatasheet.com/,sn74hct347.pdf,sn74hct347.png
sn74hct348,Components,fail:alldatasheet_no_download_link,https://www.alldatasheet.com/,sn74hct348.pdf,sn74hct348.png
sn74hct350,Components,fail:alldatasheet_no_download_link,https://www.alldatasheet.com/,sn74hct350.pdf,sn74hct350.png
sn74hct351,Components,fail:alldatasheet_no_download_link,https://www.alldatasheet.com/,sn74hct351.pdf,sn74hct351.png
sn74hct352,Components,fail:alldatasheet_no_download_link,https://www.alldatasheet.com/,sn74hct352.pdf,sn74hct352.png
sn74hct353,Components,fail:alldatasheet_no_download_link,https://www.alldatasheet.com/,sn74hct353.pdf,sn74hct353.png
sn74hct354,Components,fail:alldatasheet_no_download_link,https://www.alldatasheet.com/,sn74hct354.pdf,sn74hct354.png
sn74hct355,Components,fail:alldatasheet_no_download_link,https://www.alldatasheet.com/,sn74hct355.pdf,sn74hct355.png
sn74hct356,Components,fail:alldatasheet_no_download_link,https://www.alldatasheet.com/,sn74hct356.pdf,sn74hct356.png
sn74hct357,Components,fail:alldatasheet_no_download_link,https://www.alldatasheet.com/,sn74hct357.pdf,sn74hct357.png
sn74hct361,Components,fail:alldatasheet_no_download_link,https://www.alldatasheet.com/,sn74hct361.pdf,sn74hct361.png
sn74hct362,Components,fail:alldatasheet_no_download_link,https://www.alldatasheet.com/,sn74hct362.pdf,sn74hct362.png
sn74hct363,Components,fail:alldatasheet_no_download_link,https://www.alldatasheet.com/,sn74hct363.pdf,sn74hct363.png
sn74hct364,Components,fail:alldatasheet_no_download_link,https://www.alldatasheet.com/,sn74hct364.pdf,sn74hct364.png
sn74hct365,Components,fail:alldatasheet_no_download_link,https://www.alldatasheet.com/,sn74hct365.pdf,sn74hct365.png
sn74hct366,Components,fail:alldatasheet_no_download_link,https://www.alldatasheet.com/,sn74hct366.pdf,sn74hct366.png
sn74hct367,Components,fail:alldatasheet_no_download_link,https://www.alldatasheet.com/,sn74hct367.pdf,sn74hct367.png
sn74hct368,Components,fail:alldatasheet_no_download_link,https://www.alldatasheet.com/,sn74hct368.pdf,sn74hct368.png
sn74hct370,Components,fail:alldatasheet_no_download_link,https://www.alldatasheet.com/,sn74hct370.pdf,sn74hct370.png
sn74hct371,Components,fail:alldatasheet_no_download_link,https://www.alldatasheet.com/,sn74hct371.pdf,sn74hct371.png
sn74hct373,Components,ok_no_thumb:thumb_missing,https://www.ti.com/lit/ds/symlink/sn74hct373.pdf,sn74hct373.pdf,
sn74hct374,Components,ok_no_thumb:thumb_missing,https://www.ti.com/lit/ds/symlink/sn74hct374.pdf,sn74hct374.pdf,
sn74hct375,Components,fail:alldatasheet_no_download_link,https://www.alldatasheet.com/,sn74hct375.pdf,sn74hct375.png
sn74hct376,Components,fail:alldatasheet_no_download_link,https://www.alldatasheet.com/,sn74hct376.pdf,sn74hct376.png
sn74hct377,Components,ok_no_thumb:thumb_missing,https://www.ti.com/lit/ds/symlink/sn74hct377.pdf,sn74hct377.pdf,
sn74hct378,Components,fail:alldatasheet_no_download_link,https://www.alldatasheet.com/,sn74hct378.pdf,sn74hct378.png
sn74hct379,Components,fail:alldatasheet_no_download_link,https://www.alldatasheet.com/,sn74hct379.pdf,sn74hct379.png
sn74hct380,Components,fail:alldatasheet_no_download_link,https://www.alldatasheet.com/,sn74hct380.pdf,sn74hct380.png
sn74hct381,Components,fail:alldatasheet_no_download_link,https://www.alldatasheet.com/,sn74hct381.pdf,sn74hct381.png
sn74hct382,Components,fail:alldatasheet_no_download_link,https://www.alldatasheet.com/,sn74hct382.pdf,sn74hct382.png
sn74hct383,Components,fail:alldatasheet_no_download_link,https://www.alldatasheet.com/,sn74hct383.pdf,sn74hct383.png
sn74hct384,Components,fail:alldatasheet_no_download_link,https://www.alldatasheet.com/,sn74hct384.pdf,sn74hct384.png
sn74hct385,Components,fail:alldatasheet_no_download_link,https://www.alldatasheet.com/,sn74hct385.pdf,sn74hct385.png
sn74hct386,Components,fail:alldatasheet_no_download_link,https://www.alldatasheet.com/,sn74hct386.pdf,sn74hct386.png
sn74hct387,Components,fail:alldatasheet_no_download_link,https://www.alldatasheet.com/,sn74hct387.pdf,sn74hct387.png
sn74hct388,Components,fail:alldatasheet_no_download_link,https://www.alldatasheet.com/,sn74hct388.pdf,sn74hct388.png
sn74hct390,Components,fail:alldatasheet_no_download_link,https://www.alldatasheet.com/,sn74hct390.pdf,sn74hct390.png
sn74hct393,Components,fail:alldatasheet_no_download_link,https://www.alldatasheet.com/,sn74hct393.pdf,sn74hct393.png
sn74hct395,Components,fail:alldatasheet_no_download_link,https://www.alldatasheet.com/,sn74hct395.pdf,sn74hct395.png
sn74hct396,Components,fail:alldatasheet_no_download_link,https://www.alldatasheet.com/,sn74hct396.pdf,sn74hct396.png
sn74hct398,Components,fail:alldatasheet_no_download_link,https://www.alldatasheet.com/,sn74hct398.pdf,sn74hct398.png
sn74hct399,Components,fail:alldatasheet_no_download_link,https://www.alldatasheet.com/,sn74hct399.pdf,sn74hct399.png
sn74hct400,Components,fail:alldatasheet_no_download_link,https://www.alldatasheet.com/,sn74hct400.pdf,sn74hct400.png
sn74hct401,Components,fail:alldatasheet_no_download_link,https://www.alldatasheet.com/,sn74hct401.pdf,sn74hct401.png
sn74hct402,Components,fail:alldatasheet_no_download_link,https://www.alldatasheet.com/,sn74hct402.pdf,sn74hct402.png
sn74hct403,Components,fail:alldatasheet_no_download_link,https://www.alldatasheet.com/,sn74hct403.pdf,sn74hct403.png
sn74hct405,Components,fail:alldatasheet_no_download_link,https://www.alldatasheet.com/,sn74hct405.pdf,sn74hct405.png
sn74hct407,Components,fail:alldatasheet_no_download_link,https://www.alldatasheet.com/,sn74hct407.pdf,sn74hct407.png
sn74hct409,Components,fail:alldatasheet_no_download_link,https://www.alldatasheet.com/,sn74hct409.pdf,sn74hct409.png
sn74hct410,Components,fail:alldatasheet_no_download_link,https://www.alldatasheet.com/,sn74hct410.pdf,sn74hct410.png
sn74hct411,Components,fail:alldatasheet_no_download_link,https://www.alldatasheet.com/,sn74hct411.pdf,sn74hct411.png
sn74hct412,Components,fail:alldatasheet_no_download_link,https://www.alldatasheet.com/,sn74hct412.pdf,sn74hct412.png
sn74hct413,Components,fail:alldatasheet_no_download_link,https://www.alldatasheet.com/,sn74hct413.pdf,sn74hct413.png
sn74hct414,Components,fail:alldatasheet_no_download_link,https://www.alldatasheet.com/,sn74hct414.pdf,sn74hct414.png
sn74hct417,Components,fail:alldatasheet_no_download_link,https://www.alldatasheet.com/,sn74hct417.pdf,sn74hct417.png
sn74hct420,Components,fail:alldatasheet_no_download_link,https://www.alldatasheet.com/,sn74hct420.pdf,sn74hct420.png
sn74hct422,Components,fail:alldatasheet_no_download_link,https://www.alldatasheet.com/,sn74hct422.pdf,sn74hct422.png
sn74hct423,Components,fail:alldatasheet_no_download_link,https://www.alldatasheet.com/,sn74hct423.pdf,sn74hct423.png
sn74hct425,Components,fail:alldatasheet_no_download_link,https://www.alldatasheet.com/,sn74hct425.pdf,sn74hct425.png
sn74hct426,Components,fail:alldatasheet_no_download_link,https://www.alldatasheet.com/,sn74hct426.pdf,sn74hct426.png
sn74hct428,Components,fail:alldatasheet_no_download_link,https://www.alldatasheet.com/,sn74hct428.pdf,sn74hct428.png
sn74hct429,Components,fail:alldatasheet_no_download_link,https://www.alldatasheet.com/,sn74hct429.pdf,sn74hct429.png
sn74hct430,Components,fail:alldatasheet_no_download_link,https://www.alldatasheet.com/,sn74hct430.pdf,sn74hct430.png
sn74hct432,Components,fail:alldatasheet_no_download_link,https://www.alldatasheet.com/,sn74hct432.pdf,sn74hct432.png
sn74hct433,Components,fail:alldatasheet_no_download_link,https://www.alldatasheet.com/,sn74hct433.pdf,sn74hct433.png
sn74hct436,Components,fail:alldatasheet_no_download_link,https://www.alldatasheet.com/,sn74hct436.pdf,sn74hct436.png
sn74hct437,Components,fail:alldatasheet_no_download_link,https://www.alldatasheet.com/,sn74hct437.pdf,sn74hct437.png
sn74hct438,Components,fail:alldatasheet_no_download_link,https://www.alldatasheet.com/,sn74hct438.pdf,sn74hct438.png
sn74hct440,Components,fail:alldatasheet_no_download_link,https://www.alldatasheet.com/,sn74hct440.pdf,sn74hct440.png
sn74hct441,Components,fail:alldatasheet_no_download_link,https://www.alldatasheet.com/,sn74hct441.pdf,sn74hct441.png
sn74hct442,Components,fail:alldatasheet_no_download_link,https://www.alldatasheet.com/,sn74hct442.pdf,sn74hct442.png
sn74hct443,Components,fail:alldatasheet_no_download_link,https://www.alldatasheet.com/,sn74hct443.pdf,sn74hct443.png
sn74hct444,Components,fail:alldatasheet_no_download_link,https://www.alldatasheet.com/,sn74hct444.pdf,sn74hct444.png
sn74hct445,Components,fail:alldatasheet_no_download_link,https://www.alldatasheet.com/,sn74hct445.pdf,sn74hct445.png
sn74hct446,Components,fail:alldatasheet_no_download_link,https://www.alldatasheet.com/,sn74hct446.pdf,sn74hct446.png
sn74hct447,Components,fail:alldatasheet_no_download_link,https://www.alldatasheet.com/,sn74hct447.pdf,sn74hct447.png
sn74hct448,Components,fail:alldatasheet_no_download_link,https://www.alldatasheet.com/,sn74hct448.pdf,sn74hct448.png
sn74hct449,Components,fail:alldatasheet_no_download_link,https://www.alldatasheet.com/,sn74hct449.pdf,sn74hct449.png
sn74hct452,Components,fail:alldatasheet_no_download_link,https://www.alldatasheet.com/,sn74hct452.pdf,sn74hct452.png
sn74hct454,Components,fail:alldatasheet_no_download_link,https://www.alldatasheet.com/,sn74hct454.pdf,sn74hct454.png
sn74hct458,Components,fail:alldatasheet_no_download_link,https://www.alldatasheet.com/,sn74hct458.pdf,sn74hct458.png
sn74hct461,Components,fail:alldatasheet_no_download_link,https://www.alldatasheet.com/,sn74hct461.pdf,sn74hct461.png
sn74hct462,Components,fail:alldatasheet_no_download_link,https://www.alldatasheet.com/,sn74hct462.pdf,sn74hct462.png
sn74hct463,Components,fail:alldatasheet_no_download_link,https://www.alldatasheet.com/,sn74hct463.pdf,sn74hct463.png
sn74hct465,Components,fail:alldatasheet_no_download_link,https://www.alldatasheet.com/,sn74hct465.pdf,sn74hct465.png
sn74hct466,Components,fail:alldatasheet_no_download_link,https://www.alldatasheet.com/,sn74hct466.pdf,sn74hct466.png
sn74hct467,Components,fail:alldatasheet_no_download_link,https://www.alldatasheet.com/,sn74hct467.pdf,sn74hct467.png
sn74hct468,Components,fail:alldatasheet_no_download_link,https://www.alldatasheet.com/,sn74hct468.pdf,sn74hct468.png
sn74hct469,Components,fail:alldatasheet_no_download_link,https://www.alldatasheet.com/,sn74hct469.pdf,sn74hct469.png
sn74hct470,Components,fail:alldatasheet_no_download_link,https://www.alldatasheet.com/,sn74hct470.pdf,sn74hct470.png
sn74hct471,Components,fail:alldatasheet_no_download_link,https://www.alldatasheet.com/,sn74hct471.pdf,sn74hct471.png
sn74hct472,Components,fail:alldatasheet_no_download_link,https://www.alldatasheet.com/,sn74hct472.pdf,sn74hct472.png
sn74hct473,Components,fail:alldatasheet_no_download_link,https://www.alldatasheet.com/,sn74hct473.pdf,sn74hct473.png
sn74hct474,Components,fail:alldatasheet_no_download_link,https://www.alldatasheet.com/,sn74hct474.pdf,sn74hct474.png
sn74hct475,Components,fail:alldatasheet_no_download_link,https://www.alldatasheet.com/,sn74hct475.pdf,sn74hct475.png
sn74hct476,Components,fail:alldatasheet_no_download_link,https://www.alldatasheet.com/,sn74hct476.pdf,sn74hct476.png
sn74hct477,Components,fail:alldatasheet_no_download_link,https://www.alldatasheet.com/,sn74hct477.pdf,sn74hct477.png
sn74hct478,Components,fail:alldatasheet_no_download_link,https://www.alldatasheet.com/,sn74hct478.pdf,sn74hct478.png
sn74hct479,Components,fail:alldatasheet_no_download_link,https://www.alldatasheet.com/,sn74hct479.pdf,sn74hct479.png
sn74hct480,Components,fail:alldatasheet_no_download_link,https://www.alldatasheet.com/,sn74hct480.pdf,sn74hct480.png
sn74hct481,Components,fail:alldatasheet_no_download_link,https://www.alldatasheet.com/,sn74hct481.pdf,sn74hct481.png
sn74hct482,Components,fail:alldatasheet_no_download_link,https://www.alldatasheet.com/,sn74hct482.pdf,sn74hct482.png
sn74hct484,Components,fail:alldatasheet_no_download_link,https://www.alldatasheet.com/,sn74hct484.pdf,sn74hct484.png
sn74hct485,Components,fail:alldatasheet_no_download_link,https://www.alldatasheet.com/,sn74hct485.pdf,sn74hct485.png
sn74hct488,Components,fail:alldatasheet_no_download_link,https://www.alldatasheet.com/,sn74hct488.pdf,sn74hct488.png
sn74hct490,Components,fail:alldatasheet_no_download_link,https://www.alldatasheet.com/,sn74hct490.pdf,sn74hct490.png
sn74hct491,Components,fail:alldatasheet_no_download_link,https://www.alldatasheet.com/,sn74hct491.pdf,sn74hct491.png
sn74hct498,Components,fail:alldatasheet_no_download_link,https://www.alldatasheet.com/,sn74hct498.pdf,sn74hct498.png
sn74hct499,Components,fail:alldatasheet_no_download_link,https://www.alldatasheet.com/,sn74hct499.pdf,sn74hct499.png
sn74hct500,Components,fail:alldatasheet_no_download_link,https://www.alldatasheet.com/,sn74hct500.pdf,sn74hct500.png
sn74hct502,Components,fail:alldatasheet_no_download_link,https://www.alldatasheet.com/,sn74hct502.pdf,sn74hct502.png
sn74hct503,Components,fail:alldatasheet_no_download_link,https://www.alldatasheet.com/,sn74hct503.pdf,sn74hct503.png
sn74hct504,Components,fail:alldatasheet_no_download_link,https://www.alldatasheet.com/,sn74hct504.pdf,sn74hct504.png
sn74hct505,Components,fail:alldatasheet_no_download_link,https://www.alldatasheet.com/,sn74hct505.pdf,sn74hct505.png
sn74hct508,Components,fail:alldatasheet_no_download_link,https://www.alldatasheet.com/,sn74hct508.pdf,sn74hct508.png
sn74hct515,Components,fail:alldatasheet_no_download_link,https://www.alldatasheet.com/,sn74hct515.pdf,sn74hct515.png
sn74hct516,Components,fail:alldatasheet_no_download_link,https://www.alldatasheet.com/,sn74hct516.pdf,sn74hct516.png
sn74hct518,Components,fail:alldatasheet_no_download_link,https://www.alldatasheet.com/,sn74hct518.pdf,sn74hct518.png
sn74hct519,Components,fail:alldatasheet_no_download_link,https://www.alldatasheet.com/,sn74hct519.pdf,sn74hct519.png
sn74hct520,Components,fail:alldatasheet_no_download_link,https://www.alldatasheet.com/,sn74hct520.pdf,sn74hct520.png
sn74hct521,Components,fail:alldatasheet_no_download_link,https://www.alldatasheet.com/,sn74hct521.pdf,sn74hct521.png
sn74hct522,Components,fail:alldatasheet_no_download_link,https://www.alldatasheet.com/,sn74hct522.pdf,sn74hct522.png
sn74hct524,Components,fail:alldatasheet_no_download_link,https://www.alldatasheet.com/,sn74hct524.pdf,sn74hct524.png
sn74hct525,Components,fail:alldatasheet_no_download_link,https://www.alldatasheet.com/,sn74hct525.pdf,sn74hct525.png
sn74hct526,Components,fail:alldatasheet_no_download_link,https://www.alldatasheet.com/,sn74hct526.pdf,sn74hct526.png
sn74hct527,Components,fail:alldatasheet_no_download_link,https://www.alldatasheet.com/,sn74hct527.pdf,sn74hct527.png
sn74hct528,Components,fail:alldatasheet_no_download_link,https://www.alldatasheet.com/,sn74hct528.pdf,sn74hct528.png
sn74hct531,Components,fail:alldatasheet_no_download_link,https://www.alldatasheet.com/,sn74hct531.pdf,sn74hct531.png
sn74hct532,Components,fail:alldatasheet_no_download_link,https://www.alldatasheet.com/,sn74hct532.pdf,sn74hct532.png
sn74hct533,Components,fail:alldatasheet_no_download_link,https://www.alldatasheet.com/,sn74hct533.pdf,sn74hct533.png
sn74hct534,Components,fail:alldatasheet_no_download_link,https://www.alldatasheet.com/,sn74hct534.pdf,sn74hct534.png
sn74hct535,Components,fail:alldatasheet_no_download_link,https://www.alldatasheet.com/,sn74hct535.pdf,sn74hct535.png
sn74hct536,Components,fail:alldatasheet_no_download_link,https://www.alldatasheet.com/,sn74hct536.pdf,sn74hct536.png
sn74hct537,Components,fail:alldatasheet_no_download_link,https://www.alldatasheet.com/,sn74hct537.pdf,sn74hct537.png
sn74hct538,Components,fail:alldatasheet_no_download_link,https://www.alldatasheet.com/,sn74hct538.pdf,sn74hct538.png
sn74hct539,Components,fail:alldatasheet_no_download_link,https://www.alldatasheet.com/,sn74hct539.pdf,sn74hct539.png
sn74hct540,Components,ok_no_thumb:thumb_missing,https://www.ti.com/lit/ds/symlink/sn74hct540.pdf,sn74hct540.pdf,
sn74hct541,Components,ok_no_thumb:thumb_missing,https://www.ti.com/lit/ds/symlink/sn74hct541.pdf,sn74hct541.pdf,
sn74hct543,Components,fail:alldatasheet_no_download_link,https://www.alldatasheet.com/,sn74hct543.pdf,sn74hct543.png
sn74hct544,Components,fail:alldatasheet_no_download_link,https://www.alldatasheet.com/,sn74hct544.pdf,sn74hct544.png
sn74hct545,Components,fail:alldatasheet_no_download_link,https://www.alldatasheet.com/,sn74hct545.pdf,sn74hct545.png
sn74hct546,Components,fail:alldatasheet_no_download_link,https://www.alldatasheet.com/,sn74hct546.pdf,sn74hct546.png
sn74hct549,Components,fail:alldatasheet_no_download_link,https://www.alldatasheet.com/,sn74hct549.pdf,sn74hct549.png
sn74hct550,Components,fail:alldatasheet_no_download_link,https://www.alldatasheet.com/,sn74hct550.pdf,sn74hct550.png
sn74hct551,Components,fail:alldatasheet_no_download_link,https://www.alldatasheet.com/,sn74hct551.pdf,sn74hct551.png
sn74hct552,Components,fail:alldatasheet_no_download_link,https://www.alldatasheet.com/,sn74hct552.pdf,sn74hct552.png
sn74hct556,Components,fail:alldatasheet_no_download_link,https://www.alldatasheet.com/,sn74hct556.pdf,sn74hct556.png
sn74hct557,Components,fail:alldatasheet_no_download_link,https://www.alldatasheet.com/,sn74hct557.pdf,sn74hct557.png
sn74hct558,Components,fail:alldatasheet_no_download_link,https://www.alldatasheet.com/,sn74hct558.pdf,sn74hct558.png
sn74hct559,Components,fail:alldatasheet_no_download_link,https://www.alldatasheet.com/,sn74hct559.pdf,sn74hct559.png
sn74hct560,Components,fail:alldatasheet_no_download_link,https://www.alldatasheet.com/,sn74hct560.pdf,sn74hct560.png
sn74hct561,Components,fail:alldatasheet_no_download_link,https://www.alldatasheet.com/,sn74hct561.pdf,sn74hct561.png
sn74hct563,Components,fail:alldatasheet_no_download_link,https://www.alldatasheet.com/,sn74hct563.pdf,sn74hct563.png
sn74hct564,Components,fail:alldatasheet_no_download_link,https://www.alldatasheet.com/,sn74hct564.pdf,sn74hct564.png
sn74hct566,Components,fail:alldatasheet_no_download_link,https://www.alldatasheet.com/,sn74hct566.pdf,sn74hct566.png
sn74hct567,Components,fail:alldatasheet_no_download_link,https://www.alldatasheet.com/,sn74hct567.pdf,sn74hct567.png
sn74hct568,Components,fail:alldatasheet_no_download_link,https://www.alldatasheet.com/,sn74hct568.pdf,sn74hct568.png
sn74hct569,Components,fail:alldatasheet_no_download_link,https://www.alldatasheet.com/,sn74hct569.pdf,sn74hct569.png
sn74hct570,Components,fail:alldatasheet_no_download_link,https://www.alldatasheet.com/,sn74hct570.pdf,sn74hct570.png
sn74hct571,Components,fail:alldatasheet_no_download_link,https://www.alldatasheet.com/,sn74hct571.pdf,sn74hct571.png
sn74hct572,Components,fail:alldatasheet_no_download_link,https://www.alldatasheet.com/,sn74hct572.pdf,sn74hct572.png
sn74hct573,Components,ok_no_thumb:thumb_missing,https://www.ti.com/lit/ds/symlink/sn74hct573.pdf,sn74hct573.pdf,
sn74hct574,Components,ok_no_thumb:thumb_missing,https://www.ti.com/lit/ds/symlink/sn74hct574.pdf,sn74hct574.pdf,
sn74hct575,Components,fail:alldatasheet_no_download_link,https://www.alldatasheet.com/,sn74hct575.pdf,sn74hct575.png
sn74hct576,Components,fail:alldatasheet_no_download_link,https://www.alldatasheet.com/,sn74hct576.pdf,sn74hct576.png
sn74hct577,Components,fail:alldatasheet_no_download_link,https://www.alldatasheet.com/,sn74hct577.pdf,sn74hct577.png
sn74hct579,Components,fail:alldatasheet_no_download_link,https://www.alldatasheet.com/,sn74hct579.pdf,sn74hct579.png
sn74hct580,Components,fail:alldatasheet_no_download_link,https://www.alldatasheet.com/,sn74hct580.pdf,sn74hct580.png
sn74hct582,Components,fail:alldatasheet_no_download_link,https://www.alldatasheet.com/,sn74hct582.pdf,sn74hct582.png
sn74hct583,Components,fail:alldatasheet_no_download_link,https://www.alldatasheet.com/,sn74hct583.pdf,sn74hct583.png
sn74hct588,Components,fail:alldatasheet_no_download_link,https://www.alldatasheet.com/,sn74hct588.pdf,sn74hct588.png
sn74hct589,Components,fail:alldatasheet_no_download_link,https://www.alldatasheet.com/,sn74hct589.pdf,sn74hct589.png
sn74hct590,Components,fail:alldatasheet_no_download_link,https://www.alldatasheet.com/,sn74hct590.pdf,sn74hct590.png
sn74hct591,Components,fail:alldatasheet_no_download_link,https://www.alldatasheet.com/,sn74hct591.pdf,sn74hct591.png
sn74hct592,Components,fail:alldatasheet_no_download_link,https://www.alldatasheet.com/,sn74hct592.pdf,sn74hct592.png
sn74hct593,Components,fail:alldatasheet_no_download_link,https://www.alldatasheet.com/,sn74hct593.pdf,sn74hct593.png
sn74hct594,Components,fail:alldatasheet_no_download_link,https://www.alldatasheet.com/,sn74hct594.pdf,sn74hct594.png
sn74hct595,Components,ok_no_thumb:thumb_missing,https://www.ti.com/lit/ds/symlink/sn74hct595.pdf,sn74hct595.pdf,
sn74hct596,Components,fail:alldatasheet_no_download_link,https://www.alldatasheet.com/,sn74hct596.pdf,sn74hct596.png
sn74hct597,Components,fail:alldatasheet_no_download_link,https://www.alldatasheet.com/,sn74hct597.pdf,sn74hct597.png
sn74hct598,Components,fail:alldatasheet_no_download_link,https://www.alldatasheet.com/,sn74hct598.pdf,sn74hct598.png
sn74hct599,Components,fail:alldatasheet_no_download_link,https://www.alldatasheet.com/,sn74hct599.pdf,sn74hct599.png
sn74hct600,Components,fail:alldatasheet_no_download_link,https://www.alldatasheet.com/,sn74hct600.pdf,sn74hct600.png
sn74hct601,Components,fail:alldatasheet_no_download_link,https://www.alldatasheet.com/,sn74hct601.pdf,sn74hct601.png
sn74hct602,Components,fail:alldatasheet_no_download_link,https://www.alldatasheet.com/,sn74hct602.pdf,sn74hct602.png
sn74hct603,Components,fail:alldatasheet_no_download_link,https://www.alldatasheet.com/,sn74hct603.pdf,sn74hct603.png
sn74hct604,Components,fail:alldatasheet_no_download_link,https://www.alldatasheet.com/,sn74hct604.pdf,sn74hct604.png
sn74hct605,Components,fail:alldatasheet_no_download_link,https://www.alldatasheet.com/,sn74hct605.pdf,sn74hct605.png
sn74hct606,Components,fail:alldatasheet_no_download_link,https://www.alldatasheet.com/,sn74hct606.pdf,sn74hct606.png
sn74hct607,Components,fail:alldatasheet_no_download_link,https://www.alldatasheet.com/,sn74hct607.pdf,sn74hct607.png
sn74hct608,Components,fail:alldatasheet_no_download_link,https://www.alldatasheet.com/,sn74hct608.pdf,sn74hct608.png
sn74hct610,Components,fail:alldatasheet_no_download_link,https://www.alldatasheet.com/,sn74hct610.pdf,sn74hct610.png
sn74hct611,Components,fail:alldatasheet_no_download_link,https://www.alldatasheet.com/,sn74hct611.pdf,sn74hct611.png
sn74hct612,Components,fail:alldatasheet_no_download_link,https://www.alldatasheet.com/,sn74hct612.pdf,sn74hct612.png
sn74hct613,Components,fail:alldatasheet_no_download_link,https://www.alldatasheet.com/,sn74hct613.pdf,sn74hct613.png
sn74hct614,Components,fail:alldatasheet_no_download_link,https://www.alldatasheet.com/,sn74hct614.pdf,sn74hct614.png
sn74hct615,Components,fail:alldatasheet_no_download_link,https://www.alldatasheet.com/,sn74hct615.pdf,sn74hct615.png
sn74hct616,Components,fail:alldatasheet_no_download_link,https://www.alldatasheet.com/,sn74hct616.pdf,sn74hct616.png
sn74hct617,Components,fail:alldatasheet_no_download_link,https://www.alldatasheet.com/,sn74hct617.pdf,sn74hct617.png
sn74hct620,Components,fail:alldatasheet_no_download_link,https://www.alldatasheet.com/,sn74hct620.pdf,sn74hct620.png
sn74hct621,Components,fail:alldatasheet_no_download_link,https://www.alldatasheet.com/,sn74hct621.pdf,sn74hct621.png
sn74hct622,Components,fail:alldatasheet_no_download_link,https://www.alldatasheet.com/,sn74hct622.pdf,sn74hct622.png
sn74hct623,Components,ok_no_thumb:thumb_missing,https://www.ti.com/lit/ds/symlink/sn74hct623.pdf,sn74hct623.pdf,
sn74hct624,Components,fail:alldatasheet_no_download_link,https://www.alldatasheet.com/,sn74hct624.pdf,sn74hct624.png
sn74hct625,Components,fail:alldatasheet_no_download_link,https://www.alldatasheet.com/,sn74hct625.pdf,sn74hct625.png
sn74hct626,Components,fail:alldatasheet_no_download_link,https://www.alldatasheet.com/,sn74hct626.pdf,sn74hct626.png
sn74hct627,Components,fail:alldatasheet_no_download_link,https://www.alldatasheet.com/,sn74hct627.pdf,sn74hct627.png
sn74hct628,Components,fail:alldatasheet_no_download_link,https://www.alldatasheet.com/,sn74hct628.pdf,sn74hct628.png
sn74hct629,Components,fail:alldatasheet_no_download_link,https://www.alldatasheet.com/,sn74hct629.pdf,sn74hct629.png
sn74hct630,Components,fail:alldatasheet_no_download_link,https://www.alldatasheet.com/,sn74hct630.pdf,sn74hct630.png
sn74hct631,Components,fail:alldatasheet_no_download_link,https://www.alldatasheet.com/,sn74hct631.pdf,sn74hct631.png
sn74hct632,Components,fail:alldatasheet_no_download_link,https://www.alldatasheet.com/,sn74hct632.pdf,sn74hct632.png
sn74hct633,Components,fail:alldatasheet_no_download_link,https://www.alldatasheet.com/,sn74hct633.pdf,sn74hct633.png
sn74hct634,Components,fail:alldatasheet_no_download_link,https://www.alldatasheet.com/,sn74hct634.pdf,sn74hct634.png
sn74hct635,Components,fail:alldatasheet_no_download_link,https://www.alldatasheet.com/,sn74hct635.pdf,sn74hct635.png
sn74hct636,Components,fail:alldatasheet_no_download_link,https://www.alldatasheet.com/,sn74hct636.pdf,sn74hct636.png
sn74hct637,Components,fail:alldatasheet_no_download_link,https://www.alldatasheet.com/,sn74hct637.pdf,sn74hct637.png
sn74hct638,Components,fail:alldatasheet_no_download_link,https://www.alldatasheet.com/,sn74hct638.pdf,sn74hct638.png
sn74hct639,Components,fail:alldatasheet_no_download_link,https://www.alldatasheet.com/,sn74hct639.pdf,sn74hct639.png
sn74hct640,Components,fail:alldatasheet_no_download_link,https://www.alldatasheet.com/,sn74hct640.pdf,sn74hct640.png
sn74hct641,Components,fail:alldatasheet_no_download_link,https://www.alldatasheet.com/,sn74hct641.pdf,sn74hct641.png
sn74hct642,Components,fail:alldatasheet_no_download_link,https://www.alldatasheet.com/,sn74hct642.pdf,sn74hct642.png
sn74hct643,Components,fail:alldatasheet_no_download_link,https://www.alldatasheet.com/,sn74hct643.pdf,sn74hct643.png
sn74hct644,Components,fail:alldatasheet_no_download_link,https://www.alldatasheet.com/,sn74hct644.pdf,sn74hct644.png
sn74hct645,Components,ok_no_thumb:thumb_missing,https://www.ti.com/lit/ds/symlink/sn74hct645.pdf,sn74hct645.pdf,
sn74hct646,Components,ok_no_thumb:thumb_missing,https://www.ti.com/lit/ds/symlink/sn74hct646.pdf,sn74hct646.pdf,
sn74hct647,Components,fail:alldatasheet_no_download_link,https://www.alldatasheet.com/,sn74hct647.pdf,sn74hct647.png
sn74hct648,Components,fail:alldatasheet_no_download_link,https://www.alldatasheet.com/,sn74hct648.pdf,sn74hct648.png
sn74hct649,Components,fail:alldatasheet_no_download_link,https://www.alldatasheet.com/,sn74hct649.pdf,sn74hct649.png
sn74hct651,Components,fail:alldatasheet_no_download_link,https://www.alldatasheet.com/,sn74hct651.pdf,sn74hct651.png
sn74hct652,Components,ok_no_thumb:thumb_missing,https://www.ti.com/lit/ds/symlink/sn74hct652.pdf,sn74hct652.pdf,
sn74hct653,Components,fail:alldatasheet_no_download_link,https://www.alldatasheet.com/,sn74hct653.pdf,sn74hct653.png
sn74hct654,Components,fail:alldatasheet_no_download_link,https://www.alldatasheet.com/,sn74hct654.pdf,sn74hct654.png
sn74hct655,Components,fail:alldatasheet_no_download_link,https://www.alldatasheet.com/,sn74hct655.pdf,sn74hct655.png
sn74hct656,Components,fail:alldatasheet_no_download_link,https://www.alldatasheet.com/,sn74hct656.pdf,sn74hct656.png
sn74hct657,Components,fail:alldatasheet_no_download_link,https://www.alldatasheet.com/,sn74hct657.pdf,sn74hct657.png
sn74hct658,Components,fail:alldatasheet_no_download_link,https://www.alldatasheet.com/,sn74hct658.pdf,sn74hct658.png
sn74hct659,Components,fail:alldatasheet_no_download_link,https://www.alldatasheet.com/,sn74hct659.pdf,sn74hct659.png
sn74hct664,Components,fail:alldatasheet_no_download_link,https://www.alldatasheet.com/,sn74hct664.pdf,sn74hct664.png
sn74hct665,Components,fail:alldatasheet_no_download_link,https://www.alldatasheet.com/,sn74hct665.pdf,sn74hct665.png
sn74hct666,Components,fail:alldatasheet_no_download_link,https://www.alldatasheet.com/,sn74hct666.pdf,sn74hct666.png
sn74hct667,Components,fail:alldatasheet_no_download_link,https://www.alldatasheet.com/,sn74hct667.pdf,sn74hct667.png
sn74hct668,Components,fail:alldatasheet_no_download_link,https://www.alldatasheet.com/,sn74hct668.pdf,sn74hct668.png
sn74hct669,Components,fail:alldatasheet_no_download_link,https://www.alldatasheet.com/,sn74hct669.pdf,sn74hct669.png
sn74hct670,Components,fail:alldatasheet_no_download_link,https://www.alldatasheet.com/,sn74hct670.pdf,sn74hct670.png
sn74hct671,Components,fail:alldatasheet_no_download_link,https://www.alldatasheet.com/,sn74hct671.pdf,sn74hct671.png
sn74hct672,Components,fail:alldatasheet_no_download_link,https://www.alldatasheet.com/,sn74hct672.pdf,sn74hct672.png
sn74hct673,Components,fail:alldatasheet_no_download_link,https://www.alldatasheet.com/,sn74hct673.pdf,sn74hct673.png
sn74hct674,Components,fail:alldatasheet_no_download_link,https://www.alldatasheet.com/,sn74hct674.pdf,sn74hct674.png
sn74hct675,Components,fail:alldatasheet_no_download_link,https://www.alldatasheet.com/,sn74hct675.pdf,sn74hct675.png
sn74hct676,Components,fail:alldatasheet_no_download_link,https://www.alldatasheet.com/,sn74hct676.pdf,sn74hct676.png
sn74hct677,Components,fail:alldatasheet_no_download_link,https://www.alldatasheet.com/,sn74hct677.pdf,sn74hct677.png
sn74hct678,Components,fail:alldatasheet_no_download_link,https://www.alldatasheet.com/,sn74hct678.pdf,sn74hct678.png
sn74hct679,Components,fail:alldatasheet_no_download_link,https://www.alldatasheet.com/,sn74hct679.pdf,sn74hct679.png
sn74hct680,Components,fail:alldatasheet_no_download_link,https://www.alldatasheet.com/,sn74hct680.pdf,sn74hct680.png
sn74hct681,Components,fail:alldatasheet_no_download_link,https://www.alldatasheet.com/,sn74hct681.pdf,sn74hct681.png
sn74hct682,Components,fail:alldatasheet_no_download_link,https://www.alldatasheet.com/,sn74hct682.pdf,sn74hct682.png
sn74hct683,Components,fail:alldatasheet_no_download_link,https://www.alldatasheet.com/,sn74hct683.pdf,sn74hct683.png
sn74hct684,Components,fail:alldatasheet_no_download_link,https://www.alldatasheet.com/,sn74hct684.pdf,sn74hct684.png
sn74hct685,Components,fail:alldatasheet_no_download_link,https://www.alldatasheet.com/,sn74hct685.pdf,sn74hct685.png
sn74hct686,Components,fail:alldatasheet_no_download_link,https://www.alldatasheet.com/,sn74hct686.pdf,sn74hct686.png
sn74hct687,Components,fail:alldatasheet_no_download_link,https://www.alldatasheet.com/,sn74hct687.pdf,sn74hct687.png
sn74hct688,Components,fail:alldatasheet_no_download_link,https://www.alldatasheet.com/,sn74hct688.pdf,sn74hct688.png
sn74hct689,Components,fail:alldatasheet_no_download_link,https://www.alldatasheet.com/,sn74hct689.pdf,sn74hct689.png
sn74hct690,Components,fail:alldatasheet_no_download_link,https://www.alldatasheet.com/,sn74hct690.pdf,sn74hct690.png
sn74hct691,Components,fail:alldatasheet_no_download_link,https://www.alldatasheet.com/,sn74hct691.pdf,sn74hct691.png
sn74hct692,Components,fail:alldatasheet_no_download_link,https://www.alldatasheet.com/,sn74hct692.pdf,sn74hct692.png
sn74hct693,Components,fail:alldatasheet_no_download_link,https://www.alldatasheet.com/,sn74hct693.pdf,sn74hct693.png
sn74hct694,Components,fail:alldatasheet_no_download_link,https://www.alldatasheet.com/,sn74hct694.pdf,sn74hct694.png
sn74hct695,Components,fail:alldatasheet_no_download_link,https://www.alldatasheet.com/,sn74hct695.pdf,sn74hct695.png
sn74hct696,Components,fail:alldatasheet_no_download_link,https://www.alldatasheet.com/,sn74hct696.pdf,sn74hct696.png
sn74hct697,Components,fail:alldatasheet_no_download_link,https://www.alldatasheet.com/,sn74hct697.pdf,sn74hct697.png
sn74hct698,Components,fail:alldatasheet_no_download_link,https://www.alldatasheet.com/,sn74hct698.pdf,sn74hct698.png
sn74hct699,Components,fail:alldatasheet_no_download_link,https://www.alldatasheet.com/,sn74hct699.pdf,sn74hct699.png
sn74hct700,Components,fail:alldatasheet_no_download_link,https://www.alldatasheet.com/,sn74hct700.pdf,sn74hct700.png
sn74hct701,Components,fail:alldatasheet_no_download_link,https://www.alldatasheet.com/,sn74hct701.pdf,sn74hct701.png
sn74hct702,Components,fail:alldatasheet_no_download_link,https://www.alldatasheet.com/,sn74hct702.pdf,sn74hct702.png
sn74hct705,Components,fail:alldatasheet_no_download_link,https://www.alldatasheet.com/,sn74hct705.pdf,sn74hct705.png
sn74hct707,Components,fail:alldatasheet_no_download_link,https://www.alldatasheet.com/,sn74hct707.pdf,sn74hct707.png
sn74hct708,Components,fail:alldatasheet_no_download_link,https://www.alldatasheet.com/,sn74hct708.pdf,sn74hct708.png
sn74hct710,Components,fail:alldatasheet_no_download_link,https://www.alldatasheet.com/,sn74hct710.pdf,sn74hct710.png
sn74hct711,Components,fail:alldatasheet_no_download_link,https://www.alldatasheet.com/,sn74hct711.pdf,sn74hct711.png
sn74hct712,Components,fail:alldatasheet_no_download_link,https://www.alldatasheet.com/,sn74hct712.pdf,sn74hct712.png
sn74hct715,Components,fail:alldatasheet_no_download_link,https://www.alldatasheet.com/,sn74hct715.pdf,sn74hct715.png
sn74hct716,Components,fail:alldatasheet_no_download_link,https://www.alldatasheet.com/,sn74hct716.pdf,sn74hct716.png
sn74hct718,Components,fail:alldatasheet_no_download_link,https://www.alldatasheet.com/,sn74hct718.pdf,sn74hct718.png
sn74hct723,Components,fail:alldatasheet_no_download_link,https://www.alldatasheet.com/,sn74hct723.pdf,sn74hct723.png
sn74hct724,Components,fail:alldatasheet_no_download_link,https://www.alldatasheet.com/,sn74hct724.pdf,sn74hct724.png
sn74hct725,Components,fail:alldatasheet_no_download_link,https://www.alldatasheet.com/,sn74hct725.pdf,sn74hct725.png
sn74hct730,Components,fail:alldatasheet_no_download_link,https://www.alldatasheet.com/,sn74hct730.pdf,sn74hct730.png
sn74hct731,Components,fail:alldatasheet_no_download_link,https://www.alldatasheet.com/,sn74hct731.pdf,sn74hct731.png
sn74hct732,Components,fail:alldatasheet_no_download_link,https://www.alldatasheet.com/,sn74hct732.pdf,sn74hct732.png
sn74hct733,Components,fail:alldatasheet_no_download_link,https://www.alldatasheet.com/,sn74hct733.pdf,sn74hct733.png
sn74hct734,Components,fail:alldatasheet_no_download_link,https://www.alldatasheet.com/,sn74hct734.pdf,sn74hct734.png
sn74hct740,Components,fail:alldatasheet_no_download_link,https://www.alldatasheet.com/,sn74hct740.pdf,sn74hct740.png
sn74hct741,Components,fail:alldatasheet_no_download_link,https://www.alldatasheet.com/,sn74hct741.pdf,sn74hct741.png
sn74hct742,Components,fail:alldatasheet_no_download_link,https://www.alldatasheet.com/,sn74hct742.pdf,sn74hct742.png
sn74hct743,Components,fail:alldatasheet_no_download_link,https://www.alldatasheet.com/,sn74hct743.pdf,sn74hct743.png
sn74hct744,Components,fail:alldatasheet_no_download_link,https://www.alldatasheet.com/,sn74hct744.pdf,sn74hct744.png
sn74hct746,Components,fail:alldatasheet_no_download_link,https://www.alldatasheet.com/,sn74hct746.pdf,sn74hct746.png
sn74hct747,Components,fail:alldatasheet_no_download_link,https://www.alldatasheet.com/,sn74hct747.pdf,sn74hct747.png
sn74hct748,Components,fail:alldatasheet_no_download_link,https://www.alldatasheet.com/,sn74hct748.pdf,sn74hct748.png
sn74hct756,Components,fail:alldatasheet_no_download_link,https://www.alldatasheet.com/,sn74hct756.pdf,sn74hct756.png
sn74hct757,Components,fail:alldatasheet_no_download_link,https://www.alldatasheet.com/,sn74hct757.pdf,sn74hct757.png
sn74hct758,Components,fail:alldatasheet_no_download_link,https://www.alldatasheet.com/,sn74hct758.pdf,sn74hct758.png
sn74hct759,Components,fail:alldatasheet_no_download_link,https://www.alldatasheet.com/,sn74hct759.pdf,sn74hct759.png
sn74hct760,Components,fail:alldatasheet_no_download_link,https://www.alldatasheet.com/,sn74hct760.pdf,sn74hct760.png
sn74hct762,Components,fail:alldatasheet_no_download_link,https://www.alldatasheet.com/,sn74hct762.pdf,sn74hct762.png
sn74hct763,Components,fail:alldatasheet_no_download_link,https://www.alldatasheet.com/,sn74hct763.pdf,sn74hct763.png
sn74hct764,Components,fail:alldatasheet_no_download_link,https://www.alldatasheet.com/,sn74hct764.pdf,sn74hct764.png
sn74hct765,Components,fail:alldatasheet_no_download_link,https://www.alldatasheet.com/,sn74hct765.pdf,sn74hct765.png
sn74hct776,Components,fail:alldatasheet_no_download_link,https://www.alldatasheet.com/,sn74hct776.pdf,sn74hct776.png
sn74hct777,Components,fail:alldatasheet_no_download_link,https://www.alldatasheet.com/,sn74hct777.pdf,sn74hct777.png
sn74hct779,Components,fail:alldatasheet_no_download_link,https://www.alldatasheet.com/,sn74hct779.pdf,sn74hct779.png
sn74hct783,Components,fail:alldatasheet_no_download_link,https://www.alldatasheet.com/,sn74hct783.pdf,sn74hct783.png
sn74hct784,Components,fail:alldatasheet_no_download_link,https://www.alldatasheet.com/,sn74hct784.pdf,sn74hct784.png
sn74hct785,Components,fail:alldatasheet_no_download_link,https://www.alldatasheet.com/,sn74hct785.pdf,sn74hct785.png
sn74hct786,Components,fail:alldatasheet_no_download_link,https://www.alldatasheet.com/,sn74hct786.pdf,sn74hct786.png
sn74hct790,Components,fail:alldatasheet_no_download_link,https://www.alldatasheet.com/,sn74hct790.pdf,sn74hct790.png
sn74hct793,Components,fail:alldatasheet_no_download_link,https://www.alldatasheet.com/,sn74hct793.pdf,sn74hct793.png
sn74hct794,Components,fail:alldatasheet_no_download_link,https://www.alldatasheet.com/,sn74hct794.pdf,sn74hct794.png
sn74hct795,Components,fail:alldatasheet_no_download_link,https://www.alldatasheet.com/,sn74hct795.pdf,sn74hct795.png
sn74hct796,Components,fail:alldatasheet_no_download_link,https://www.alldatasheet.com/,sn74hct796.pdf,sn74hct796.png
sn74hct797,Components,fail:alldatasheet_no_download_link,https://www.alldatasheet.com/,sn74hct797.pdf,sn74hct797.png
sn74hct798,Components,fail:alldatasheet_no_download_link,https://www.alldatasheet.com/,sn74hct798.pdf,sn74hct798.png
sn74hct799,Components,fail:alldatasheet_no_download_link,https://www.alldatasheet.com/,sn74hct799.pdf,sn74hct799.png
sn74hct800,Components,fail:alldatasheet_no_download_link,https://www.alldatasheet.com/,sn74hct800.pdf,sn74hct800.png
sn74hct802,Components,fail:alldatasheet_no_download_link,https://www.alldatasheet.com/,sn74hct802.pdf,sn74hct802.png
sn74hct803,Components,fail:alldatasheet_no_download_link,https://www.alldatasheet.com/,sn74hct803.pdf,sn74hct803.png
sn74hct804,Components,fail:alldatasheet_no_download_link,https://www.alldatasheet.com/,sn74hct804.pdf,sn74hct804.png
sn74hct805,Components,fail:alldatasheet_no_download_link,https://www.alldatasheet.com/,sn74hct805.pdf,sn74hct805.png
sn74hct807,Components,fail:alldatasheet_no_download_link,https://www.alldatasheet.com/,sn74hct807.pdf,sn74hct807.png
sn74hct808,Components,fail:alldatasheet_no_download_link,https://www.alldatasheet.com/,sn74hct808.pdf,sn74hct808.png
sn74hct810,Components,fail:alldatasheet_no_download_link,https://www.alldatasheet.com/,sn74hct810.pdf,sn74hct810.png
sn74hct811,Components,fail:alldatasheet_no_download_link,https://www.alldatasheet.com/,sn74hct811.pdf,sn74hct811.png
sn74hct817,Components,fail:alldatasheet_no_download_link,https://www.alldatasheet.com/,sn74hct817.pdf,sn74hct817.png
sn74hct818,Components,fail:alldatasheet_no_download_link,https://www.alldatasheet.com/,sn74hct818.pdf,sn74hct818.png
sn74hct819,Components,fail:alldatasheet_no_download_link,https://www.alldatasheet.com/,sn74hct819.pdf,sn74hct819.png
sn74hct821,Components,fail:alldatasheet_no_download_link,https://www.alldatasheet.com/,sn74hct821.pdf,sn74hct821.png
sn74hct822,Components,fail:alldatasheet_no_download_link,https://www.alldatasheet.com/,sn74hct822.pdf,sn74hct822.png
sn74hct823,Components,fail:alldatasheet_no_download_link,https://www.alldatasheet.com/,sn74hct823.pdf,sn74hct823.png
sn74hct824,Components,fail:alldatasheet_no_download_link,https://www.alldatasheet.com/,sn74hct824.pdf,sn74hct824.png
sn74hct825,Components,fail:alldatasheet_no_download_link,https://www.alldatasheet.com/,sn74hct825.pdf,sn74hct825.png
sn74hct826,Components,fail:alldatasheet_no_download_link,https://www.alldatasheet.com/,sn74hct826.pdf,sn74hct826.png
sn74hct827,Components,fail:alldatasheet_no_download_link,https://www.alldatasheet.com/,sn74hct827.pdf,sn74hct827.png
sn74hct828,Components,fail:alldatasheet_no_download_link,https://www.alldatasheet.com/,sn74hct828.pdf,sn74hct828.png
sn74hct832,Components,fail:alldatasheet_no_download_link,https://www.alldatasheet.com/,sn74hct832.pdf,sn74hct832.png
sn74hct833,Components,fail:alldatasheet_no_download_link,https://www.alldatasheet.com/,sn74hct833.pdf,sn74hct833.png
sn74hct834,Components,fail:alldatasheet_no_download_link,https://www.alldatasheet.com/,sn74hct834.pdf,sn74hct834.png
sn74hct835,Components,fail:alldatasheet_no_download_link,https://www.alldatasheet.com/,sn74hct835.pdf,sn74hct835.png
sn74hct839,Components,fail:alldatasheet_no_download_link,https://www.alldatasheet.com/,sn74hct839.pdf,sn74hct839.png
sn74hct840,Components,fail:alldatasheet_no_download_link,https://www.alldatasheet.com/,sn74hct840.pdf,sn74hct840.png
sn74hct841,Components,fail:alldatasheet_no_download_link,https://www.alldatasheet.com/,sn74hct841.pdf,sn74hct841.png
sn74hct842,Components,fail:alldatasheet_no_download_link,https://www.alldatasheet.com/,sn74hct842.pdf,sn74hct842.png
sn74hct843,Components,fail:alldatasheet_no_download_link,https://www.alldatasheet.com/,sn74hct843.pdf,sn74hct843.png
sn74hct844,Components,fail:alldatasheet_no_download_link,https://www.alldatasheet.com/,sn74hct844.pdf,sn74hct844.png
sn74hct845,Components,fail:alldatasheet_no_download_link,https://www.alldatasheet.com/,sn74hct845.pdf,sn74hct845.png
sn74hct846,Components,fail:alldatasheet_no_download_link,https://www.alldatasheet.com/,sn74hct846.pdf,sn74hct846.png
sn74hct848,Components,fail:alldatasheet_no_download_link,https://www.alldatasheet.com/,sn74hct848.pdf,sn74hct848.png
sn74hct850,Components,fail:alldatasheet_no_download_link,https://www.alldatasheet.com/,sn74hct850.pdf,sn74hct850.png
sn74hct851,Components,fail:alldatasheet_no_download_link,https://www.alldatasheet.com/,sn74hct851.pdf,sn74hct851.png
sn74hct852,Components,fail:alldatasheet_no_download_link,https://www.alldatasheet.com/,sn74hct852.pdf,sn74hct852.png
sn74hct853,Components,fail:alldatasheet_no_download_link,https://www.alldatasheet.com/,sn74hct853.pdf,sn74hct853.png
sn74hct854,Components,fail:alldatasheet_no_download_link,https://www.alldatasheet.com/,sn74hct854.pdf,sn74hct854.png
sn74hct856,Components,fail:alldatasheet_no_download_link,https://www.alldatasheet.com/,sn74hct856.pdf,sn74hct856.png
sn74hct857,Components,fail:alldatasheet_no_download_link,https://www.alldatasheet.com/,sn74hct857.pdf,sn74hct857.png
sn74hct861,Components,fail:alldatasheet_no_download_link,https://www.alldatasheet.com/,sn74hct861.pdf,sn74hct861.png
sn74hct862,Components,fail:alldatasheet_no_download_link,https://www.alldatasheet.com/,sn74hct862.pdf,sn74hct862.png
sn74hct863,Components,fail:alldatasheet_no_download_link,https://www.alldatasheet.com/,sn74hct863.pdf,sn74hct863.png
sn74hct864,Components,fail:alldatasheet_no_download_link,https://www.alldatasheet.com/,sn74hct864.pdf,sn74hct864.png
sn74hct866,Components,fail:alldatasheet_no_download_link,https://www.alldatasheet.com/,sn74hct866.pdf,sn74hct866.png
sn74hct867,Components,fail:alldatasheet_no_download_link,https://www.alldatasheet.com/,sn74hct867.pdf,sn74hct867.png
sn74hct869,Components,fail:alldatasheet_no_download_link,https://www.alldatasheet.com/,sn74hct869.pdf,sn74hct869.png
sn74hct870,Components,fail:alldatasheet_no_download_link,https://www.alldatasheet.com/,sn74hct870.pdf,sn74hct870.png
sn74hct871,Components,fail:alldatasheet_no_download_link,https://www.alldatasheet.com/,sn74hct871.pdf,sn74hct871.png
sn74hct873,Components,fail:alldatasheet_no_download_link,https://www.alldatasheet.com/,sn74hct873.pdf,sn74hct873.png
sn74hct874,Components,fail:alldatasheet_no_download_link,https://www.alldatasheet.com/,sn74hct874.pdf,sn74hct874.png
sn74hct876,Components,fail:alldatasheet_no_download_link,https://www.alldatasheet.com/,sn74hct876.pdf,sn74hct876.png
sn74hct877,Components,fail:alldatasheet_no_download_link,https://www.alldatasheet.com/,sn74hct877.pdf,sn74hct877.png
sn74hct878,Components,fail:alldatasheet_no_download_link,https://www.alldatasheet.com/,sn74hct878.pdf,sn74hct878.png
sn74hct879,Components,fail:alldatasheet_no_download_link,https://www.alldatasheet.com/,sn74hct879.pdf,sn74hct879.png
sn74hct880,Components,fail:alldatasheet_no_download_link,https://www.alldatasheet.com/,sn74hct880.pdf,sn74hct880.png
sn74hct881,Components,fail:alldatasheet_no_download_link,https://www.alldatasheet.com/,sn74hct881.pdf,sn74hct881.png
sn74hct882,Components,fail:alldatasheet_no_download_link,https://www.alldatasheet.com/,sn74hct882.pdf,sn74hct882.png
sn74hct885,Components,fail:alldatasheet_no_download_link,https://www.alldatasheet.com/,sn74hct885.pdf,sn74hct885.png
sn74hct887,Components,fail:alldatasheet_no_download_link,https://www.alldatasheet.com/,sn74hct887.pdf,sn74hct887.png
sn74hct888,Components,fail:alldatasheet_no_download_link,https://www.alldatasheet.com/,sn74hct888.pdf,sn74hct888.png
sn74hct889,Components,fail:alldatasheet_no_download_link,https://www.alldatasheet.com/,sn74hct889.pdf,sn74hct889.png
sn74hct890,Components,fail:alldatasheet_no_download_link,https://www.alldatasheet.com/,sn74hct890.pdf,sn74hct890.png
sn74hct891,Components,fail:alldatasheet_no_download_link,https://www.alldatasheet.com/,sn74hct891.pdf,sn74hct891.png
sn74hct895,Components,fail:alldatasheet_no_download_link,https://www.alldatasheet.com/,sn74hct895.pdf,sn74hct895.png
sn74hct897,Components,fail:alldatasheet_no_download_link,https://www.alldatasheet.com/,sn74hct897.pdf,sn74hct897.png
sn74hct899,Components,fail:alldatasheet_no_download_link,https://www.alldatasheet.com/,sn74hct899.pdf,sn74hct899.png
sn74hct900,Components,fail:alldatasheet_no_download_link,https://www.alldatasheet.com/,sn74hct900.pdf,sn74hct900.png
sn74hct901,Components,fail:alldatasheet_no_download_link,https://www.alldatasheet.com/,sn74hct901.pdf,sn74hct901.png
sn74hct904,Components,fail:alldatasheet_no_download_link,https://www.alldatasheet.com/,sn74hct904.pdf,sn74hct904.png
sn74hct905,Components,fail:alldatasheet_no_download_link,https://www.alldatasheet.com/,sn74hct905.pdf,sn74hct905.png
sn74hct906,Components,fail:alldatasheet_no_download_link,https://www.alldatasheet.com/,sn74hct906.pdf,sn74hct906.png
sn74hct907,Components,fail:alldatasheet_no_download_link,https://www.alldatasheet.com/,sn74hct907.pdf,sn74hct907.png
sn74hct908,Components,fail:alldatasheet_no_download_link,https://www.alldatasheet.com/,sn74hct908.pdf,sn74hct908.png
sn74hct909,Components,fail:alldatasheet_no_download_link,https://www.alldatasheet.com/,sn74hct909.pdf,sn74hct909.png
sn74hct910,Components,fail:alldatasheet_no_download_link,https://www.alldatasheet.com/,sn74hct910.pdf,sn74hct910.png
sn74hct911,Components,fail:alldatasheet_no_download_link,https://www.alldatasheet.com/,sn74hct911.pdf,sn74hct911.png
sn74hct912,Components,fail:alldatasheet_no_download_link,https://www.alldatasheet.com/,sn74hct912.pdf,sn74hct912.png
sn74hct913,Components,fail:alldatasheet_no_download_link,https://www.alldatasheet.com/,sn74hct913.pdf,sn74hct913.png
sn74hct914,Components,fail:alldatasheet_no_download_link,https://www.alldatasheet.com/,sn74hct914.pdf,sn74hct914.png
sn74hct915,Components,fail:alldatasheet_no_download_link,https://www.alldatasheet.com/,sn74hct915.pdf,sn74hct915.png
sn74hct917,Components,fail:alldatasheet_no_download_link,https://www.alldatasheet.com/,sn74hct917.pdf,sn74hct917.png
sn74hct918,Components,fail:alldatasheet_no_download_link,https://www.alldatasheet.com/,sn74hct918.pdf,sn74hct918.png
sn74hct920,Components,fail:alldatasheet_no_download_link,https://www.alldatasheet.com/,sn74hct920.pdf,sn74hct920.png
sn74hct921,Components,fail:alldatasheet_no_download_link,https://www.alldatasheet.com/,sn74hct921.pdf,sn74hct921.png
sn74hct922,Components,fail:alldatasheet_no_download_link,https://www.alldatasheet.com/,sn74hct922.pdf,sn74hct922.png
sn74hct923,Components,fail:alldatasheet_no_download_link,https://www.alldatasheet.com/,sn74hct923.pdf,sn74hct923.png
sn74hct925,Components,fail:alldatasheet_no_download_link,https://www.alldatasheet.com/,sn74hct925.pdf,sn74hct925.png
sn74hct926,Components,fail:alldatasheet_no_download_link,https://www.alldatasheet.com/,sn74hct926.pdf,sn74hct926.png
sn74hct927,Components,fail:alldatasheet_no_download_link,https://www.alldatasheet.com/,sn74hct927.pdf,sn74hct927.png
sn74hct928,Components,fail:alldatasheet_no_download_link,https://www.alldatasheet.com/,sn74hct928.pdf,sn74hct928.png
sn74hct929,Components,fail:alldatasheet_no_download_link,https://www.alldatasheet.com/,sn74hct929.pdf,sn74hct929.png
sn74hct930,Components,fail:alldatasheet_no_download_link,https://www.alldatasheet.com/,sn74hct930.pdf,sn74hct930.png
sn74hct932,Components,fail:alldatasheet_no_download_link,https://www.alldatasheet.com/,sn74hct932.pdf,sn74hct932.png
sn74hct933,Components,fail:alldatasheet_no_download_link,https://www.alldatasheet.com/,sn74hct933.pdf,sn74hct933.png
sn74hct935,Components,fail:alldatasheet_no_download_link,https://www.alldatasheet.com/,sn74hct935.pdf,sn74hct935.png
sn74hct936,Components,fail:alldatasheet_no_download_link,https://www.alldatasheet.com/,sn74hct936.pdf,sn74hct936.png
sn74hct937,Components,fail:alldatasheet_no_download_link,https://www.alldatasheet.com/,sn74hct937.pdf,sn74hct937.png
sn74hct938,Components,fail:alldatasheet_no_download_link,https://www.alldatasheet.com/,sn74hct938.pdf,sn74hct938.png
sn74hct940,Components,fail:alldatasheet_no_download_link,https://www.alldatasheet.com/,sn74hct940.pdf,sn74hct940.png
sn74hct941,Components,fail:alldatasheet_no_download_link,https://www.alldatasheet.com/,sn74hct941.pdf,sn74hct941.png
sn74hct942,Components,fail:alldatasheet_no_download_link,https://www.alldatasheet.com/,sn74hct942.pdf,sn74hct942.png
sn74hct943,Components,fail:alldatasheet_no_download_link,https://www.alldatasheet.com/,sn74hct943.pdf,sn74hct943.png
sn74hct945,Components,fail:alldatasheet_no_download_link,https://www.alldatasheet.com/,sn74hct945.pdf,sn74hct945.png
sn74hct946,Components,fail:alldatasheet_no_download_link,https://www.alldatasheet.com/,sn74hct946.pdf,sn74hct946.png
sn74hct947,Components,fail:alldatasheet_no_download_link,https://www.alldatasheet.com/,sn74hct947.pdf,sn74hct947.png
sn74hct948,Components,fail:alldatasheet_no_download_link,https://www.alldatasheet.com/,sn74hct948.pdf,sn74hct948.png
sn74hct949,Components,fail:alldatasheet_no_download_link,https://www.alldatasheet.com/,sn74hct949.pdf,sn74hct949.png
sn74hct950,Components,fail:alldatasheet_no_download_link,https://www.alldatasheet.com/,sn74hct950.pdf,sn74hct950.png
sn74hct952,Components,fail:alldatasheet_no_download_link,https://www.alldatasheet.com/,sn74hct952.pdf,sn74hct952.png
sn74hct962,Components,fail:alldatasheet_no_download_link,https://www.alldatasheet.com/,sn74hct962.pdf,sn74hct962.png
sn74hct963,Components,fail:alldatasheet_no_download_link,https://www.alldatasheet.com/,sn74hct963.pdf,sn74hct963.png
sn74hct964,Components,fail:alldatasheet_no_download_link,https://www.alldatasheet.com/,sn74hct964.pdf,sn74hct964.png
sn74hct968,Components,fail:alldatasheet_no_download_link,https://www.alldatasheet.com/,sn74hct968.pdf,sn74hct968.png
sn74hct978,Components,fail:alldatasheet_no_download_link,https://www.alldatasheet.com/,sn74hct978.pdf,sn74hct978.png
sn74hct979,Components,fail:alldatasheet_no_download_link,https://www.alldatasheet.com/,sn74hct979.pdf,sn74hct979.png
sn74hct989,Components,fail:alldatasheet_no_download_link,https://www.alldatasheet.com/,sn74hct989.pdf,sn74hct989.png
sn74hct990,Components,fail:alldatasheet_no_download_link,https://www.alldatasheet.com/,sn74hct990.pdf,sn74hct990.png
sn74hct991,Components,fail:alldatasheet_no_download_link,https://www.alldatasheet.com/,sn74hct991.pdf,sn74hct991.png
sn74hct992,Components,fail:alldatasheet_no_download_link,https://www.alldatasheet.com/,sn74hct992.pdf,sn74hct992.png
sn74hct993,Components,fail:alldatasheet_no_download_link,https://www.alldatasheet.com/,sn74hct993.pdf,sn74hct993.png
sn74hct994,Components,fail:alldatasheet_no_download_link,https://www.alldatasheet.com/,sn74hct994.pdf,sn74hct994.png
sn74hct995,Components,fail:alldatasheet_no_download_link,https://www.alldatasheet.com/,sn74hct995.pdf,sn74hct995.png
sn74hct996,Components,fail:alldatasheet_no_download_link,https://www.alldatasheet.com/,sn74hct996.pdf,sn74hct996.png
sn74hct999,Components,fail:alldatasheet_no_download_link,https://www.alldatasheet.com/,sn74hct999.pdf,sn74hct999.png
sn74hct1000,Components,fail:alldatasheet_no_download_link,https://www.alldatasheet.com/,sn74hct1000.pdf,sn74hct1000.png
sn74hct1002,Components,fail:alldatasheet_no_download_link,https://www.alldatasheet.com/,sn74hct1002.pdf,sn74hct1002.png
sn74hct1003,Components,fail:alldatasheet_no_download_link,https://www.alldatasheet.com/,sn74hct1003.pdf,sn74hct1003.png
sn74hct1004,Components,fail:alldatasheet_no_download_link,https://www.alldatasheet.com/,sn74hct1004.pdf,sn74hct1004.png
sn74hct1005,Components,fail:alldatasheet_no_download_link,https://www.alldatasheet.com/,sn74hct1005.pdf,sn74hct1005.png
sn74hct1008,Components,fail:alldatasheet_no_download_link,https://www.alldatasheet.com/,sn74hct1008.pdf,sn74hct1008.png
sn74hct1011,Components,fail:alldatasheet_no_download_link,https://www.alldatasheet.com/,sn74hct1011.pdf,sn74hct1011.png
sn74hct1017,Components,fail:alldatasheet_no_download_link,https://www.alldatasheet.com/,sn74hct1017.pdf,sn74hct1017.png
sn74hct1018,Components,fail:alldatasheet_no_download_link,https://www.alldatasheet.com/,sn74hct1018.pdf,sn74hct1018.png
sn74hct1020,Components,fail:alldatasheet_no_download_link,https://www.alldatasheet.com/,sn74hct1020.pdf,sn74hct1020.png
sn74hct1032,Components,fail:alldatasheet_no_download_link,https://www.alldatasheet.com/,sn74hct1032.pdf,sn74hct1032.png
sn74hct1034,Components,fail:alldatasheet_no_download_link,https://www.alldatasheet.com/,sn74hct1034.pdf,sn74hct1034.png
sn74hct1035,Components,fail:alldatasheet_no_download_link,https://www.alldatasheet.com/,sn74hct1035.pdf,sn74hct1035.png
sn74hct1036,Components,fail:alldatasheet_no_download_link,https://www.alldatasheet.com/,sn74hct1036.pdf,sn74hct1036.png
sn74hct1050,Components,fail:alldatasheet_no_download_link,https://www.alldatasheet.com/,sn74hct1050.pdf,sn74hct1050.png
sn74hct1051,Components,fail:alldatasheet_no_download_link,https://www.alldatasheet.com/,sn74hct1051.pdf,sn74hct1051.png
sn74hct1052,Components,fail:alldatasheet_no_download_link,https://www.alldatasheet.com/,sn74hct1052.pdf,sn74hct1052.png
sn74hct1053,Components,fail:alldatasheet_no_download_link,https://www.alldatasheet.com/,sn74hct1053.pdf,sn74hct1053.png
sn74hct1056,Components,fail:alldatasheet_no_download_link,https://www.alldatasheet.com/,sn74hct1056.pdf,sn74hct1056.png
sn74hct1071,Components,fail:alldatasheet_no_download_link,https://www.alldatasheet.com/,sn74hct1071.pdf,sn74hct1071.png
sn74hct1073,Components,fail:alldatasheet_no_download_link,https://www.alldatasheet.com/,sn74hct1073.pdf,sn74hct1073.png
sn74hct1074,Components,fail:alldatasheet_no_download_link,https://www.alldatasheet.com/,sn74hct1074.pdf,sn74hct1074.png
sn74hct1181,Components,fail:alldatasheet_no_download_link,https://www.alldatasheet.com/,sn74hct1181.pdf,sn74hct1181.png
sn74hct1240,Components,fail:alldatasheet_no_download_link,https://www.alldatasheet.com/,sn74hct1240.pdf,sn74hct1240.png
sn74hct1241,Components,fail:alldatasheet_no_download_link,https://www.alldatasheet.com/,sn74hct1241.pdf,sn74hct1241.png
sn74hct1242,Components,fail:alldatasheet_no_download_link,https://www.alldatasheet.com/,sn74hct1242.pdf,sn74hct1242.png
sn74hct1243,Components,fail:alldatasheet_no_download_link,https://www.alldatasheet.com/,sn74hct1243.pdf,sn74hct1243.png
sn74hct1244,Components,fail:alldatasheet_no_download_link,https://www.alldatasheet.com/,sn74hct1244.pdf,sn74hct1244.png
sn74hct1245,Components,fail:alldatasheet_no_download_link,https://www.alldatasheet.com/,sn74hct1245.pdf,sn74hct1245.png
sn74hct1280,Components,fail:alldatasheet_no_download_link,https://www.alldatasheet.com/,sn74hct1280.pdf,sn74hct1280.png
sn74hct1284,Components,fail:alldatasheet_no_download_link,https://www.alldatasheet.com/,sn74hct1284.pdf,sn74hct1284.png
sn74hct1394,Components,fail:alldatasheet_no_download_link,https://www.alldatasheet.com/,sn74hct1394.pdf,sn74hct1394.png
sn74hct1395,Components,fail:alldatasheet_no_download_link,https://www.alldatasheet.com/,sn74hct1395.pdf,sn74hct1395.png
sn74hct1403,Components,fail:alldatasheet_no_download_link,https://www.alldatasheet.com/,sn74hct1403.pdf,sn74hct1403.png
sn74hct1404,Components,fail:alldatasheet_no_download_link,https://www.alldatasheet.com/,sn74hct1404.pdf,sn74hct1404.png
sn74hct1604,Components,fail:alldatasheet_no_download_link,https://www.alldatasheet.com/,sn74hct1604.pdf,sn74hct1604.png
sn74hct1612,Components,fail:alldatasheet_no_download_link,https://www.alldatasheet.com/,sn74hct1612.pdf,sn74hct1612.png
sn74hct1616,Components,fail:alldatasheet_no_download_link,https://www.alldatasheet.com/,sn74hct1616.pdf,sn74hct1616.png
sn74hct1620,Components,fail:alldatasheet_no_download_link,https://www.alldatasheet.com/,sn74hct1620.pdf,sn74hct1620.png
sn74hct1621,Components,fail:alldatasheet_no_download_link,https://www.alldatasheet.com/,sn74hct1621.pdf,sn74hct1621.png
sn74hct1622,Components,fail:alldatasheet_no_download_link,https://www.alldatasheet.com/,sn74hct1622.pdf,sn74hct1622.png
sn74hct1623,Components,fail:alldatasheet_no_download_link,https://www.alldatasheet.com/,sn74hct1623.pdf,sn74hct1623.png
sn74hct1624,Components,fail:alldatasheet_no_download_link,https://www.alldatasheet.com/,sn74hct1624.pdf,sn74hct1624.png
sn74hct1625,Components,fail:alldatasheet_no_download_link,https://www.alldatasheet.com/,sn74hct1625.pdf,sn74hct1625.png
sn74hct1626,Components,fail:alldatasheet_no_download_link,https://www.alldatasheet.com/,sn74hct1626.pdf,sn74hct1626.png
sn74hct1627,Components,fail:alldatasheet_no_download_link,https://www.alldatasheet.com/,sn74hct1627.pdf,sn74hct1627.png
sn74hct1628,Components,fail:alldatasheet_no_download_link,https://www.alldatasheet.com/,sn74hct1628.pdf,sn74hct1628.png
sn74hct1629,Components,fail:alldatasheet_no_download_link,https://www.alldatasheet.com/,sn74hct1629.pdf,sn74hct1629.png
sn74hct1631,Components,fail:alldatasheet_no_download_link,https://www.alldatasheet.com/,sn74hct1631.pdf,sn74hct1631.png
sn74hct1633,Components,fail:alldatasheet_no_download_link,https://www.alldatasheet.com/,sn74hct1633.pdf,sn74hct1633.png
sn74hct1634,Components,fail:alldatasheet_no_download_link,https://www.alldatasheet.com/,sn74hct1634.pdf,sn74hct1634.png
sn74hct1637,Components,fail:alldatasheet_no_download_link,https://www.alldatasheet.com/,sn74hct1637.pdf,sn74hct1637.png
sn74hct1638,Components,fail:alldatasheet_no_download_link,https://www.alldatasheet.com/,sn74hct1638.pdf,sn74hct1638.png
sn74hct1639,Components,fail:alldatasheet_no_download_link,https://www.alldatasheet.com/,sn74hct1639.pdf,sn74hct1639.png
sn74hct1640,Components,fail:alldatasheet_no_download_link,https://www.alldatasheet.com/,sn74hct1640.pdf,sn74hct1640.png
sn74hct1641,Components,fail:alldatasheet_no_download_link,https://www.alldatasheet.com/,sn74hct1641.pdf,sn74hct1641.png
sn74hct1642,Components,fail:alldatasheet_no_download_link,https://www.alldatasheet.com/,sn74hct1642.pdf,sn74hct1642.png
sn74hct1643,Components,fail:alldatasheet_no_download_link,https://www.alldatasheet.com/,sn74hct1643.pdf,sn74hct1643.png
sn74hct1644,Components,fail:alldatasheet_no_download_link,https://www.alldatasheet.com/,sn74hct1644.pdf,sn74hct1644.png
sn74hct1645,Components,fail:alldatasheet_no_download_link,https://www.alldatasheet.com/,sn74hct1645.pdf,sn74hct1645.png
sn74hct1646,Components,fail:alldatasheet_no_download_link,https://www.alldatasheet.com/,sn74hct1646.pdf,sn74hct1646.png
sn74hct1647,Components,fail:alldatasheet_no_download_link,https://www.alldatasheet.com/,sn74hct1647.pdf,sn74hct1647.png
sn74hct1650,Components,fail:alldatasheet_no_download_link,https://www.alldatasheet.com/,sn74hct1650.pdf,sn74hct1650.png
sn74hct1651,Components,fail:alldatasheet_no_download_link,https://www.alldatasheet.com/,sn74hct1651.pdf,sn74hct1651.png
sn74hct1652,Components,fail:alldatasheet_no_download_link,https://www.alldatasheet.com/,sn74hct1652.pdf,sn74hct1652.png
sn74hct1653,Components,fail:alldatasheet_no_download_link,https://www.alldatasheet.com/,sn74hct1653.pdf,sn74hct1653.png
sn74hct1654,Components,fail:alldatasheet_no_download_link,https://www.alldatasheet.com/,sn74hct1654.pdf,sn74hct1654.png
sn74hct1655,Components,fail:alldatasheet_no_download_link,https://www.alldatasheet.com/,sn74hct1655.pdf,sn74hct1655.png
sn74hct1660,Components,fail:alldatasheet_no_download_link,https://www.alldatasheet.com/,sn74hct1660.pdf,sn74hct1660.png
sn74hct1661,Components,fail:alldatasheet_no_download_link,https://www.alldatasheet.com/,sn74hct1661.pdf,sn74hct1661.png
sn74hct1662,Components,fail:alldatasheet_no_download_link,https://www.alldatasheet.com/,sn74hct1662.pdf,sn74hct1662.png
sn74hct1664,Components,fail:alldatasheet_no_download_link,https://www.alldatasheet.com/,sn74hct1664.pdf,sn74hct1664.png
sn74hct1665,Components,fail:alldatasheet_no_download_link,https://www.alldatasheet.com/,sn74hct1665.pdf,sn74hct1665.png
sn74hct1672,Components,fail:alldatasheet_no_download_link,https://www.alldatasheet.com/,sn74hct1672.pdf,sn74hct1672.png
sn74hct1680,Components,fail:alldatasheet_no_download_link,https://www.alldatasheet.com/,sn74hct1680.pdf,sn74hct1680.png
sn74hct1681,Components,fail:alldatasheet_no_download_link,https://www.alldatasheet.com/,sn74hct1681.pdf,sn74hct1681.png
sn74hct1682,Components,fail:alldatasheet_no_download_link,https://www.alldatasheet.com/,sn74hct1682.pdf,sn74hct1682.png
sn74hct1683,Components,fail:alldatasheet_no_download_link,https://www.alldatasheet.com/,sn74hct1683.pdf,sn74hct1683.png
sn74hct1684,Components,fail:alldatasheet_no_download_link,https://www.alldatasheet.com/,sn74hct1684.pdf,sn74hct1684.png
sn74hct1685,Components,fail:alldatasheet_no_download_link,https://www.alldatasheet.com/,sn74hct1685.pdf,sn74hct1685.png
sn74hct1686,Components,fail:alldatasheet_no_download_link,https://www.alldatasheet.com/,sn74hct1686.pdf,sn74hct1686.png
sn74hct1690,Components,fail:alldatasheet_no_download_link,https://www.alldatasheet.com/,sn74hct1690.pdf,sn74hct1690.png
sn74hct1691,Components,fail:alldatasheet_no_download_link,https://www.alldatasheet.com/,sn74hct1691.pdf,sn74hct1691.png
sn74hct1692,Components,fail:alldatasheet_no_download_link,https://www.alldatasheet.com/,sn74hct1692.pdf,sn74hct1692.png
sn74hct1694,Components,fail:alldatasheet_no_download_link,https://www.alldatasheet.com/,sn74hct1694.pdf,sn74hct1694.png
sn74hct1695,Components,fail:alldatasheet_no_download_link,https://www.alldatasheet.com/,sn74hct1695.pdf,sn74hct1695.png
sn74hct1697,Components,fail:alldatasheet_no_download_link,https://www.alldatasheet.com/,sn74hct1697.pdf,sn74hct1697.png
sn74hct1760,Components,fail:alldatasheet_no_download_link,https://www.alldatasheet.com/,sn74hct1760.pdf,sn74hct1760.png
sn74hct1761,Components,fail:alldatasheet_no_download_link,https://www.alldatasheet.com/,sn74hct1761.pdf,sn74hct1761.png
sn74hct1762,Components,fail:alldatasheet_no_download_link,https://www.alldatasheet.com/,sn74hct1762.pdf,sn74hct1762.png
sn74hct1763,Components,fail:alldatasheet_no_download_link,https://www.alldatasheet.com/,sn74hct1763.pdf,sn74hct1763.png
sn74hct1764,Components,fail:alldatasheet_no_download_link,https://www.alldatasheet.com/,sn74hct1764.pdf,sn74hct1764.png
sn74hct1765,Components,fail:alldatasheet_no_download_link,https://www.alldatasheet.com/,sn74hct1765.pdf,sn74hct1765.png
sn74hct1766,Components,fail:alldatasheet_no_download_link,https://www.alldatasheet.com/,sn74hct1766.pdf,sn74hct1766.png
sn74hct1779,Components,fail:alldatasheet_no_download_link,https://www.alldatasheet.com/,sn74hct1779.pdf,sn74hct1779.png
sn74hct1801,Components,fail:alldatasheet_no_download_link,https://www.alldatasheet.com/,sn74hct1801.pdf,sn74hct1801.png
sn74hct1802,Components,fail:alldatasheet_no_download_link,https://www.alldatasheet.com/,sn74hct1802.pdf,sn74hct1802.png
sn74hct1803,Components,fail:alldatasheet_no_download_link,https://www.alldatasheet.com/,sn74hct1803.pdf,sn74hct1803.png
sn74hct1804,Components,fail:alldatasheet_no_download_link,https://www.alldatasheet.com/,sn74hct1804.pdf,sn74hct1804.png
sn74hct1805,Components,fail:alldatasheet_no_download_link,https://www.alldatasheet.com/,sn74hct1805.pdf,sn74hct1805.png
sn74hct1808,Components,fail:alldatasheet_no_download_link,https://www.alldatasheet.com/,sn74hct1808.pdf,sn74hct1808.png
sn74hct1811,Components,fail:alldatasheet_no_download_link,https://www.alldatasheet.com/,sn74hct1811.pdf,sn74hct1811.png
sn74hct1812,Components,fail:alldatasheet_no_download_link,https://www.alldatasheet.com/,sn74hct1812.pdf,sn74hct1812.png
sn74hct1821,Components,fail:alldatasheet_no_download_link,https://www.alldatasheet.com/,sn74hct1821.pdf,sn74hct1821.png
sn74hct1823,Components,fail:alldatasheet_no_download_link,https://www.alldatasheet.com/,sn74hct1823.pdf,sn74hct1823.png
sn74hct1824,Components,fail:alldatasheet_no_download_link,https://www.alldatasheet.com/,sn74hct1824.pdf,sn74hct1824.png
sn74hct1825,Components,fail:alldatasheet_no_download_link,https://www.alldatasheet.com/,sn74hct1825.pdf,sn74hct1825.png
sn74hct1826,Components,fail:alldatasheet_no_download_link,https://www.alldatasheet.com/,sn74hct1826.pdf,sn74hct1826.png
sn74hct1832,Components,fail:alldatasheet_no_download_link,https://www.alldatasheet.com/,sn74hct1832.pdf,sn74hct1832.png
sn74hct1841,Components,fail:alldatasheet_no_download_link,https://www.alldatasheet.com/,sn74hct1841.pdf,sn74hct1841.png
sn74hct1843,Components,fail:alldatasheet_no_download_link,https://www.alldatasheet.com/,sn74hct1843.pdf,sn74hct1843.png
sn74hct1850,Components,fail:alldatasheet_no_download_link,https://www.alldatasheet.com/,sn74hct1850.pdf,sn74hct1850.png
sn74hct1851,Components,fail:alldatasheet_no_download_link,https://www.alldatasheet.com/,sn74hct1851.pdf,sn74hct1851.png
sn74hct1864,Components,fail:alldatasheet_no_download_link,https://www.alldatasheet.com/,sn74hct1864.pdf,sn74hct1864.png
sn74hct1865,Components,fail:alldatasheet_no_download_link,https://www.alldatasheet.com/,sn74hct1865.pdf,sn74hct1865.png
sn74hct1999,Components,fail:alldatasheet_no_download_link,https://www.alldatasheet.com/,sn74hct1999.pdf,sn74hct1999.png
sn74hct2000,Components,fail:alldatasheet_no_download_link,https://www.alldatasheet.com/,sn74hct2000.pdf,sn74hct2000.png
sn74hct2003,Components,fail:alldatasheet_no_download_link,https://www.alldatasheet.com/,sn74hct2003.pdf,sn74hct2003.png
sn74hct2006,Components,fail:alldatasheet_no_download_link,https://www.alldatasheet.com/,sn74hct2006.pdf,sn74hct2006.png
sn74hct2007,Components,fail:alldatasheet_no_download_link,https://www.alldatasheet.com/,sn74hct2007.pdf,sn74hct2007.png
sn74hct2010,Components,fail:alldatasheet_no_download_link,https://www.alldatasheet.com/,sn74hct2010.pdf,sn74hct2010.png
sn74hct2014,Components,fail:alldatasheet_no_download_link,https://www.alldatasheet.com/,sn74hct2014.pdf,sn74hct2014.png
sn74hct2024,Components,fail:alldatasheet_no_download_link,https://www.alldatasheet.com/,sn74hct2024.pdf,sn74hct2024.png
sn74hct2031,Components,fail:alldatasheet_no_download_link,https://www.alldatasheet.com/,sn74hct2031.pdf,sn74hct2031.png
sn74hct2032,Components,fail:alldatasheet_no_download_link,https://www.alldatasheet.com/,sn74hct2032.pdf,sn74hct2032.png
sn74hct2034,Components,fail:alldatasheet_no_download_link,https://www.alldatasheet.com/,sn74hct2034.pdf,sn74hct2034.png
sn74hct2040,Components,fail:alldatasheet_no_download_link,https://www.alldatasheet.com/,sn74hct2040.pdf,sn74hct2040.png
sn74hct2041,Components,fail:alldatasheet_no_download_link,https://www.alldatasheet.com/,sn74hct2041.pdf,sn74hct2041.png
sn74hct2107,Components,fail:alldatasheet_no_download_link,https://www.alldatasheet.com/,sn74hct2107.pdf,sn74hct2107.png
sn74hct2125,Components,fail:alldatasheet_no_download_link,https://www.alldatasheet.com/,sn74hct2125.pdf,sn74hct2125.png
sn74hct2140,Components,fail:alldatasheet_no_download_link,https://www.alldatasheet.com/,sn74hct2140.pdf,sn74hct2140.png
sn74hct2150,Components,fail:alldatasheet_no_download_link,https://www.alldatasheet.com/,sn74hct2150.pdf,sn74hct2150.png
sn74hct2152,Components,fail:alldatasheet_no_download_link,https://www.alldatasheet.com/,sn74hct2152.pdf,sn74hct2152.png
sn74hct2154,Components,fail:alldatasheet_no_download_link,https://www.alldatasheet.com/,sn74hct2154.pdf,sn74hct2154.png
sn74hct2155,Components,fail:alldatasheet_no_download_link,https://www.alldatasheet.com/,sn74hct2155.pdf,sn74hct2155.png
sn74hct2156,Components,fail:alldatasheet_no_download_link,https://www.alldatasheet.com/,sn74hct2156.pdf,sn74hct2156.png
sn74hct2158,Components,fail:alldatasheet_no_download_link,https://www.alldatasheet.com/,sn74hct2158.pdf,sn74hct2158.png
sn74hct2159,Components,fail:alldatasheet_no_download_link,https://www.alldatasheet.com/,sn74hct2159.pdf,sn74hct2159.png
sn74hct2160,Components,fail:alldatasheet_no_download_link,https://www.alldatasheet.com/,sn74hct2160.pdf,sn74hct2160.png
sn74hct2161,Components,fail:alldatasheet_no_download_link,https://www.alldatasheet.com/,sn74hct2161.pdf,sn74hct2161.png
sn74hct2164,Components,fail:alldatasheet_no_download_link,https://www.alldatasheet.com/,sn74hct2164.pdf,sn74hct2164.png
sn74hct2166,Components,fail:alldatasheet_no_download_link,https://www.alldatasheet.com/,sn74hct2166.pdf,sn74hct2166.png
sn74hct2191,Components,fail:alldatasheet_no_download_link,https://www.alldatasheet.com/,sn74hct2191.pdf,sn74hct2191.png
sn74hct2193,Components,fail:alldatasheet_no_download_link,https://www.alldatasheet.com/,sn74hct2193.pdf,sn74hct2193.png
sn74hct2203,Components,fail:alldatasheet_no_download_link,https://www.alldatasheet.com/,sn74hct2203.pdf,sn74hct2203.png
sn74hct2226,Components,fail:alldatasheet_no_download_link,https://www.alldatasheet.com/,sn74hct2226.pdf,sn74hct2226.png
sn74hct2227,Components,fail:alldatasheet_no_download_link,https://www.alldatasheet.com/,sn74hct2227.pdf,sn74hct2227.png
sn74hct2228,Components,fail:alldatasheet_no_download_link,https://www.alldatasheet.com/,sn74hct2228.pdf,sn74hct2228.png
sn74hct2229,Components,fail:alldatasheet_no_download_link,https://www.alldatasheet.com/,sn74hct2229.pdf,sn74hct2229.png
sn74hct2232,Components,fail:alldatasheet_no_download_link,https://www.alldatasheet.com/,sn74hct2232.pdf,sn74hct2232.png
sn74hct2233,Components,fail:alldatasheet_no_download_link,https://www.alldatasheet.com/,sn74hct2233.pdf,sn74hct2233.png
sn74hct2235,Components,fail:alldatasheet_no_download_link,https://www.alldatasheet.com/,sn74hct2235.pdf,sn74hct2235.png
sn74hct2236,Components,fail:alldatasheet_no_download_link,https://www.alldatasheet.com/,sn74hct2236.pdf,sn74hct2236.png
sn74hct2238,Components,fail:alldatasheet_no_download_link,https://www.alldatasheet.com/,sn74hct2238.pdf,sn74hct2238.png
sn74hct2240,Components,fail:alldatasheet_no_download_link,https://www.alldatasheet.com/,sn74hct2240.pdf,sn74hct2240.png
sn74hct2241,Components,fail:alldatasheet_no_download_link,https://www.alldatasheet.com/,sn74hct2241.pdf,sn74hct2241.png
sn74hct2242,Components,fail:alldatasheet_no_download_link,https://www.alldatasheet.com/,sn74hct2242.pdf,sn74hct2242.png
sn74hct2243,Components,fail:alldatasheet_no_download_link,https://www.alldatasheet.com/,sn74hct2243.pdf,sn74hct2243.png
sn74hct2244,Components,fail:alldatasheet_no_download_link,https://www.alldatasheet.com/,sn74hct2244.pdf,sn74hct2244.png
sn74hct2245,Components,fail:alldatasheet_no_download_link,https://www.alldatasheet.com/,sn74hct2245.pdf,sn74hct2245.png
sn74hct2250,Components,fail:alldatasheet_no_download_link,https://www.alldatasheet.com/,sn74hct2250.pdf,sn74hct2250.png
sn74hct2253,Components,fail:alldatasheet_no_download_link,https://www.alldatasheet.com/,sn74hct2253.pdf,sn74hct2253.png
sn74hct2257,Components,fail:alldatasheet_no_download_link,https://www.alldatasheet.com/,sn74hct2257.pdf,sn74hct2257.png
sn74hct2273,Components,fail:alldatasheet_no_download_link,https://www.alldatasheet.com/,sn74hct2273.pdf,sn74hct2273.png
sn74hct2299,Components,fail:alldatasheet_no_download_link,https://www.alldatasheet.com/,sn74hct2299.pdf,sn74hct2299.png
sn74hct2323,Components,fail:alldatasheet_no_download_link,https://www.alldatasheet.com/,sn74hct2323.pdf,sn74hct2323.png
sn74hct2373,Components,fail:alldatasheet_no_download_link,https://www.alldatasheet.com/,sn74hct2373.pdf,sn74hct2373.png
sn74hct2374,Components,fail:alldatasheet_no_download_link,https://www.alldatasheet.com/,sn74hct2374.pdf,sn74hct2374.png
sn74hct2377,Components,fail:alldatasheet_no_download_link,https://www.alldatasheet.com/,sn74hct2377.pdf,sn74hct2377.png
sn74hct2400,Components,fail:alldatasheet_no_download_link,https://www.alldatasheet.com/,sn74hct2400.pdf,sn74hct2400.png
sn74hct2410,Components,fail:alldatasheet_no_download_link,https://www.alldatasheet.com/,sn74hct2410.pdf,sn74hct2410.png
sn74hct2411,Components,fail:alldatasheet_no_download_link,https://www.alldatasheet.com/,sn74hct2411.pdf,sn74hct2411.png
sn74hct2414,Components,fail:alldatasheet_no_download_link,https://www.alldatasheet.com/,sn74hct2414.pdf,sn74hct2414.png
sn74hct2420,Components,fail:alldatasheet_no_download_link,https://www.alldatasheet.com/,sn74hct2420.pdf,sn74hct2420.png
sn74hct2423,Components,fail:alldatasheet_no_download_link,https://www.alldatasheet.com/,sn74hct2423.pdf,sn74hct2423.png
sn74hct2424,Components,fail:alldatasheet_no_download_link,https://www.alldatasheet.com/,sn74hct2424.pdf,sn74hct2424.png
sn74hct2425,Components,fail:alldatasheet_no_download_link,https://www.alldatasheet.com/,sn74hct2425.pdf,sn74hct2425.png
sn74hct2440,Components,fail:alldatasheet_no_download_link,https://www.alldatasheet.com/,sn74hct2440.pdf,sn74hct2440.png
sn74hct2441,Components,fail:alldatasheet_no_download_link,https://www.alldatasheet.com/,sn74hct2441.pdf,sn74hct2441.png
sn74hct2442,Components,fail:alldatasheet_no_download_link,https://www.alldatasheet.com/,sn74hct2442.pdf,sn74hct2442.png
sn74hct2509,Components,fail:alldatasheet_no_download_link,https://www.alldatasheet.com/,sn74hct2509.pdf,sn74hct2509.png
sn74hct2510,Components,fail:alldatasheet_no_download_link,https://www.alldatasheet.com/,sn74hct2510.pdf,sn74hct2510.png
sn74hct2524,Components,fail:alldatasheet_no_download_link,https://www.alldatasheet.com/,sn74hct2524.pdf,sn74hct2524.png
sn74hct2525,Components,fail:alldatasheet_no_download_link,https://www.alldatasheet.com/,sn74hct2525.pdf,sn74hct2525.png
sn74hct2526,Components,fail:alldatasheet_no_download_link,https://www.alldatasheet.com/,sn74hct2526.pdf,sn74hct2526.png
sn74hct2533,Components,fail:alldatasheet_no_download_link,https://www.alldatasheet.com/,sn74hct2533.pdf,sn74hct2533.png
sn74hct2534,Components,fail:alldatasheet_no_download_link,https://www.alldatasheet.com/,sn74hct2534.pdf,sn74hct2534.png
sn74hct2540,Components,fail:alldatasheet_no_download_link,https://www.alldatasheet.com/,sn74hct2540.pdf,sn74hct2540.png
sn74hct2541,Components,fail:alldatasheet_no_download_link,https://www.alldatasheet.com/,sn74hct2541.pdf,sn74hct2541.png
sn74hct2543,Components,fail:alldatasheet_no_download_link,https://www.alldatasheet.com/,sn74hct2543.pdf,sn74hct2543.png
sn74hct2544,Components,fail:alldatasheet_no_download_link,https://www.alldatasheet.com/,sn74hct2544.pdf,sn74hct2544.png
sn74hct2564,Components,fail:alldatasheet_no_download_link,https://www.alldatasheet.com/,sn74hct2564.pdf,sn74hct2564.png
sn74hct2573,Components,fail:alldatasheet_no_download_link,https://www.alldatasheet.com/,sn74hct2573.pdf,sn74hct2573.png
sn74hct2574,Components,fail:alldatasheet_no_download_link,https://www.alldatasheet.com/,sn74hct2574.pdf,sn74hct2574.png
sn74hct2620,Components,fail:alldatasheet_no_download_link,https://www.alldatasheet.com/,sn74hct2620.pdf,sn74hct2620.png
sn74hct2623,Components,fail:alldatasheet_no_download_link,https://www.alldatasheet.com/,sn74hct2623.pdf,sn74hct2623.png
sn74hct2640,Components,fail:alldatasheet_no_download_link,https://www.alldatasheet.com/,sn74hct2640.pdf,sn74hct2640.png
sn74hct2643,Components,fail:alldatasheet_no_download_link,https://www.alldatasheet.com/,sn74hct2643.pdf,sn74hct2643.png
sn74hct2645,Components,fail:alldatasheet_no_download_link,https://www.alldatasheet.com/,sn74hct2645.pdf,sn74hct2645.png
sn74hct2646,Components,fail:alldatasheet_no_download_link,https://www.alldatasheet.com/,sn74hct2646.pdf,sn74hct2646.png
sn74hct2648,Components,fail:alldatasheet_no_download_link,https://www.alldatasheet.com/,sn74hct2648.pdf,sn74hct2648.png
sn74hct2651,Components,fail:alldatasheet_no_download_link,https://www.alldatasheet.com/,sn74hct2651.pdf,sn74hct2651.png
sn74hct2652,Components,fail:alldatasheet_no_download_link,https://www.alldatasheet.com/,sn74hct2652.pdf,sn74hct2652.png
sn74hct2725,Components,fail:alldatasheet_no_download_link,https://www.alldatasheet.com/,sn74hct2725.pdf,sn74hct2725.png
sn74hct2726,Components,fail:alldatasheet_no_download_link,https://www.alldatasheet.com/,sn74hct2726.pdf,sn74hct2726.png
sn74hct2821,Components,fail:alldatasheet_no_download_link,https://www.alldatasheet.com/,sn74hct2821.pdf,sn74hct2821.png
sn74hct2823,Components,fail:alldatasheet_no_download_link,https://www.alldatasheet.com/,sn74hct2823.pdf,sn74hct2823.png
sn74hct2825,Components,fail:alldatasheet_no_download_link,https://www.alldatasheet.com/,sn74hct2825.pdf,sn74hct2825.png
sn74hct2827,Components,fail:alldatasheet_no_download_link,https://www.alldatasheet.com/,sn74hct2827.pdf,sn74hct2827.png
sn74hct2828,Components,fail:alldatasheet_no_download_link,https://www.alldatasheet.com/,sn74hct2828.pdf,sn74hct2828.png
sn74hct2833,Components,fail:alldatasheet_no_download_link,https://www.alldatasheet.com/,sn74hct2833.pdf,sn74hct2833.png
sn74hct2841,Components,fail:alldatasheet_no_download_link,https://www.alldatasheet.com/,sn74hct2841.pdf,sn74hct2841.png
sn74hct2843,Components,fail:alldatasheet_no_download_link,https://www.alldatasheet.com/,sn74hct2843.pdf,sn74hct2843.png
sn74hct2845,Components,fail:alldatasheet_no_download_link,https://www.alldatasheet.com/,sn74hct2845.pdf,sn74hct2845.png
sn74hct2853,Components,fail:alldatasheet_no_download_link,https://www.alldatasheet.com/,sn74hct2853.pdf,sn74hct2853.png
sn74hct2861,Components,fail:alldatasheet_no_download_link,https://www.alldatasheet.com/,sn74hct2861.pdf,sn74hct2861.png
sn74hct2862,Components,fail:alldatasheet_no_download_link,https://www.alldatasheet.com/,sn74hct2862.pdf,sn74hct2862.png
sn74hct2863,Components,fail:alldatasheet_no_download_link,https://www.alldatasheet.com/,sn74hct2863.pdf,sn74hct2863.png
sn74hct2864,Components,fail:alldatasheet_no_download_link,https://www.alldatasheet.com/,sn74hct2864.pdf,sn74hct2864.png
sn74hct2952,Components,fail:alldatasheet_no_download_link,https://www.alldatasheet.com/,sn74hct2952.pdf,sn74hct2952.png
sn74hct2953,Components,fail:alldatasheet_no_download_link,https://www.alldatasheet.com/,sn74hct2953.pdf,sn74hct2953.png
sn74hct2960,Components,fail:alldatasheet_no_download_link,https://www.alldatasheet.com/,sn74hct2960.pdf,sn74hct2960.png
sn74hct2961,Components,fail:alldatasheet_no_download_link,https://www.alldatasheet.com/,sn74hct2961.pdf,sn74hct2961.png
sn74hct2962,Components,fail:alldatasheet_no_download_link,https://www.alldatasheet.com/,sn74hct2962.pdf,sn74hct2962.png
sn74hct2967,Components,fail:alldatasheet_no_download_link,https://www.alldatasheet.com/,sn74hct2967.pdf,sn74hct2967.png
sn74hct2968,Components,fail:alldatasheet_no_download_link,https://www.alldatasheet.com/,sn74hct2968.pdf,sn74hct2968.png
sn74hct2969,Components,fail:alldatasheet_no_download_link,https://www.alldatasheet.com/,sn74hct2969.pdf,sn74hct2969.png
sn74hct2970,Components,fail:alldatasheet_no_download_link,https://www.alldatasheet.com/,sn74hct2970.pdf,sn74hct2970.png
sn74hct2982,Components,fail:alldatasheet_no_download_link,https://www.alldatasheet.com/,sn74hct2982.pdf,sn74hct2982.png
sn74hct2984,Components,fail:alldatasheet_no_download_link,https://www.alldatasheet.com/,sn74hct2984.pdf,sn74hct2984.png
sn74hct2985,Components,fail:alldatasheet_no_download_link,https://www.alldatasheet.com/,sn74hct2985.pdf,sn74hct2985.png
sn74hct2986,Components,fail:alldatasheet_no_download_link,https://www.alldatasheet.com/,sn74hct2986.pdf,sn74hct2986.png
sn74hct2999,Components,fail:alldatasheet_no_download_link,https://www.alldatasheet.com/,sn74hct2999.pdf,sn74hct2999.png
sn74hct3000,Components,fail:alldatasheet_no_download_link,https://www.alldatasheet.com/,sn74hct3000.pdf,sn74hct3000.png
sn74hct3004,Components,fail:alldatasheet_no_download_link,https://www.alldatasheet.com/,sn74hct3004.pdf,sn74hct3004.png
sn74hct3037,Components,fail:alldatasheet_no_download_link,https://www.alldatasheet.com/,sn74hct3037.pdf,sn74hct3037.png
sn74hct3038,Components,fail:alldatasheet_no_download_link,https://www.alldatasheet.com/,sn74hct3038.pdf,sn74hct3038.png
sn74hct3040,Components,fail:alldatasheet_no_download_link,https://www.alldatasheet.com/,sn74hct3040.pdf,sn74hct3040.png
sn74hct3125,Components,fail:alldatasheet_no_download_link,https://www.alldatasheet.com/,sn74hct3125.pdf,sn74hct3125.png
sn74hct3126,Components,fail:alldatasheet_no_download_link,https://www.alldatasheet.com/,sn74hct3126.pdf,sn74hct3126.png
sn74hct3222,Components,fail:alldatasheet_no_download_link,https://www.alldatasheet.com/,sn74hct3222.pdf,sn74hct3222.png
sn74hct3223,Components,fail:alldatasheet_no_download_link,https://www.alldatasheet.com/,sn74hct3223.pdf,sn74hct3223.png
sn74hct3224,Components,fail:alldatasheet_no_download_link,https://www.alldatasheet.com/,sn74hct3224.pdf,sn74hct3224.png
sn74hct3231,Components,fail:alldatasheet_no_download_link,https://www.alldatasheet.com/,sn74hct3231.pdf,sn74hct3231.png
sn74hct3237,Components,fail:alldatasheet_no_download_link,https://www.alldatasheet.com/,sn74hct3237.pdf,sn74hct3237.png
sn74hct3242,Components,fail:alldatasheet_no_download_link,https://www.alldatasheet.com/,sn74hct3242.pdf,sn74hct3242.png
sn74hct3250,Components,fail:alldatasheet_no_download_link,https://www.alldatasheet.com/,sn74hct3250.pdf,sn74hct3250.png
sn74hct3251,Components,fail:alldatasheet_no_download_link,https://www.alldatasheet.com/,sn74hct3251.pdf,sn74hct3251.png
sn74hct3253,Components,fail:alldatasheet_no_download_link,https://www.alldatasheet.com/,sn74hct3253.pdf,sn74hct3253.png
sn74hct3254,Components,fail:alldatasheet_no_download_link,https://www.alldatasheet.com/,sn74hct3254.pdf,sn74hct3254.png
sn74hct3257,Components,fail:alldatasheet_no_download_link,https://www.alldatasheet.com/,sn74hct3257.pdf,sn74hct3257.png
sn74hct3283,Components,fail:alldatasheet_no_download_link,https://www.alldatasheet.com/,sn74hct3283.pdf,sn74hct3283.png
sn74hct3284,Components,fail:alldatasheet_no_download_link,https://www.alldatasheet.com/,sn74hct3284.pdf,sn74hct3284.png
sn74hct3297,Components,fail:alldatasheet_no_download_link,https://www.alldatasheet.com/,sn74hct3297.pdf,sn74hct3297.png
sn74hct3305,Components,fail:alldatasheet_no_download_link,https://www.alldatasheet.com/,sn74hct3305.pdf,sn74hct3305.png
sn74hct3306,Components,fail:alldatasheet_no_download_link,https://www.alldatasheet.com/,sn74hct3306.pdf,sn74hct3306.png
sn74hct3345,Components,fail:alldatasheet_no_download_link,https://www.alldatasheet.com/,sn74hct3345.pdf,sn74hct3345.png
sn74hct3374,Components,fail:alldatasheet_no_download_link,https://www.alldatasheet.com/,sn74hct3374.pdf,sn74hct3374.png
sn74hct3383,Components,fail:alldatasheet_no_download_link,https://www.alldatasheet.com/,sn74hct3383.pdf,sn74hct3383.png
sn74hct3384,Components,fail:alldatasheet_no_download_link,https://www.alldatasheet.com/,sn74hct3384.pdf,sn74hct3384.png
sn74hct3386,Components,fail:alldatasheet_no_download_link,https://www.alldatasheet.com/,sn74hct3386.pdf,sn74hct3386.png
sn74hct3390,Components,fail:alldatasheet_no_download_link,https://www.alldatasheet.com/,sn74hct3390.pdf,sn74hct3390.png
sn74hct3573,Components,fail:alldatasheet_no_download_link,https://www.alldatasheet.com/,sn74hct3573.pdf,sn74hct3573.png
sn74hct3574,Components,fail:alldatasheet_no_download_link,https://www.alldatasheet.com/,sn74hct3574.pdf,sn74hct3574.png
sn74hct3584,Components,fail:alldatasheet_no_download_link,https://www.alldatasheet.com/,sn74hct3584.pdf,sn74hct3584.png
sn74hct3611,Components,fail:alldatasheet_no_download_link,https://www.alldatasheet.com/,sn74hct3611.pdf,sn74hct3611.png
sn74hct3612,Components,fail:alldatasheet_no_download_link,https://www.alldatasheet.com/,sn74hct3612.pdf,sn74hct3612.png
sn74hct3613,Components,fail:alldatasheet_no_download_link,https://www.alldatasheet.com/,sn74hct3613.pdf,sn74hct3613.png
sn74hct3614,Components,fail:alldatasheet_no_download_link,https://www.alldatasheet.com/,sn74hct3614.pdf,sn74hct3614.png
sn74hct3622,Components,fail:alldatasheet_no_download_link,https://www.alldatasheet.com/,sn74hct3622.pdf,sn74hct3622.png
sn74hct3631,Components,fail:alldatasheet_no_download_link,https://www.alldatasheet.com/,sn74hct3631.pdf,sn74hct3631.png
sn74hct3632,Components,fail:alldatasheet_no_download_link,https://www.alldatasheet.com/,sn74hct3632.pdf,sn74hct3632.png
sn74hct3638,Components,fail:alldatasheet_no_download_link,https://www.alldatasheet.com/,sn74hct3638.pdf,sn74hct3638.png
sn74hct3641,Components,fail:alldatasheet_no_download_link,https://www.alldatasheet.com/,sn74hct3641.pdf,sn74hct3641.png
sn74hct3642,Components,fail:alldatasheet_no_download_link,https://www.alldatasheet.com/,sn74hct3642.pdf,sn74hct3642.png
sn74hct3651,Components,fail:alldatasheet_no_download_link,https://www.alldatasheet.com/,sn74hct3651.pdf,sn74hct3651.png
sn74hct3708,Components,fail:alldatasheet_no_download_link,https://www.alldatasheet.com/,sn74hct3708.pdf,sn74hct3708.png
sn74hct3807,Components,fail:alldatasheet_no_download_link,https://www.alldatasheet.com/,sn74hct3807.pdf,sn74hct3807.png
sn74hct3827,Components,fail:alldatasheet_no_download_link,https://www.alldatasheet.com/,sn74hct3827.pdf,sn74hct3827.png
sn74hct3861,Components,fail:alldatasheet_no_download_link,https://www.alldatasheet.com/,sn74hct3861.pdf,sn74hct3861.png
sn74hct3862,Components,fail:alldatasheet_no_download_link,https://www.alldatasheet.com/,sn74hct3862.pdf,sn74hct3862.png
sn74hct3893,Components,fail:alldatasheet_no_download_link,https://www.alldatasheet.com/,sn74hct3893.pdf,sn74hct3893.png
sn74hct3907,Components,fail:alldatasheet_no_download_link,https://www.alldatasheet.com/,sn74hct3907.pdf,sn74hct3907.png
sn74hct3932,Components,fail:alldatasheet_no_download_link,https://www.alldatasheet.com/,sn74hct3932.pdf,sn74hct3932.png
sn74hct3999,Components,fail:alldatasheet_no_download_link,https://www.alldatasheet.com/,sn74hct3999.pdf,sn74hct3999.png
sn74hct4000,Components,fail:alldatasheet_no_download_link,https://www.alldatasheet.com/,sn74hct4000.pdf,sn74hct4000.png
sn74hct4002,Components,fail:alldatasheet_no_download_link,https://www.alldatasheet.com/,sn74hct4002.pdf,sn74hct4002.png
sn74hct4010,Components,fail:alldatasheet_no_download_link,https://www.alldatasheet.com/,sn74hct4010.pdf,sn74hct4010.png
sn74hct4015,Components,fail:alldatasheet_no_download_link,https://www.alldatasheet.com/,sn74hct4015.pdf,sn74hct4015.png
sn74hct4016,Components,fail:alldatasheet_no_download_link,https://www.alldatasheet.com/,sn74hct4016.pdf,sn74hct4016.png
sn74hct4017,Components,fail:alldatasheet_no_download_link,https://www.alldatasheet.com/,sn74hct4017.pdf,sn74hct4017.png
sn74hct4020,Components,fail:alldatasheet_no_download_link,https://www.alldatasheet.com/,sn74hct4020.pdf,sn74hct4020.png
sn74hct4022,Components,fail:alldatasheet_no_download_link,https://www.alldatasheet.com/,sn74hct4022.pdf,sn74hct4022.png
sn74hct4024,Components,fail:alldatasheet_no_download_link,https://www.alldatasheet.com/,sn74hct4024.pdf,sn74hct4024.png
sn74hct4028,Components,fail:alldatasheet_no_download_link,https://www.alldatasheet.com/,sn74hct4028.pdf,sn74hct4028.png
sn74hct4040,Components,fail:alldatasheet_no_download_link,https://www.alldatasheet.com/,sn74hct4040.pdf,sn74hct4040.png
sn74hct4046,Components,fail:alldatasheet_no_download_link,https://www.alldatasheet.com/,sn74hct4046.pdf,sn74hct4046.png
sn74hct4049,Components,fail:alldatasheet_no_download_link,https://www.alldatasheet.com/,sn74hct4049.pdf,sn74hct4049.png
sn74hct4050,Components,fail:alldatasheet_no_download_link,https://www.alldatasheet.com/,sn74hct4050.pdf,sn74hct4050.png
sn74hct4051,Components,fail:alldatasheet_no_download_link,https://www.alldatasheet.com/,sn74hct4051.pdf,sn74hct4051.png
sn74hct4052,Components,fail:alldatasheet_no_download_link,https://www.alldatasheet.com/,sn74hct4052.pdf,sn74hct4052.png
sn74hct4053,Components,fail:alldatasheet_no_download_link,https://www.alldatasheet.com/,sn74hct4053.pdf,sn74hct4053.png
sn74hct4059,Components,fail:alldatasheet_no_download_link,https://www.alldatasheet.com/,sn74hct4059.pdf,sn74hct4059.png
sn74hct4060,Components,fail:alldatasheet_no_download_link,https://www.alldatasheet.com/,sn74hct4060.pdf,sn74hct4060.png
sn74hct4061,Components,fail:alldatasheet_no_download_link,https://www.alldatasheet.com/,sn74hct4061.pdf,sn74hct4061.png
sn74hct4066,Components,fail:alldatasheet_no_download_link,https://www.alldatasheet.com/,sn74hct4066.pdf,sn74hct4066.png
sn74hct4067,Components,fail:alldatasheet_no_download_link,https://www.alldatasheet.com/,sn74hct4067.pdf,sn74hct4067.png
sn74hct4072,Components,fail:alldatasheet_no_download_link,https://www.alldatasheet.com/,sn74hct4072.pdf,sn74hct4072.png
sn74hct4075,Components,fail:alldatasheet_no_download_link,https://www.alldatasheet.com/,sn74hct4075.pdf,sn74hct4075.png
sn74hct4078,Components,fail:alldatasheet_no_download_link,https://www.alldatasheet.com/,sn74hct4078.pdf,sn74hct4078.png
sn74hct4094,Components,fail:alldatasheet_no_download_link,https://www.alldatasheet.com/,sn74hct4094.pdf,sn74hct4094.png
sn74hct4102,Components,fail:alldatasheet_no_download_link,https://www.alldatasheet.com/,sn74hct4102.pdf,sn74hct4102.png
sn74hct4103,Components,fail:alldatasheet_no_download_link,https://www.alldatasheet.com/,sn74hct4103.pdf,sn74hct4103.png
sn74hct4245,Components,fail:alldatasheet_no_download_link,https://www.alldatasheet.com/,sn74hct4245.pdf,sn74hct4245.png
sn74hct4301,Components,fail:alldatasheet_no_download_link,https://www.alldatasheet.com/,sn74hct4301.pdf,sn74hct4301.png
sn74hct4302,Components,fail:alldatasheet_no_download_link,https://www.alldatasheet.com/,sn74hct4302.pdf,sn74hct4302.png
sn74hct4303,Components,fail:alldatasheet_no_download_link,https://www.alldatasheet.com/,sn74hct4303.pdf,sn74hct4303.png
sn74hct4304,Components,fail:alldatasheet_no_download_link,https://www.alldatasheet.com/,sn74hct4304.pdf,sn74hct4304.png
sn74hct4305,Components,fail:alldatasheet_no_download_link,https://www.alldatasheet.com/,sn74hct4305.pdf,sn74hct4305.png
sn74hct4306,Components,fail:alldatasheet_no_download_link,https://www.alldatasheet.com/,sn74hct4306.pdf,sn74hct4306.png
sn74hct4316,Components,fail:alldatasheet_no_download_link,https://www.alldatasheet.com/,sn74hct4316.pdf,sn74hct4316.png
sn74hct4351,Components,fail:alldatasheet_no_download_link,https://www.alldatasheet.com/,sn74hct4351.pdf,sn74hct4351.png
sn74hct4352,Components,fail:alldatasheet_no_download_link,https://www.alldatasheet.com/,sn74hct4352.pdf,sn74hct4352.png
sn74hct4353,Components,fail:alldatasheet_no_download_link,https://www.alldatasheet.com/,sn74hct4353.pdf,sn74hct4353.png
sn74hct4374,Components,fail:alldatasheet_no_download_link,https://www.alldatasheet.com/,sn74hct4374.pdf,sn74hct4374.png
sn74hct4503,Components,fail:alldatasheet_no_download_link,https://www.alldatasheet.com/,sn74hct4503.pdf,sn74hct4503.png
sn74hct4510,Components,fail:alldatasheet_no_download_link,https://www.alldatasheet.com/,sn74hct4510.pdf,sn74hct4510.png
sn74hct4511,Components,fail:alldatasheet_no_download_link,https://www.alldatasheet.com/,sn74hct4511.pdf,sn74hct4511.png
sn74hct4514,Components,fail:alldatasheet_no_download_link,https://www.alldatasheet.com/,sn74hct4514.pdf,sn74hct4514.png
sn74hct4515,Components,fail:alldatasheet_no_download_link,https://www.alldatasheet.com/,sn74hct4515.pdf,sn74hct4515.png
sn74hct4516,Components,fail:alldatasheet_no_download_link,https://www.alldatasheet.com/,sn74hct4516.pdf,sn74hct4516.png
sn74hct4518,Components,fail:alldatasheet_no_download_link,https://www.alldatasheet.com/,sn74hct4518.pdf,sn74hct4518.png
sn74hct4520,Components,fail:alldatasheet_no_download_link,https://www.alldatasheet.com/,sn74hct4520.pdf,sn74hct4520.png
sn74hct4538,Components,fail:alldatasheet_no_download_link,https://www.alldatasheet.com/,sn74hct4538.pdf,sn74hct4538.png
sn74hct4543,Components,fail:alldatasheet_no_download_link,https://www.alldatasheet.com/,sn74hct4543.pdf,sn74hct4543.png
sn74hct4560,Components,fail:alldatasheet_no_download_link,https://www.alldatasheet.com/,sn74hct4560.pdf,sn74hct4560.png
sn74hct4724,Components,fail:alldatasheet_no_download_link,https://www.alldatasheet.com/,sn74hct4724.pdf,sn74hct4724.png
sn74hct4764,Components,fail:alldatasheet_no_download_link,https://www.alldatasheet.com/,sn74hct4764.pdf,sn74hct4764.png
sn74hct4799,Components,fail:alldatasheet_no_download_link,https://www.alldatasheet.com/,sn74hct4799.pdf,sn74hct4799.png
sn74hct4851,Components,fail:alldatasheet_no_download_link,https://www.alldatasheet.com/,sn74hct4851.pdf,sn74hct4851.png
sn74hct4852,Components,fail:alldatasheet_no_download_link,https://www.alldatasheet.com/,sn74hct4852.pdf,sn74hct4852.png
sn74hct5074,Components,fail:alldatasheet_no_download_link,https://www.alldatasheet.com/,sn74hct5074.pdf,sn74hct5074.png
sn74hct5245,Components,fail:alldatasheet_no_download_link,https://www.alldatasheet.com/,sn74hct5245.pdf,sn74hct5245.png
sn74hct5300,Components,fail:alldatasheet_no_download_link,https://www.alldatasheet.com/,sn74hct5300.pdf,sn74hct5300.png
sn74hct5302,Components,fail:alldatasheet_no_download_link,https://www.alldatasheet.com/,sn74hct5302.pdf,sn74hct5302.png
sn74hct5400,Components,fail:alldatasheet_no_download_link,https://www.alldatasheet.com/,sn74hct5400.pdf,sn74hct5400.png
sn74hct5401,Components,fail:alldatasheet_no_download_link,https://www.alldatasheet.com/,sn74hct5401.pdf,sn74hct5401.png
sn74hct5402,Components,fail:alldatasheet_no_download_link,https://www.alldatasheet.com/,sn74hct5402.pdf,sn74hct5402.png
sn74hct5403,Components,fail:alldatasheet_no_download_link,https://www.alldatasheet.com/,sn74hct5403.pdf,sn74hct5403.png
sn74hct5555,Components,fail:alldatasheet_no_download_link,https://www.alldatasheet.com/,sn74hct5555.pdf,sn74hct5555.png
sn74hct5620,Components,fail:alldatasheet_no_download_link,https://www.alldatasheet.com/,sn74hct5620.pdf,sn74hct5620.png
sn74hct5999,Components,fail:alldatasheet_no_download_link,https://www.alldatasheet.com/,sn74hct5999.pdf,sn74hct5999.png
sn74hct6000,Components,fail:alldatasheet_no_download_link,https://www.alldatasheet.com/,sn74hct6000.pdf,sn74hct6000.png
sn74hct6001,Components,fail:alldatasheet_no_download_link,https://www.alldatasheet.com/,sn74hct6001.pdf,sn74hct6001.png
sn74hct6010,Components,fail:alldatasheet_no_download_link,https://www.alldatasheet.com/,sn74hct6010.pdf,sn74hct6010.png
sn74hct6011,Components,fail:alldatasheet_no_download_link,https://www.alldatasheet.com/,sn74hct6011.pdf,sn74hct6011.png
sn74hct6300,Components,fail:alldatasheet_no_download_link,https://www.alldatasheet.com/,sn74hct6300.pdf,sn74hct6300.png
sn74hct6301,Components,fail:alldatasheet_no_download_link,https://www.alldatasheet.com/,sn74hct6301.pdf,sn74hct6301.png
sn74hct6302,Components,fail:alldatasheet_no_download_link,https://www.alldatasheet.com/,sn74hct6302.pdf,sn74hct6302.png
sn74hct6310,Components,fail:alldatasheet_no_download_link,https://www.alldatasheet.com/,sn74hct6310.pdf,sn74hct6310.png
sn74hct6311,Components,fail:alldatasheet_no_download_link,https://www.alldatasheet.com/,sn74hct6311.pdf,sn74hct6311.png
sn74hct6323,Components,fail:alldatasheet_no_download_link,https://www.alldatasheet.com/,sn74hct6323.pdf,sn74hct6323.png
sn74hct6364,Components,fail:alldatasheet_no_download_link,https://www.alldatasheet.com/,sn74hct6364.pdf,sn74hct6364.png
sn74hct6800,Components,fail:alldatasheet_no_download_link,https://www.alldatasheet.com/,sn74hct6800.pdf,sn74hct6800.png
sn74hct6845,Components,fail:alldatasheet_no_download_link,https://www.alldatasheet.com/,sn74hct6845.pdf,sn74hct6845.png
sn74hct7001,Components,fail:alldatasheet_no_download_link,https://www.alldatasheet.com/,sn74hct7001.pdf,sn74hct7001.png
sn74hct7002,Components,fail:alldatasheet_no_download_link,https://www.alldatasheet.com/,sn74hct7002.pdf,sn74hct7002.png
sn74hct7003,Components,fail:alldatasheet_no_download_link,https://www.alldatasheet.com/,sn74hct7003.pdf,sn74hct7003.png
sn74hct7006,Components,fail:alldatasheet_no_download_link,https://www.alldatasheet.com/,sn74hct7006.pdf,sn74hct7006.png
sn74hct7007,Components,fail:alldatasheet_no_download_link,https://www.alldatasheet.com/,sn74hct7007.pdf,sn74hct7007.png
sn74hct7008,Components,fail:alldatasheet_no_download_link,https://www.alldatasheet.com/,sn74hct7008.pdf,sn74hct7008.png
sn74hct7014,Components,fail:alldatasheet_no_download_link,https://www.alldatasheet.com/,sn74hct7014.pdf,sn74hct7014.png
sn74hct7022,Components,fail:alldatasheet_no_download_link,https://www.alldatasheet.com/,sn74hct7022.pdf,sn74hct7022.png
sn74hct7030,Components,fail:alldatasheet_no_download_link,https://www.alldatasheet.com/,sn74hct7030.pdf,sn74hct7030.png
sn74hct7032,Components,fail:alldatasheet_no_download_link,https://www.alldatasheet.com/,sn74hct7032.pdf,sn74hct7032.png
sn74hct7038,Components,fail:alldatasheet_no_download_link,https://www.alldatasheet.com/,sn74hct7038.pdf,sn74hct7038.png
sn74hct7046,Components,fail:alldatasheet_no_download_link,https://www.alldatasheet.com/,sn74hct7046.pdf,sn74hct7046.png
sn74hct7060,Components,fail:alldatasheet_no_download_link,https://www.alldatasheet.com/,sn74hct7060.pdf,sn74hct7060.png
sn74hct7074,Components,fail:alldatasheet_no_download_link,https://www.alldatasheet.com/,sn74hct7074.pdf,sn74hct7074.png
sn74hct7075,Components,fail:alldatasheet_no_download_link,https://www.alldatasheet.com/,sn74hct7075.pdf,sn74hct7075.png
sn74hct7076,Components,fail:alldatasheet_no_download_link,https://www.alldatasheet.com/,sn74hct7076.pdf,sn74hct7076.png
sn74hct7080,Components,fail:alldatasheet_no_download_link,https://www.alldatasheet.com/,sn74hct7080.pdf,sn74hct7080.png
sn74hct7132,Components,fail:alldatasheet_no_download_link,https://www.alldatasheet.com/,sn74hct7132.pdf,sn74hct7132.png
sn74hct7200,Components,fail:alldatasheet_no_download_link,https://www.alldatasheet.com/,sn74hct7200.pdf,sn74hct7200.png
sn74hct7201,Components,fail:alldatasheet_no_download_link,https://www.alldatasheet.com/,sn74hct7201.pdf,sn74hct7201.png
sn74hct7202,Components,fail:alldatasheet_no_download_link,https://www.alldatasheet.com/,sn74hct7202.pdf,sn74hct7202.png
sn74hct7203,Components,fail:alldatasheet_no_download_link,https://www.alldatasheet.com/,sn74hct7203.pdf,sn74hct7203.png
sn74hct7205,Components,fail:alldatasheet_no_download_link,https://www.alldatasheet.com/,sn74hct7205.pdf,sn74hct7205.png
sn74hct7206,Components,fail:alldatasheet_no_download_link,https://www.alldatasheet.com/,sn74hct7206.pdf,sn74hct7206.png
sn74hct7240,Components,fail:alldatasheet_no_download_link,https://www.alldatasheet.com/,sn74hct7240.pdf,sn74hct7240.png
sn74hct7241,Components,fail:alldatasheet_no_download_link,https://www.alldatasheet.com/,sn74hct7241.pdf,sn74hct7241.png
sn74hct7244,Components,fail:alldatasheet_no_download_link,https://www.alldatasheet.com/,sn74hct7244.pdf,sn74hct7244.png
sn74hct7245,Components,fail:alldatasheet_no_download_link,https://www.alldatasheet.com/,sn74hct7245.pdf,sn74hct7245.png
sn74hct7266,Components,fail:alldatasheet_no_download_link,https://www.alldatasheet.com/,sn74hct7266.pdf,sn74hct7266.png
sn74hct7273,Components,fail:alldatasheet_no_download_link,https://www.alldatasheet.com/,sn74hct7273.pdf,sn74hct7273.png
sn74hct7292,Components,fail:alldatasheet_no_download_link,https://www.alldatasheet.com/,sn74hct7292.pdf,sn74hct7292.png
sn74hct7294,Components,fail:alldatasheet_no_download_link,https://www.alldatasheet.com/,sn74hct7294.pdf,sn74hct7294.png
sn74hct7340,Components,fail:alldatasheet_no_download_link,https://www.alldatasheet.com/,sn74hct7340.pdf,sn74hct7340.png
sn74hct7403,Components,fail:alldatasheet_no_download_link,https://www.alldatasheet.com/,sn74hct7403.pdf,sn74hct7403.png
sn74hct7404,Components,fail:alldatasheet_no_download_link,https://www.alldatasheet.com/,sn74hct7404.pdf,sn74hct7404.png
sn74hct7540,Components,fail:alldatasheet_no_download_link,https://www.alldatasheet.com/,sn74hct7540.pdf,sn74hct7540.png
sn74hct7541,Components,fail:alldatasheet_no_download_link,https://www.alldatasheet.com/,sn74hct7541.pdf,sn74hct7541.png
sn74hct7597,Components,fail:alldatasheet_no_download_link,https://www.alldatasheet.com/,sn74hct7597.pdf,sn74hct7597.png
sn74hct7623,Components,fail:alldatasheet_no_download_link,https://www.alldatasheet.com/,sn74hct7623.pdf,sn74hct7623.png
sn74hct7640,Components,fail:alldatasheet_no_download_link,https://www.alldatasheet.com/,sn74hct7640.pdf,sn74hct7640.png
sn74hct7643,Components,fail:alldatasheet_no_download_link,https://www.alldatasheet.com/,sn74hct7643.pdf,sn74hct7643.png
sn74hct7645,Components,fail:alldatasheet_no_download_link,https://www.alldatasheet.com/,sn74hct7645.pdf,sn74hct7645.png
sn74hct7731,Components,fail:alldatasheet_no_download_link,https://www.alldatasheet.com/,sn74hct7731.pdf,sn74hct7731.png
sn74hct7793,Components,fail:alldatasheet_no_download_link,https://www.alldatasheet.com/,sn74hct7793.pdf,sn74hct7793.png
sn74hct7801,Components,fail:alldatasheet_no_download_link,https://www.alldatasheet.com/,sn74hct7801.pdf,sn74hct7801.png
sn74hct7802,Components,fail:alldatasheet_no_download_link,https://www.alldatasheet.com/,sn74hct7802.pdf,sn74hct7802.png
sn74hct7803,Components,fail:alldatasheet_no_download_link,https://www.alldatasheet.com/,sn74hct7803.pdf,sn74hct7803.png
sn74hct7804,Components,fail:alldatasheet_no_download_link,https://www.alldatasheet.com/,sn74hct7804.pdf,sn74hct7804.png
sn74hct7805,Components,fail:alldatasheet_no_download_link,https://www.alldatasheet.com/,sn74hct7805.pdf,sn74hct7805.png
sn74hct7806,Components,fail:alldatasheet_no_download_link,https://www.alldatasheet.com/,sn74hct7806.pdf,sn74hct7806.png
sn74hct7807,Components,fail:alldatasheet_no_download_link,https://www.alldatasheet.com/,sn74hct7807.pdf,sn74hct7807.png
sn74hct7808,Components,fail:alldatasheet_no_download_link,https://www.alldatasheet.com/,sn74hct7808.pdf,sn74hct7808.png
sn74hct7811,Components,fail:alldatasheet_no_download_link,https://www.alldatasheet.com/,sn74hct7811.pdf,sn74hct7811.png
sn74hct7813,Components,fail:alldatasheet_no_download_link,https://www.alldatasheet.com/,sn74hct7813.pdf,sn74hct7813.png
sn74hct7814,Components,fail:alldatasheet_no_download_link,https://www.alldatasheet.com/,sn74hct7814.pdf,sn74hct7814.png
sn74hct7815,Components,fail:alldatasheet_no_download_link,https://www.alldatasheet.com/,sn74hct7815.pdf,sn74hct7815.png
sn74hct7816,Components,fail:alldatasheet_no_download_link,https://www.alldatasheet.com/,sn74hct7816.pdf,sn74hct7816.png
sn74hct7817,Components,fail:alldatasheet_no_download_link,https://www.alldatasheet.com/,sn74hct7817.pdf,sn74hct7817.png
sn74hct7818,Components,fail:alldatasheet_no_download_link,https://www.alldatasheet.com/,sn74hct7818.pdf,sn74hct7818.png
sn74hct7819,Components,fail:alldatasheet_no_download_link,https://www.alldatasheet.com/,sn74hct7819.pdf,sn74hct7819.png
sn74hct7820,Components,fail:alldatasheet_no_download_link,https://www.alldatasheet.com/,sn74hct7820.pdf,sn74hct7820.png
sn74hct7821,Components,fail:alldatasheet_no_download_link,https://www.alldatasheet.com/,sn74hct7821.pdf,sn74hct7821.png
sn74hct7822,Components,fail:alldatasheet_no_download_link,https://www.alldatasheet.com/,sn74hct7822.pdf,sn74hct7822.png
sn74hct7823,Components,fail:alldatasheet_no_download_link,https://www.alldatasheet.com/,sn74hct7823.pdf,sn74hct7823.png
sn74hct7881,Components,fail:alldatasheet_no_download_link,https://www.alldatasheet.com/,sn74hct7881.pdf,sn74hct7881.png
sn74hct7882,Components,fail:alldatasheet_no_download_link,https://www.alldatasheet.com/,sn74hct7882.pdf,sn74hct7882.png
sn74hct7884,Components,fail:alldatasheet_no_download_link,https://www.alldatasheet.com/,sn74hct7884.pdf,sn74hct7884.png
sn74hct8003,Components,fail:alldatasheet_no_download_link,https://www.alldatasheet.com/,sn74hct8003.pdf,sn74hct8003.png
sn74hct8151,Components,fail:alldatasheet_no_download_link,https://www.alldatasheet.com/,sn74hct8151.pdf,sn74hct8151.png
sn74hct8153,Components,fail:alldatasheet_no_download_link,https://www.alldatasheet.com/,sn74hct8153.pdf,sn74hct8153.png
sn74hct8154,Components,fail:alldatasheet_no_download_link,https://www.alldatasheet.com/,sn74hct8154.pdf,sn74hct8154.png
sn74hct8161,Components,fail:alldatasheet_no_download_link,https://www.alldatasheet.com/,sn74hct8161.pdf,sn74hct8161.png
sn74hct8240,Components,fail:alldatasheet_no_download_link,https://www.alldatasheet.com/,sn74hct8240.pdf,sn74hct8240.png
sn74hct8244,Components,fail:alldatasheet_no_download_link,https://www.alldatasheet.com/,sn74hct8244.pdf,sn74hct8244.png
sn74hct8245,Components,fail:alldatasheet_no_download_link,https://www.alldatasheet.com/,sn74hct8245.pdf,sn74hct8245.png
sn74hct8373,Components,fail:alldatasheet_no_download_link,https://www.alldatasheet.com/,sn74hct8373.pdf,sn74hct8373.png
sn74hct8374,Components,fail:alldatasheet_no_download_link,https://www.alldatasheet.com/,sn74hct8374.pdf,sn74hct8374.png
sn74hct8400,Components,fail:alldatasheet_no_download_link,https://www.alldatasheet.com/,sn74hct8400.pdf,sn74hct8400.png
sn74hct8541,Components,fail:alldatasheet_no_download_link,https://www.alldatasheet.com/,sn74hct8541.pdf,sn74hct8541.png
sn74hct8543,Components,fail:alldatasheet_no_download_link,https://www.alldatasheet.com/,sn74hct8543.pdf,sn74hct8543.png
sn74hct8646,Components,fail:alldatasheet_no_download_link,https://www.alldatasheet.com/,sn74hct8646.pdf,sn74hct8646.png
sn74hct8652,Components,fail:alldatasheet_no_download_link,https://www.alldatasheet.com/,sn74hct8652.pdf,sn74hct8652.png
sn74hct8818,Components,fail:alldatasheet_no_download_link,https://www.alldatasheet.com/,sn74hct8818.pdf,sn74hct8818.png
sn74hct8832,Components,fail:alldatasheet_no_download_link,https://www.alldatasheet.com/,sn74hct8832.pdf,sn74hct8832.png
sn74hct8834,Components,fail:alldatasheet_no_download_link,https://www.alldatasheet.com/,sn74hct8834.pdf,sn74hct8834.png
sn74hct8835,Components,fail:alldatasheet_no_download_link,https://www.alldatasheet.com/,sn74hct8835.pdf,sn74hct8835.png
sn74hct8836,Components,fail:alldatasheet_no_download_link,https://www.alldatasheet.com/,sn74hct8836.pdf,sn74hct8836.png
sn74hct8837,Components,fail:alldatasheet_no_download_link,https://www.alldatasheet.com/,sn74hct8837.pdf,sn74hct8837.png
sn74hct8838,Components,fail:alldatasheet_no_download_link,https://www.alldatasheet.com/,sn74hct8838.pdf,sn74hct8838.png
sn74hct8839,Components,fail:alldatasheet_no_download_link,https://www.alldatasheet.com/,sn74hct8839.pdf,sn74hct8839.png
sn74hct8840,Components,fail:alldatasheet_no_download_link,https://www.alldatasheet.com/,sn74hct8840.pdf,sn74hct8840.png
sn74hct8841,Components,fail:alldatasheet_no_download_link,https://www.alldatasheet.com/,sn74hct8841.pdf,sn74hct8841.png
sn74hct8847,Components,fail:alldatasheet_no_download_link,https://www.alldatasheet.com/,sn74hct8847.pdf,sn74hct8847.png
sn74hct8867,Components,fail:alldatasheet_no_download_link,https://www.alldatasheet.com/,sn74hct8867.pdf,sn74hct8867.png
sn74hct8952,Components,fail:alldatasheet_no_download_link,https://www.alldatasheet.com/,sn74hct8952.pdf,sn74hct8952.png
sn74hct8960,Components,fail:alldatasheet_no_download_link,https://www.alldatasheet.com/,sn74hct8960.pdf,sn74hct8960.png
sn74hct8961,Components,fail:alldatasheet_no_download_link,https://www.alldatasheet.com/,sn74hct8961.pdf,sn74hct8961.png
sn74hct8962,Components,fail:alldatasheet_no_download_link,https://www.alldatasheet.com/,sn74hct8962.pdf,sn74hct8962.png
sn74hct8963,Components,fail:alldatasheet_no_download_link,https://www.alldatasheet.com/,sn74hct8963.pdf,sn74hct8963.png
sn74hct8965,Components,fail:alldatasheet_no_download_link,https://www.alldatasheet.com/,sn74hct8965.pdf,sn74hct8965.png
sn74hct8966,Components,fail:alldatasheet_no_download_link,https://www.alldatasheet.com/,sn74hct8966.pdf,sn74hct8966.png
sn74hct8980,Components,fail:alldatasheet_no_download_link,https://www.alldatasheet.com/,sn74hct8980.pdf,sn74hct8980.png
sn74hct8986,Components,fail:alldatasheet_no_download_link,https://www.alldatasheet.com/,sn74hct8986.pdf,sn74hct8986.png
sn74hct8990,Components,fail:alldatasheet_no_download_link,https://www.alldatasheet.com/,sn74hct8990.pdf,sn74hct8990.png
sn74hct8994,Components,fail:alldatasheet_no_download_link,https://www.alldatasheet.com/,sn74hct8994.pdf,sn74hct8994.png
sn74hct8996,Components,fail:alldatasheet_no_download_link,https://www.alldatasheet.com/,sn74hct8996.pdf,sn74hct8996.png
sn74hct8997,Components,fail:alldatasheet_no_download_link,https://www.alldatasheet.com/,sn74hct8997.pdf,sn74hct8997.png
sn74hct8999,Components,fail:alldatasheet_no_download_link,https://www.alldatasheet.com/,sn74hct8999.pdf,sn74hct8999.png
sn74hct9000,Components,fail:alldatasheet_no_download_link,https://www.alldatasheet.com/,sn74hct9000.pdf,sn74hct9000.png
sn74hct9014,Components,fail:alldatasheet_no_download_link,https://www.alldatasheet.com/,sn74hct9014.pdf,sn74hct9014.png
sn74hct9015,Components,fail:alldatasheet_no_download_link,https://www.alldatasheet.com/,sn74hct9015.pdf,sn74hct9015.png
sn74hct9034,Components,fail:alldatasheet_no_download_link,https://www.alldatasheet.com/,sn74hct9034.pdf,sn74hct9034.png
sn74hct9035,Components,fail:alldatasheet_no_download_link,https://www.alldatasheet.com/,sn74hct9035.pdf,sn74hct9035.png
sn74hct9046,Components,fail:alldatasheet_no_download_link,https://www.alldatasheet.com/,sn74hct9046.pdf,sn74hct9046.png
sn74hct9114,Components,fail:alldatasheet_no_download_link,https://www.alldatasheet.com/,sn74hct9114.pdf,sn74hct9114.png
sn74hct9115,Components,fail:alldatasheet_no_download_link,https://www.alldatasheet.com/,sn74hct9115.pdf,sn74hct9115.png
sn74hct9134,Components,fail:alldatasheet_no_download_link,https://www.alldatasheet.com/,sn74hct9134.pdf,sn74hct9134.png
sn74hct9135,Components,fail:alldatasheet_no_download_link,https://www.alldatasheet.com/,sn74hct9135.pdf,sn74hct9135.png
sn74hct9164,Components,fail:alldatasheet_no_download_link,https://www.alldatasheet.com/,sn74hct9164.pdf,sn74hct9164.png
sn74hct9240,Components,fail:alldatasheet_no_download_link,https://www.alldatasheet.com/,sn74hct9240.pdf,sn74hct9240.png
sn74hct9244,Components,fail:alldatasheet_no_download_link,https://www.alldatasheet.com/,sn74hct9244.pdf,sn74hct9244.png
sn74hct9245,Components,fail:alldatasheet_no_download_link,https://www.alldatasheet.com/,sn74hct9245.pdf,sn74hct9245.png
sn74hct9323,Components,fail:alldatasheet_no_download_link,https://www.alldatasheet.com/,sn74hct9323.pdf,sn74hct9323.png
sn74hct9510,Components,fail:alldatasheet_no_download_link,https://www.alldatasheet.com/,sn74hct9510.pdf,sn74hct9510.png
sn74hct9541,Components,fail:alldatasheet_no_download_link,https://www.alldatasheet.com/,sn74hct9541.pdf,sn74hct9541.png
sn74hct9595,Components,fail:alldatasheet_no_download_link,https://www.alldatasheet.com/,sn74hct9595.pdf,sn74hct9595.png
sn74lvc00,Components,fail:alldatasheet_no_download_link,https://www.alldatasheet.com/,sn74lvc00.pdf,sn74lvc00.png
sn74lvc01,Components,fail:alldatasheet_no_download_link,https://www.alldatasheet.com/,sn74lvc01.pdf,sn74lvc01.png
sn74lvc02,Components,fail:alldatasheet_no_download_link,https://www.alldatasheet.com/,sn74lvc02.pdf,sn74lvc02.png
sn74lvc03,Components,fail:alldatasheet_no_download_link,https://www.alldatasheet.com/,sn74lvc03.pdf,sn74lvc03.png
sn74lvc04,Components,fail:alldatasheet_no_download_link,https://www.alldatasheet.com/,sn74lvc04.pdf,sn74lvc04.png
sn74lvc05,Components,fail:alldatasheet_no_download_link,https://www.alldatasheet.com/,sn74lvc05.pdf,sn74lvc05.png
sn74lvc06,Components,fail:alldatasheet_no_download_link,https://www.alldatasheet.com/,sn74lvc06.pdf,sn74lvc06.png
sn74lvc07,Components,fail:alldatasheet_no_download_link,https://www.alldatasheet.com/,sn74lvc07.pdf,sn74lvc07.png
sn74lvc08,Components,fail:alldatasheet_no_download_link,https://www.alldatasheet.com/,sn74lvc08.pdf,sn74lvc08.png
sn74lvc09,Components,fail:alldatasheet_no_download_link,https://www.alldatasheet.com/,sn74lvc09.pdf,sn74lvc09.png
sn74lvc10,Components,fail:alldatasheet_no_download_link,https://www.alldatasheet.com/,sn74lvc10.pdf,sn74lvc10.png
sn74lvc11,Components,fail:alldatasheet_no_download_link,https://www.alldatasheet.com/,sn74lvc11.pdf,sn74lvc11.png
sn74lvc12,Components,fail:alldatasheet_no_download_link,https://www.alldatasheet.com/,sn74lvc12.pdf,sn74lvc12.png
sn74lvc13,Components,fail:alldatasheet_no_download_link,https://www.alldatasheet.com/,sn74lvc13.pdf,sn74lvc13.png
sn74lvc14,Components,fail:alldatasheet_no_download_link,https://www.alldatasheet.com/,sn74lvc14.pdf,sn74lvc14.png
sn74lvc15,Components,fail:alldatasheet_no_download_link,https://www.alldatasheet.com/,sn74lvc15.pdf,sn74lvc15.png
sn74lvc16,Components,fail:alldatasheet_no_download_link,https://www.alldatasheet.com/,sn74lvc16.pdf,sn74lvc16.png
sn74lvc17,Components,fail:alldatasheet_no_download_link,https://www.alldatasheet.com/,sn74lvc17.pdf,sn74lvc17.png
sn74lvc18,Components,fail:alldatasheet_no_download_link,https://www.alldatasheet.com/,sn74lvc18.pdf,sn74lvc18.png
sn74lvc19,Components,fail:alldatasheet_no_download_link,https://www.alldatasheet.com/,sn74lvc19.pdf,sn74lvc19.png
sn74lvc20,Components,fail:alldatasheet_no_download_link,https://www.alldatasheet.com/,sn74lvc20.pdf,sn74lvc20.png
sn74lvc21,Components,fail:alldatasheet_no_download_link,https://www.alldatasheet.com/,sn74lvc21.pdf,sn74lvc21.png
sn74lvc22,Components,fail:alldatasheet_no_download_link,https://www.alldatasheet.com/,sn74lvc22.pdf,sn74lvc22.png
sn74lvc23,Components,fail:alldatasheet_no_download_link,https://www.alldatasheet.com/,sn74lvc23.pdf,sn74lvc23.png
sn74lvc24,Components,fail:alldatasheet_no_download_link,https://www.alldatasheet.com/,sn74lvc24.pdf,sn74lvc24.png
sn74lvc25,Components,fail:alldatasheet_no_download_link,https://www.alldatasheet.com/,sn74lvc25.pdf,sn74lvc25.png
sn74lvc26,Components,fail:alldatasheet_no_download_link,https://www.alldatasheet.com/,sn74lvc26.pdf,sn74lvc26.png
sn74lvc27,Components,fail:alldatasheet_no_download_link,https://www.alldatasheet.com/,sn74lvc27.pdf,sn74lvc27.png
sn74lvc28,Components,fail:alldatasheet_no_download_link,https://www.alldatasheet.com/,sn74lvc28.pdf,sn74lvc28.png
sn74lvc29,Components,fail:alldatasheet_no_download_link,https://www.alldatasheet.com/,sn74lvc29.pdf,sn74lvc29.png
sn74lvc30,Components,fail:alldatasheet_no_download_link,https://www.alldatasheet.com/,sn74lvc30.pdf,sn74lvc30.png
sn74lvc31,Components,fail:alldatasheet_no_download_link,https://www.alldatasheet.com/,sn74lvc31.pdf,sn74lvc31.png
sn74lvc32,Components,fail:alldatasheet_no_download_link,https://www.alldatasheet.com/,sn74lvc32.pdf,sn74lvc32.png
sn74lvc33,Components,fail:alldatasheet_no_download_link,https://www.alldatasheet.com/,sn74lvc33.pdf,sn74lvc33.png
sn74lvc34,Components,fail:alldatasheet_no_download_link,https://www.alldatasheet.com/,sn74lvc34.pdf,sn74lvc34.png
sn74lvc35,Components,fail:alldatasheet_no_download_link,https://www.alldatasheet.com/,sn74lvc35.pdf,sn74lvc35.png
sn74lvc36,Components,fail:alldatasheet_no_download_link,https://www.alldatasheet.com/,sn74lvc36.pdf,sn74lvc36.png
sn74lvc37,Components,fail:alldatasheet_no_download_link,https://www.alldatasheet.com/,sn74lvc37.pdf,sn74lvc37.png
sn74lvc38,Components,fail:alldatasheet_no_download_link,https://www.alldatasheet.com/,sn74lvc38.pdf,sn74lvc38.png
sn74lvc39,Components,fail:alldatasheet_no_download_link,https://www.alldatasheet.com/,sn74lvc39.pdf,sn74lvc39.png
sn74lvc40,Components,fail:alldatasheet_no_download_link,https://www.alldatasheet.com/,sn74lvc40.pdf,sn74lvc40.png
sn74lvc41,Components,fail:alldatasheet_no_download_link,https://www.alldatasheet.com/,sn74lvc41.pdf,sn74lvc41.png
sn74lvc42,Components,fail:alldatasheet_no_download_link,https://www.alldatasheet.com/,sn74lvc42.pdf,sn74lvc42.png
sn74lvc43,Components,fail:alldatasheet_no_download_link,https://www.alldatasheet.com/,sn74lvc43.pdf,sn74lvc43.png
sn74lvc44,Components,fail:alldatasheet_no_download_link,https://www.alldatasheet.com/,sn74lvc44.pdf,sn74lvc44.png
sn74lvc45,Components,fail:alldatasheet_no_download_link,https://www.alldatasheet.com/,sn74lvc45.pdf,sn74lvc45.png
sn74lvc46,Components,fail:alldatasheet_no_download_link,https://www.alldatasheet.com/,sn74lvc46.pdf,sn74lvc46.png
sn74lvc47,Components,fail:alldatasheet_no_download_link,https://www.alldatasheet.com/,sn74lvc47.pdf,sn74lvc47.png
sn74lvc48,Components,fail:alldatasheet_no_download_link,https://www.alldatasheet.com/,sn74lvc48.pdf,sn74lvc48.png
sn74lvc49,Components,fail:alldatasheet_no_download_link,https://www.alldatasheet.com/,sn74lvc49.pdf,sn74lvc49.png
sn74lvc50,Components,fail:alldatasheet_no_download_link,https://www.alldatasheet.com/,sn74lvc50.pdf,sn74lvc50.png
sn74lvc52,Components,fail:alldatasheet_no_download_link,https://www.alldatasheet.com/,sn74lvc52.pdf,sn74lvc52.png
sn74lvc53,Components,fail:alldatasheet_no_download_link,https://www.alldatasheet.com/,sn74lvc53.pdf,sn74lvc53.png
sn74lvc55,Components,fail:alldatasheet_no_download_link,https://www.alldatasheet.com/,sn74lvc55.pdf,sn74lvc55.png
sn74lvc56,Components,fail:alldatasheet_no_download_link,https://www.alldatasheet.com/,sn74lvc56.pdf,sn74lvc56.png
sn74lvc57,Components,fail:alldatasheet_no_download_link,https://www.alldatasheet.com/,sn74lvc57.pdf,sn74lvc57.png
sn74lvc58,Components,fail:alldatasheet_no_download_link,https://www.alldatasheet.com/,sn74lvc58.pdf,sn74lvc58.png
sn74lvc59,Components,fail:alldatasheet_no_download_link,https://www.alldatasheet.com/,sn74lvc59.pdf,sn74lvc59.png
sn74lvc60,Components,fail:alldatasheet_no_download_link,https://www.alldatasheet.com/,sn74lvc60.pdf,sn74lvc60.png
sn74lvc61,Components,fail:alldatasheet_no_download_link,https://www.alldatasheet.com/,sn74lvc61.pdf,sn74lvc61.png
sn74lvc62,Components,fail:alldatasheet_no_download_link,https://www.alldatasheet.com/,sn74lvc62.pdf,sn74lvc62.png
sn74lvc63,Components,fail:alldatasheet_no_download_link,https://www.alldatasheet.com/,sn74lvc63.pdf,sn74lvc63.png
sn74lvc64,Components,fail:alldatasheet_no_download_link,https://www.alldatasheet.com/,sn74lvc64.pdf,sn74lvc64.png
sn74lvc65,Components,fail:alldatasheet_no_download_link,https://www.alldatasheet.com/,sn74lvc65.pdf,sn74lvc65.png
sn74lvc67,Components,fail:alldatasheet_no_download_link,https://www.alldatasheet.com/,sn74lvc67.pdf,sn74lvc67.png
sn74lvc70,Components,fail:alldatasheet_no_download_link,https://www.alldatasheet.com/,sn74lvc70.pdf,sn74lvc70.png
sn74lvc72,Components,fail:alldatasheet_no_download_link,https://www.alldatasheet.com/,sn74lvc72.pdf,sn74lvc72.png
sn74lvc73,Components,fail:alldatasheet_no_download_link,https://www.alldatasheet.com/,sn74lvc73.pdf,sn74lvc73.png
sn74lvc74,Components,fail:alldatasheet_no_download_link,https://www.alldatasheet.com/,sn74lvc74.pdf,sn74lvc74.png
sn74lvc75,Components,fail:alldatasheet_no_download_link,https://www.alldatasheet.com/,sn74lvc75.pdf,sn74lvc75.png
sn74lvc76,Components,fail:alldatasheet_no_download_link,https://www.alldatasheet.com/,sn74lvc76.pdf,sn74lvc76.png
sn74lvc77,Components,fail:alldatasheet_no_download_link,https://www.alldatasheet.com/,sn74lvc77.pdf,sn74lvc77.png
sn74lvc79,Components,fail:alldatasheet_no_download_link,https://www.alldatasheet.com/,sn74lvc79.pdf,sn74lvc79.png
sn74lvc80,Components,fail:alldatasheet_no_download_link,https://www.alldatasheet.com/,sn74lvc80.pdf,sn74lvc80.png
sn74lvc81,Components,fail:alldatasheet_no_download_link,https://www.alldatasheet.com/,sn74lvc81.pdf,sn74lvc81.png
sn74lvc82,Components,fail:alldatasheet_no_download_link,https://www.alldatasheet.com/,sn74lvc82.pdf,sn74lvc82.png
sn74lvc83,Components,fail:alldatasheet_no_download_link,https://www.alldatasheet.com/,sn74lvc83.pdf,sn74lvc83.png
sn74lvc84,Components,fail:alldatasheet_no_download_link,https://www.alldatasheet.com/,sn74lvc84.pdf,sn74lvc84.png
sn74lvc85,Components,fail:alldatasheet_no_download_link,https://www.alldatasheet.com/,sn74lvc85.pdf,sn74lvc85.png
sn74lvc86,Components,fail:alldatasheet_no_download_link,https://www.alldatasheet.com/,sn74lvc86.pdf,sn74lvc86.png
sn74lvc87,Components,fail:alldatasheet_no_download_link,https://www.alldatasheet.com/,sn74lvc87.pdf,sn74lvc87.png
sn74lvc88,Components,fail:alldatasheet_no_download_link,https://www.alldatasheet.com/,sn74lvc88.pdf,sn74lvc88.png
sn74lvc89,Components,fail:alldatasheet_no_download_link,https://www.alldatasheet.com/,sn74lvc89.pdf,sn74lvc89.png
sn74lvc90,Components,fail:alldatasheet_no_download_link,https://www.alldatasheet.com/,sn74lvc90.pdf,sn74lvc90.png
sn74lvc91,Components,fail:alldatasheet_no_download_link,https://www.alldatasheet.com/,sn74lvc91.pdf,sn74lvc91.png
sn74lvc92,Components,fail:alldatasheet_no_download_link,https://www.alldatasheet.com/,sn74lvc92.pdf,sn74lvc92.png
sn74lvc93,Components,fail:alldatasheet_no_download_link,https://www.alldatasheet.com/,sn74lvc93.pdf,sn74lvc93.png
sn74lvc94,Components,fail:alldatasheet_no_download_link,https://www.alldatasheet.com/,sn74lvc94.pdf,sn74lvc94.png
sn74lvc95,Components,fail:alldatasheet_no_download_link,https://www.alldatasheet.com/,sn74lvc95.pdf,sn74lvc95.png
sn74lvc96,Components,fail:alldatasheet_no_download_link,https://www.alldatasheet.com/,sn74lvc96.pdf,sn74lvc96.png
sn74lvc97,Components,fail:alldatasheet_no_download_link,https://www.alldatasheet.com/,sn74lvc97.pdf,sn74lvc97.png
sn74lvc98,Components,fail:alldatasheet_no_download_link,https://www.alldatasheet.com/,sn74lvc98.pdf,sn74lvc98.png
sn74lvc99,Components,fail:alldatasheet_no_download_link,https://www.alldatasheet.com/,sn74lvc99.pdf,sn74lvc99.png
sn74lvc100,Components,fail:alldatasheet_no_download_link,https://www.alldatasheet.com/,sn74lvc100.pdf,sn74lvc100.png
sn74lvc101,Components,fail:alldatasheet_no_download_link,https://www.alldatasheet.com/,sn74lvc101.pdf,sn74lvc101.png
sn74lvc102,Components,fail:alldatasheet_no_download_link,https://www.alldatasheet.com/,sn74lvc102.pdf,sn74lvc102.png
sn74lvc103,Components,fail:alldatasheet_no_download_link,https://www.alldatasheet.com/,sn74lvc103.pdf,sn74lvc103.png
sn74lvc104,Components,fail:alldatasheet_no_download_link,https://www.alldatasheet.com/,sn74lvc104.pdf,sn74lvc104.png
sn74lvc105,Components,fail:alldatasheet_no_download_link,https://www.alldatasheet.com/,sn74lvc105.pdf,sn74lvc105.png
sn74lvc106,Components,fail:alldatasheet_no_download_link,https://www.alldatasheet.com/,sn74lvc106.pdf,sn74lvc106.png
sn74lvc107,Components,fail:alldatasheet_no_download_link,https://www.alldatasheet.com/,sn74lvc107.pdf,sn74lvc107.png
sn74lvc108,Components,fail:alldatasheet_no_download_link,https://www.alldatasheet.com/,sn74lvc108.pdf,sn74lvc108.png
sn74lvc109,Components,fail:alldatasheet_no_download_link,https://www.alldatasheet.com/,sn74lvc109.pdf,sn74lvc109.png
sn74lvc110,Components,fail:alldatasheet_no_download_link,https://www.alldatasheet.com/,sn74lvc110.pdf,sn74lvc110.png
sn74lvc111,Components,fail:alldatasheet_no_download_link,https://www.alldatasheet.com/,sn74lvc111.pdf,sn74lvc111.png
sn74lvc112,Components,fail:alldatasheet_no_download_link,https://www.alldatasheet.com/,sn74lvc112.pdf,sn74lvc112.png
sn74lvc113,Components,fail:alldatasheet_no_download_link,https://www.alldatasheet.com/,sn74lvc113.pdf,sn74lvc113.png
sn74lvc114,Components,fail:alldatasheet_no_download_link,https://www.alldatasheet.com/,sn74lvc114.pdf,sn74lvc114.png
sn74lvc115,Components,fail:alldatasheet_no_download_link,https://www.alldatasheet.com/,sn74lvc115.pdf,sn74lvc115.png
sn74lvc117,Components,fail:alldatasheet_no_download_link,https://www.alldatasheet.com/,sn74lvc117.pdf,sn74lvc117.png
sn74lvc118,Components,fail:alldatasheet_no_download_link,https://www.alldatasheet.com/,sn74lvc118.pdf,sn74lvc118.png
sn74lvc121,Components,fail:alldatasheet_no_download_link,https://www.alldatasheet.com/,sn74lvc121.pdf,sn74lvc121.png
sn74lvc122,Components,fail:alldatasheet_no_download_link,https://www.alldatasheet.com/,sn74lvc122.pdf,sn74lvc122.png
sn74lvc123,Components,fail:alldatasheet_no_download_link,https://www.alldatasheet.com/,sn74lvc123.pdf,sn74lvc123.png
sn74lvc124,Components,fail:alldatasheet_no_download_link,https://www.alldatasheet.com/,sn74lvc124.pdf,sn74lvc124.png
sn74lvc125,Components,fail:alldatasheet_no_download_link,https://www.alldatasheet.com/,sn74lvc125.pdf,sn74lvc125.png
sn74lvc126,Components,fail:alldatasheet_no_download_link,https://www.alldatasheet.com/,sn74lvc126.pdf,sn74lvc126.png
sn74lvc128,Components,fail:alldatasheet_no_download_link,https://www.alldatasheet.com/,sn74lvc128.pdf,sn74lvc128.png
sn74lvc130,Components,fail:alldatasheet_no_download_link,https://www.alldatasheet.com/,sn74lvc130.pdf,sn74lvc130.png
sn74lvc132,Components,fail:alldatasheet_no_download_link,https://www.alldatasheet.com/,sn74lvc132.pdf,sn74lvc132.png
sn74lvc133,Components,fail:alldatasheet_no_download_link,https://www.alldatasheet.com/,sn74lvc133.pdf,sn74lvc133.png
sn74lvc134,Components,fail:alldatasheet_no_download_link,https://www.alldatasheet.com/,sn74lvc134.pdf,sn74lvc134.png
sn74lvc135,Components,fail:alldatasheet_no_download_link,https://www.alldatasheet.com/,sn74lvc135.pdf,sn74lvc135.png
sn74lvc136,Components,fail:alldatasheet_no_download_link,https://www.alldatasheet.com/,sn74lvc136.pdf,sn74lvc136.png
sn74lvc137,Components,fail:alldatasheet_no_download_link,https://www.alldatasheet.com/,sn74lvc137.pdf,sn74lvc137.png
sn74lvc138,Components,fail:alldatasheet_no_download_link,https://www.alldatasheet.com/,sn74lvc138.pdf,sn74lvc138.png
sn74lvc139,Components,fail:alldatasheet_no_download_link,https://www.alldatasheet.com/,sn74lvc139.pdf,sn74lvc139.png
sn74lvc140,Components,fail:alldatasheet_no_download_link,https://www.alldatasheet.com/,sn74lvc140.pdf,sn74lvc140.png
sn74lvc141,Components,fail:alldatasheet_no_download_link,https://www.alldatasheet.com/,sn74lvc141.pdf,sn74lvc141.png
sn74lvc142,Components,fail:alldatasheet_no_download_link,https://www.alldatasheet.com/,sn74lvc142.pdf,sn74lvc142.png
sn74lvc143,Components,fail:alldatasheet_no_download_link,https://www.alldatasheet.com/,sn74lvc143.pdf,sn74lvc143.png
sn74lvc144,Components,fail:alldatasheet_no_download_link,https://www.alldatasheet.com/,sn74lvc144.pdf,sn74lvc144.png
sn74lvc145,Components,fail:alldatasheet_no_download_link,https://www.alldatasheet.com/,sn74lvc145.pdf,sn74lvc145.png
sn74lvc146,Components,fail:alldatasheet_no_download_link,https://www.alldatasheet.com/,sn74lvc146.pdf,sn74lvc146.png
sn74lvc147,Components,fail:alldatasheet_no_download_link,https://www.alldatasheet.com/,sn74lvc147.pdf,sn74lvc147.png
sn74lvc148,Components,fail:alldatasheet_no_download_link,https://www.alldatasheet.com/,sn74lvc148.pdf,sn74lvc148.png
sn74lvc149,Components,fail:alldatasheet_no_download_link,https://www.alldatasheet.com/,sn74lvc149.pdf,sn74lvc149.png
sn74lvc150,Components,fail:alldatasheet_no_download_link,https://www.alldatasheet.com/,sn74lvc150.pdf,sn74lvc150.png
sn74lvc151,Components,fail:alldatasheet_no_download_link,https://www.alldatasheet.com/,sn74lvc151.pdf,sn74lvc151.png
sn74lvc152,Components,fail:alldatasheet_no_download_link,https://www.alldatasheet.com/,sn74lvc152.pdf,sn74lvc152.png
sn74lvc153,Components,fail:alldatasheet_no_download_link,https://www.alldatasheet.com/,sn74lvc153.pdf,sn74lvc153.png
sn74lvc154,Components,fail:alldatasheet_no_download_link,https://www.alldatasheet.com/,sn74lvc154.pdf,sn74lvc154.png
sn74lvc155,Components,fail:alldatasheet_no_download_link,https://www.alldatasheet.com/,sn74lvc155.pdf,sn74lvc155.png
sn74lvc156,Components,fail:alldatasheet_no_download_link,https://www.alldatasheet.com/,sn74lvc156.pdf,sn74lvc156.png
sn74lvc157,Components,fail:alldatasheet_no_download_link,https://www.alldatasheet.com/,sn74lvc157.pdf,sn74lvc157.png
sn74lvc158,Components,fail:alldatasheet_no_download_link,https://www.alldatasheet.com/,sn74lvc158.pdf,sn74lvc158.png
sn74lvc159,Components,fail:alldatasheet_no_download_link,https://www.alldatasheet.com/,sn74lvc159.pdf,sn74lvc159.png
sn74lvc160,Components,fail:alldatasheet_no_download_link,https://www.alldatasheet.com/,sn74lvc160.pdf,sn74lvc160.png
sn74lvc161,Components,fail:alldatasheet_no_download_link,https://www.alldatasheet.com/,sn74lvc161.pdf,sn74lvc161.png
sn74lvc162,Components,fail:alldatasheet_no_download_link,https://www.alldatasheet.com/,sn74lvc162.pdf,sn74lvc162.png
sn74lvc163,Components,fail:alldatasheet_no_download_link,https://www.alldatasheet.com/,sn74lvc163.pdf,sn74lvc163.png
sn74lvc164,Components,fail:alldatasheet_no_download_link,https://www.alldatasheet.com/,sn74lvc164.pdf,sn74lvc164.png
sn74lvc165,Components,fail:alldatasheet_no_download_link,https://www.alldatasheet.com/,sn74lvc165.pdf,sn74lvc165.png
sn74lvc166,Components,fail:alldatasheet_no_download_link,https://www.alldatasheet.com/,sn74lvc166.pdf,sn74lvc166.png
sn74lvc167,Components,fail:alldatasheet_no_download_link,https://www.alldatasheet.com/,sn74lvc167.pdf,sn74lvc167.png
sn74lvc168,Components,fail:alldatasheet_no_download_link,https://www.alldatasheet.com/,sn74lvc168.pdf,sn74lvc168.png
sn74lvc169,Components,fail:alldatasheet_no_download_link,https://www.alldatasheet.com/,sn74lvc169.pdf,sn74lvc169.png
sn74lvc170,Components,fail:alldatasheet_no_download_link,https://www.alldatasheet.com/,sn74lvc170.pdf,sn74lvc170.png
sn74lvc171,Components,fail:alldatasheet_no_download_link,https://www.alldatasheet.com/,sn74lvc171.pdf,sn74lvc171.png
sn74lvc172,Components,fail:alldatasheet_no_download_link,https://www.alldatasheet.com/,sn74lvc172.pdf,sn74lvc172.png
sn74lvc173,Components,fail:alldatasheet_no_download_link,https://www.alldatasheet.com/,sn74lvc173.pdf,sn74lvc173.png
sn74lvc174,Components,fail:alldatasheet_no_download_link,https://www.alldatasheet.com/,sn74lvc174.pdf,sn74lvc174.png
sn74lvc175,Components,fail:alldatasheet_no_download_link,https://www.alldatasheet.com/,sn74lvc175.pdf,sn74lvc175.png
sn74lvc176,Components,fail:alldatasheet_no_download_link,https://www.alldatasheet.com/,sn74lvc176.pdf,sn74lvc176.png
sn74lvc177,Components,fail:alldatasheet_no_download_link,https://www.alldatasheet.com/,sn74lvc177.pdf,sn74lvc177.png
sn74lvc178,Components,fail:alldatasheet_no_download_link,https://www.alldatasheet.com/,sn74lvc178.pdf,sn74lvc178.png
sn74lvc179,Components,fail:alldatasheet_no_download_link,https://www.alldatasheet.com/,sn74lvc179.pdf,sn74lvc179.png
sn74lvc180,Components,fail:alldatasheet_no_download_link,https://www.alldatasheet.com/,sn74lvc180.pdf,sn74lvc180.png
sn74lvc181,Components,fail:alldatasheet_no_download_link,https://www.alldatasheet.com/,sn74lvc181.pdf,sn74lvc181.png
sn74lvc182,Components,fail:alldatasheet_no_download_link,https://www.alldatasheet.com/,sn74lvc182.pdf,sn74lvc182.png
sn74lvc183,Components,fail:alldatasheet_no_download_link,https://www.alldatasheet.com/,sn74lvc183.pdf,sn74lvc183.png
sn74lvc184,Components,fail:alldatasheet_no_download_link,https://www.alldatasheet.com/,sn74lvc184.pdf,sn74lvc184.png
sn74lvc185,Components,fail:alldatasheet_no_download_link,https://www.alldatasheet.com/,sn74lvc185.pdf,sn74lvc185.png
sn74lvc186,Components,fail:alldatasheet_no_download_link,https://www.alldatasheet.com/,sn74lvc186.pdf,sn74lvc186.png
sn74lvc187,Components,fail:alldatasheet_no_download_link,https://www.alldatasheet.com/,sn74lvc187.pdf,sn74lvc187.png
sn74lvc188,Components,fail:alldatasheet_no_download_link,https://www.alldatasheet.com/,sn74lvc188.pdf,sn74lvc188.png
sn74lvc189,Components,fail:alldatasheet_no_download_link,https://www.alldatasheet.com/,sn74lvc189.pdf,sn74lvc189.png
sn74lvc190,Components,fail:alldatasheet_no_download_link,https://www.alldatasheet.com/,sn74lvc190.pdf,sn74lvc190.png
sn74lvc191,Components,fail:alldatasheet_no_download_link,https://www.alldatasheet.com/,sn74lvc191.pdf,sn74lvc191.png
sn74lvc192,Components,fail:alldatasheet_no_download_link,https://www.alldatasheet.com/,sn74lvc192.pdf,sn74lvc192.png
sn74lvc193,Components,fail:alldatasheet_no_download_link,https://www.alldatasheet.com/,sn74lvc193.pdf,sn74lvc193.png
sn74lvc194,Components,fail:alldatasheet_no_download_link,https://www.alldatasheet.com/,sn74lvc194.pdf,sn74lvc194.png
sn74lvc195,Components,fail:alldatasheet_no_download_link,https://www.alldatasheet.com/,sn74lvc195.pdf,sn74lvc195.png
sn74lvc196,Components,fail:alldatasheet_no_download_link,https://www.alldatasheet.com/,sn74lvc196.pdf,sn74lvc196.png
sn74lvc197,Components,fail:alldatasheet_no_download_link,https://www.alldatasheet.com/,sn74lvc197.pdf,sn74lvc197.png
sn74lvc198,Components,fail:alldatasheet_no_download_link,https://www.alldatasheet.com/,sn74lvc198.pdf,sn74lvc198.png
sn74lvc199,Components,fail:alldatasheet_no_download_link,https://www.alldatasheet.com/,sn74lvc199.pdf,sn74lvc199.png
sn74lvc200,Components,fail:alldatasheet_no_download_link,https://www.alldatasheet.com/,sn74lvc200.pdf,sn74lvc200.png
sn74lvc201,Components,fail:alldatasheet_no_download_link,https://www.alldatasheet.com/,sn74lvc201.pdf,sn74lvc201.png
sn74lvc202,Components,fail:alldatasheet_no_download_link,https://www.alldatasheet.com/,sn74lvc202.pdf,sn74lvc202.png
sn74lvc206,Components,fail:alldatasheet_no_download_link,https://www.alldatasheet.com/,sn74lvc206.pdf,sn74lvc206.png
sn74lvc207,Components,fail:alldatasheet_no_download_link,https://www.alldatasheet.com/,sn74lvc207.pdf,sn74lvc207.png
sn74lvc208,Components,fail:alldatasheet_no_download_link,https://www.alldatasheet.com/,sn74lvc208.pdf,sn74lvc208.png
sn74lvc209,Components,fail:alldatasheet_no_download_link,https://www.alldatasheet.com/,sn74lvc209.pdf,sn74lvc209.png
sn74lvc210,Components,fail:alldatasheet_no_download_link,https://www.alldatasheet.com/,sn74lvc210.pdf,sn74lvc210.png
sn74lvc211,Components,fail:alldatasheet_no_download_link,https://www.alldatasheet.com/,sn74lvc211.pdf,sn74lvc211.png
sn74lvc212,Components,fail:alldatasheet_no_download_link,https://www.alldatasheet.com/,sn74lvc212.pdf,sn74lvc212.png
sn74lvc213,Components,fail:alldatasheet_no_download_link,https://www.alldatasheet.com/,sn74lvc213.pdf,sn74lvc213.png
sn74lvc214,Components,fail:alldatasheet_no_download_link,https://www.alldatasheet.com/,sn74lvc214.pdf,sn74lvc214.png
sn74lvc215,Components,fail:alldatasheet_no_download_link,https://www.alldatasheet.com/,sn74lvc215.pdf,sn74lvc215.png
sn74lvc216,Components,fail:alldatasheet_no_download_link,https://www.alldatasheet.com/,sn74lvc216.pdf,sn74lvc216.png
sn74lvc217,Components,fail:alldatasheet_no_download_link,https://www.alldatasheet.com/,sn74lvc217.pdf,sn74lvc217.png
sn74lvc218,Components,fail:alldatasheet_no_download_link,https://www.alldatasheet.com/,sn74lvc218.pdf,sn74lvc218.png
sn74lvc219,Components,fail:alldatasheet_no_download_link,https://www.alldatasheet.com/,sn74lvc219.pdf,sn74lvc219.png
sn74lvc221,Components,fail:alldatasheet_no_download_link,https://www.alldatasheet.com/,sn74lvc221.pdf,sn74lvc221.png
sn74lvc222,Components,fail:alldatasheet_no_download_link,https://www.alldatasheet.com/,sn74lvc222.pdf,sn74lvc222.png
sn74lvc224,Components,fail:alldatasheet_no_download_link,https://www.alldatasheet.com/,sn74lvc224.pdf,sn74lvc224.png
sn74lvc225,Components,fail:alldatasheet_no_download_link,https://www.alldatasheet.com/,sn74lvc225.pdf,sn74lvc225.png
sn74lvc226,Components,fail:alldatasheet_no_download_link,https://www.alldatasheet.com/,sn74lvc226.pdf,sn74lvc226.png
sn74lvc227,Components,fail:alldatasheet_no_download_link,https://www.alldatasheet.com/,sn74lvc227.pdf,sn74lvc227.png
sn74lvc228,Components,fail:alldatasheet_no_download_link,https://www.alldatasheet.com/,sn74lvc228.pdf,sn74lvc228.png
sn74lvc229,Components,fail:alldatasheet_no_download_link,https://www.alldatasheet.com/,sn74lvc229.pdf,sn74lvc229.png
sn74lvc230,Components,fail:alldatasheet_no_download_link,https://www.alldatasheet.com/,sn74lvc230.pdf,sn74lvc230.png
sn74lvc231,Components,fail:alldatasheet_no_download_link,https://www.alldatasheet.com/,sn74lvc231.pdf,sn74lvc231.png
sn74lvc232,Components,fail:alldatasheet_no_download_link,https://www.alldatasheet.com/,sn74lvc232.pdf,sn74lvc232.png
sn74lvc233,Components,fail:alldatasheet_no_download_link,https://www.alldatasheet.com/,sn74lvc233.pdf,sn74lvc233.png
sn74lvc234,Components,fail:alldatasheet_no_download_link,https://www.alldatasheet.com/,sn74lvc234.pdf,sn74lvc234.png
sn74lvc235,Components,fail:alldatasheet_no_download_link,https://www.alldatasheet.com/,sn74lvc235.pdf,sn74lvc235.png
sn74lvc236,Components,fail:alldatasheet_no_download_link,https://www.alldatasheet.com/,sn74lvc236.pdf,sn74lvc236.png
sn74lvc237,Components,fail:alldatasheet_no_download_link,https://www.alldatasheet.com/,sn74lvc237.pdf,sn74lvc237.png
sn74lvc238,Components,fail:alldatasheet_no_download_link,https://www.alldatasheet.com/,sn74lvc238.pdf,sn74lvc238.png
sn74lvc239,Components,fail:alldatasheet_no_download_link,https://www.alldatasheet.com/,sn74lvc239.pdf,sn74lvc239.png
sn74lvc240,Components,fail:alldatasheet_no_download_link,https://www.alldatasheet.com/,sn74lvc240.pdf,sn74lvc240.png
sn74lvc241,Components,fail:alldatasheet_no_download_link,https://www.alldatasheet.com/,sn74lvc241.pdf,sn74lvc241.png
sn74lvc242,Components,fail:alldatasheet_no_download_link,https://www.alldatasheet.com/,sn74lvc242.pdf,sn74lvc242.png
sn74lvc243,Components,fail:alldatasheet_no_download_link,https://www.alldatasheet.com/,sn74lvc243.pdf,sn74lvc243.png
sn74lvc244,Components,fail:alldatasheet_no_download_link,https://www.alldatasheet.com/,sn74lvc244.pdf,sn74lvc244.png
sn74lvc245,Components,fail:alldatasheet_no_download_link,https://www.alldatasheet.com/,sn74lvc245.pdf,sn74lvc245.png
sn74lvc246,Components,fail:alldatasheet_no_download_link,https://www.alldatasheet.com/,sn74lvc246.pdf,sn74lvc246.png
sn74lvc247,Components,fail:alldatasheet_no_download_link,https://www.alldatasheet.com/,sn74lvc247.pdf,sn74lvc247.png
sn74lvc248,Components,fail:alldatasheet_no_download_link,https://www.alldatasheet.com/,sn74lvc248.pdf,sn74lvc248.png
sn74lvc249,Components,fail:alldatasheet_no_download_link,https://www.alldatasheet.com/,sn74lvc249.pdf,sn74lvc249.png
sn74lvc250,Components,fail:alldatasheet_no_download_link,https://www.alldatasheet.com/,sn74lvc250.pdf,sn74lvc250.png
sn74lvc251,Components,fail:alldatasheet_no_download_link,https://www.alldatasheet.com/,sn74lvc251.pdf,sn74lvc251.png
sn74lvc253,Components,fail:alldatasheet_no_download_link,https://www.alldatasheet.com/,sn74lvc253.pdf,sn74lvc253.png
sn74lvc255,Components,fail:alldatasheet_no_download_link,https://www.alldatasheet.com/,sn74lvc255.pdf,sn74lvc255.png
sn74lvc256,Components,fail:alldatasheet_no_download_link,https://www.alldatasheet.com/,sn74lvc256.pdf,sn74lvc256.png
sn74lvc257,Components,fail:alldatasheet_no_download_link,https://www.alldatasheet.com/,sn74lvc257.pdf,sn74lvc257.png
sn74lvc258,Components,fail:alldatasheet_no_download_link,https://www.alldatasheet.com/,sn74lvc258.pdf,sn74lvc258.png
sn74lvc259,Components,fail:alldatasheet_no_download_link,https://www.alldatasheet.com/,sn74lvc259.pdf,sn74lvc259.png
sn74lvc260,Components,fail:alldatasheet_no_download_link,https://www.alldatasheet.com/,sn74lvc260.pdf,sn74lvc260.png
sn74lvc261,Components,fail:alldatasheet_no_download_link,https://www.alldatasheet.com/,sn74lvc261.pdf,sn74lvc261.png
sn74lvc262,Components,fail:alldatasheet_no_download_link,https://www.alldatasheet.com/,sn74lvc262.pdf,sn74lvc262.png
sn74lvc264,Components,fail:alldatasheet_no_download_link,https://www.alldatasheet.com/,sn74lvc264.pdf,sn74lvc264.png
sn74lvc265,Components,fail:alldatasheet_no_download_link,https://www.alldatasheet.com/,sn74lvc265.pdf,sn74lvc265.png
sn74lvc266,Components,fail:alldatasheet_no_download_link,https://www.alldatasheet.com/,sn74lvc266.pdf,sn74lvc266.png
sn74lvc268,Components,fail:alldatasheet_no_download_link,https://www.alldatasheet.com/,sn74lvc268.pdf,sn74lvc268.png
sn74lvc269,Components,fail:alldatasheet_no_download_link,https://www.alldatasheet.com/,sn74lvc269.pdf,sn74lvc269.png
sn74lvc270,Components,fail:alldatasheet_no_download_link,https://www.alldatasheet.com/,sn74lvc270.pdf,sn74lvc270.png
sn74lvc271,Components,fail:alldatasheet_no_download_link,https://www.alldatasheet.com/,sn74lvc271.pdf,sn74lvc271.png
sn74lvc273,Components,fail:alldatasheet_no_download_link,https://www.alldatasheet.com/,sn74lvc273.pdf,sn74lvc273.png
sn74lvc274,Components,fail:alldatasheet_no_download_link,https://www.alldatasheet.com/,sn74lvc274.pdf,sn74lvc274.png
sn74lvc275,Components,fail:alldatasheet_no_download_link,https://www.alldatasheet.com/,sn74lvc275.pdf,sn74lvc275.png
sn74lvc276,Components,fail:alldatasheet_no_download_link,https://www.alldatasheet.com/,sn74lvc276.pdf,sn74lvc276.png
sn74lvc278,Components,fail:alldatasheet_no_download_link,https://www.alldatasheet.com/,sn74lvc278.pdf,sn74lvc278.png
sn74lvc279,Components,fail:alldatasheet_no_download_link,https://www.alldatasheet.com/,sn74lvc279.pdf,sn74lvc279.png
sn74lvc280,Components,fail:alldatasheet_no_download_link,https://www.alldatasheet.com/,sn74lvc280.pdf,sn74lvc280.png
sn74lvc281,Components,fail:alldatasheet_no_download_link,https://www.alldatasheet.com/,sn74lvc281.pdf,sn74lvc281.png
sn74lvc282,Components,fail:alldatasheet_no_download_link,https://www.alldatasheet.com/,sn74lvc282.pdf,sn74lvc282.png
sn74lvc283,Components,fail:alldatasheet_no_download_link,https://www.alldatasheet.com/,sn74lvc283.pdf,sn74lvc283.png
sn74lvc284,Components,fail:alldatasheet_no_download_link,https://www.alldatasheet.com/,sn74lvc284.pdf,sn74lvc284.png
sn74lvc285,Components,fail:alldatasheet_no_download_link,https://www.alldatasheet.com/,sn74lvc285.pdf,sn74lvc285.png
sn74lvc286,Components,fail:alldatasheet_no_download_link,https://www.alldatasheet.com/,sn74lvc286.pdf,sn74lvc286.png
sn74lvc287,Components,fail:alldatasheet_no_download_link,https://www.alldatasheet.com/,sn74lvc287.pdf,sn74lvc287.png
sn74lvc288,Components,fail:alldatasheet_no_download_link,https://www.alldatasheet.com/,sn74lvc288.pdf,sn74lvc288.png
sn74lvc289,Components,fail:alldatasheet_no_download_link,https://www.alldatasheet.com/,sn74lvc289.pdf,sn74lvc289.png
sn74lvc290,Components,fail:alldatasheet_no_download_link,https://www.alldatasheet.com/,sn74lvc290.pdf,sn74lvc290.png
sn74lvc292,Components,fail:alldatasheet_no_download_link,https://www.alldatasheet.com/,sn74lvc292.pdf,sn74lvc292.png
sn74lvc293,Components,fail:alldatasheet_no_download_link,https://www.alldatasheet.com/,sn74lvc293.pdf,sn74lvc293.png
sn74lvc294,Components,fail:alldatasheet_no_download_link,https://www.alldatasheet.com/,sn74lvc294.pdf,sn74lvc294.png
sn74lvc295,Components,fail:alldatasheet_no_download_link,https://www.alldatasheet.com/,sn74lvc295.pdf,sn74lvc295.png
sn74lvc297,Components,fail:alldatasheet_no_download_link,https://www.alldatasheet.com/,sn74lvc297.pdf,sn74lvc297.png
sn74lvc298,Components,fail:alldatasheet_no_download_link,https://www.alldatasheet.com/,sn74lvc298.pdf,sn74lvc298.png
sn74lvc299,Components,fail:alldatasheet_no_download_link,https://www.alldatasheet.com/,sn74lvc299.pdf,sn74lvc299.png
sn74lvc300,Components,fail:alldatasheet_no_download_link,https://www.alldatasheet.com/,sn74lvc300.pdf,sn74lvc300.png
sn74lvc301,Components,fail:alldatasheet_no_download_link,https://www.alldatasheet.com/,sn74lvc301.pdf,sn74lvc301.png
sn74lvc302,Components,fail:alldatasheet_no_download_link,https://www.alldatasheet.com/,sn74lvc302.pdf,sn74lvc302.png
sn74lvc303,Components,fail:alldatasheet_no_download_link,https://www.alldatasheet.com/,sn74lvc303.pdf,sn74lvc303.png
sn74lvc304,Components,fail:alldatasheet_no_download_link,https://www.alldatasheet.com/,sn74lvc304.pdf,sn74lvc304.png
sn74lvc305,Components,fail:alldatasheet_no_download_link,https://www.alldatasheet.com/,sn74lvc305.pdf,sn74lvc305.png
sn74lvc306,Components,fail:alldatasheet_no_download_link,https://www.alldatasheet.com/,sn74lvc306.pdf,sn74lvc306.png
sn74lvc309,Components,fail:alldatasheet_no_download_link,https://www.alldatasheet.com/,sn74lvc309.pdf,sn74lvc309.png
sn74lvc310,Components,fail:alldatasheet_no_download_link,https://www.alldatasheet.com/,sn74lvc310.pdf,sn74lvc310.png
sn74lvc311,Components,fail:alldatasheet_no_download_link,https://www.alldatasheet.com/,sn74lvc311.pdf,sn74lvc311.png
sn74lvc312,Components,fail:alldatasheet_no_download_link,https://www.alldatasheet.com/,sn74lvc312.pdf,sn74lvc312.png
sn74lvc313,Components,fail:alldatasheet_no_download_link,https://www.alldatasheet.com/,sn74lvc313.pdf,sn74lvc313.png
sn74lvc314,Components,fail:alldatasheet_no_download_link,https://www.alldatasheet.com/,sn74lvc314.pdf,sn74lvc314.png
sn74lvc315,Components,fail:alldatasheet_no_download_link,https://www.alldatasheet.com/,sn74lvc315.pdf,sn74lvc315.png
sn74lvc316,Components,fail:alldatasheet_no_download_link,https://www.alldatasheet.com/,sn74lvc316.pdf,sn74lvc316.png
sn74lvc317,Components,fail:alldatasheet_no_download_link,https://www.alldatasheet.com/,sn74lvc317.pdf,sn74lvc317.png
sn74lvc318,Components,fail:alldatasheet_no_download_link,https://www.alldatasheet.com/,sn74lvc318.pdf,sn74lvc318.png
sn74lvc319,Components,fail:alldatasheet_no_download_link,https://www.alldatasheet.com/,sn74lvc319.pdf,sn74lvc319.png
sn74lvc320,Components,fail:alldatasheet_no_download_link,https://www.alldatasheet.com/,sn74lvc320.pdf,sn74lvc320.png
sn74lvc321,Components,fail:alldatasheet_no_download_link,https://www.alldatasheet.com/,sn74lvc321.pdf,sn74lvc321.png
sn74lvc322,Components,fail:alldatasheet_no_download_link,https://www.alldatasheet.com/,sn74lvc322.pdf,sn74lvc322.png
sn74lvc323,Components,fail:alldatasheet_no_download_link,https://www.alldatasheet.com/,sn74lvc323.pdf,sn74lvc323.png
sn74lvc324,Components,fail:alldatasheet_no_download_link,https://www.alldatasheet.com/,sn74lvc324.pdf,sn74lvc324.png
sn74lvc325,Components,fail:alldatasheet_no_download_link,https://www.alldatasheet.com/,sn74lvc325.pdf,sn74lvc325.png
sn74lvc326,Components,fail:alldatasheet_no_download_link,https://www.alldatasheet.com/,sn74lvc326.pdf,sn74lvc326.png
sn74lvc327,Components,fail:alldatasheet_no_download_link,https://www.alldatasheet.com/,sn74lvc327.pdf,sn74lvc327.png
sn74lvc330,Components,fail:alldatasheet_no_download_link,https://www.alldatasheet.com/,sn74lvc330.pdf,sn74lvc330.png
sn74lvc331,Components,fail:alldatasheet_no_download_link,https://www.alldatasheet.com/,sn74lvc331.pdf,sn74lvc331.png
sn74lvc333,Components,fail:alldatasheet_no_download_link,https://www.alldatasheet.com/,sn74lvc333.pdf,sn74lvc333.png
sn74lvc334,Components,fail:alldatasheet_no_download_link,https://www.alldatasheet.com/,sn74lvc334.pdf,sn74lvc334.png
sn74lvc335,Components,fail:alldatasheet_no_download_link,https://www.alldatasheet.com/,sn74lvc335.pdf,sn74lvc335.png
sn74lvc336,Components,fail:alldatasheet_no_download_link,https://www.alldatasheet.com/,sn74lvc336.pdf,sn74lvc336.png
sn74lvc337,Components,fail:alldatasheet_no_download_link,https://www.alldatasheet.com/,sn74lvc337.pdf,sn74lvc337.png
sn74lvc340,Components,fail:alldatasheet_no_download_link,https://www.alldatasheet.com/,sn74lvc340.pdf,sn74lvc340.png
sn74lvc341,Components,fail:alldatasheet_no_download_link,https://www.alldatasheet.com/,sn74lvc341.pdf,sn74lvc341.png
sn74lvc344,Components,fail:alldatasheet_no_download_link,https://www.alldatasheet.com/,sn74lvc344.pdf,sn74lvc344.png
sn74lvc347,Components,fail:alldatasheet_no_download_link,https://www.alldatasheet.com/,sn74lvc347.pdf,sn74lvc347.png
sn74lvc348,Components,fail:alldatasheet_no_download_link,https://www.alldatasheet.com/,sn74lvc348.pdf,sn74lvc348.png
sn74lvc350,Components,fail:alldatasheet_no_download_link,https://www.alldatasheet.com/,sn74lvc350.pdf,sn74lvc350.png
sn74lvc351,Components,fail:alldatasheet_no_download_link,https://www.alldatasheet.com/,sn74lvc351.pdf,sn74lvc351.png
sn74lvc352,Components,fail:alldatasheet_no_download_link,https://www.alldatasheet.com/,sn74lvc352.pdf,sn74lvc352.png
sn74lvc353,Components,fail:alldatasheet_no_download_link,https://www.alldatasheet.com/,sn74lvc353.pdf,sn74lvc353.png
sn74lvc354,Components,fail:alldatasheet_no_download_link,https://www.alldatasheet.com/,sn74lvc354.pdf,sn74lvc354.png
sn74lvc355,Components,fail:alldatasheet_no_download_link,https://www.alldatasheet.com/,sn74lvc355.pdf,sn74lvc355.png
sn74lvc356,Components,fail:alldatasheet_no_download_link,https://www.alldatasheet.com/,sn74lvc356.pdf,sn74lvc356.png
sn74lvc357,Components,fail:alldatasheet_no_download_link,https://www.alldatasheet.com/,sn74lvc357.pdf,sn74lvc357.png
sn74lvc361,Components,fail:alldatasheet_no_download_link,https://www.alldatasheet.com/,sn74lvc361.pdf,sn74lvc361.png
sn74lvc362,Components,fail:alldatasheet_no_download_link,https://www.alldatasheet.com/,sn74lvc362.pdf,sn74lvc362.png
sn74lvc363,Components,fail:alldatasheet_no_download_link,https://www.alldatasheet.com/,sn74lvc363.pdf,sn74lvc363.png
sn74lvc364,Components,fail:alldatasheet_no_download_link,https://www.alldatasheet.com/,sn74lvc364.pdf,sn74lvc364.png
sn74lvc365,Components,fail:alldatasheet_no_download_link,https://www.alldatasheet.com/,sn74lvc365.pdf,sn74lvc365.png
sn74lvc366,Components,fail:alldatasheet_no_download_link,https://www.alldatasheet.com/,sn74lvc366.pdf,sn74lvc366.png
sn74lvc367,Components,fail:alldatasheet_no_download_link,https://www.alldatasheet.com/,sn74lvc367.pdf,sn74lvc367.png
sn74lvc368,Components,fail:alldatasheet_no_download_link,https://www.alldatasheet.com/,sn74lvc368.pdf,sn74lvc368.png
sn74lvc370,Components,fail:alldatasheet_no_download_link,https://www.alldatasheet.com/,sn74lvc370.pdf,sn74lvc370.png
sn74lvc371,Components,fail:alldatasheet_no_download_link,https://www.alldatasheet.com/,sn74lvc371.pdf,sn74lvc371.png
sn74lvc373,Components,fail:alldatasheet_no_download_link,https://www.alldatasheet.com/,sn74lvc373.pdf,sn74lvc373.png
sn74lvc374,Components,fail:alldatasheet_no_download_link,https://www.alldatasheet.com/,sn74lvc374.pdf,sn74lvc374.png
sn74lvc375,Components,fail:alldatasheet_no_download_link,https://www.alldatasheet.com/,sn74lvc375.pdf,sn74lvc375.png
sn74lvc376,Components,fail:alldatasheet_no_download_link,https://www.alldatasheet.com/,sn74lvc376.pdf,sn74lvc376.png
sn74lvc377,Components,fail:alldatasheet_no_download_link,https://www.alldatasheet.com/,sn74lvc377.pdf,sn74lvc377.png
sn74lvc378,Components,fail:alldatasheet_no_download_link,https://www.alldatasheet.com/,sn74lvc378.pdf,sn74lvc378.png
sn74lvc379,Components,fail:alldatasheet_no_download_link,https://www.alldatasheet.com/,sn74lvc379.pdf,sn74lvc379.png
sn74lvc380,Components,fail:alldatasheet_no_download_link,https://www.alldatasheet.com/,sn74lvc380.pdf,sn74lvc380.png
sn74lvc381,Components,fail:alldatasheet_no_download_link,https://www.alldatasheet.com/,sn74lvc381.pdf,sn74lvc381.png
sn74lvc382,Components,fail:alldatasheet_no_download_link,https://www.alldatasheet.com/,sn74lvc382.pdf,sn74lvc382.png
sn74lvc383,Components,fail:alldatasheet_no_download_link,https://www.alldatasheet.com/,sn74lvc383.pdf,sn74lvc383.png
sn74lvc384,Components,fail:alldatasheet_no_download_link,https://www.alldatasheet.com/,sn74lvc384.pdf,sn74lvc384.png
sn74lvc385,Components,fail:alldatasheet_no_download_link,https://www.alldatasheet.com/,sn74lvc385.pdf,sn74lvc385.png
sn74lvc386,Components,fail:alldatasheet_no_download_link,https://www.alldatasheet.com/,sn74lvc386.pdf,sn74lvc386.png
sn74lvc387,Components,fail:alldatasheet_no_download_link,https://www.alldatasheet.com/,sn74lvc387.pdf,sn74lvc387.png
sn74lvc388,Components,fail:alldatasheet_no_download_link,https://www.alldatasheet.com/,sn74lvc388.pdf,sn74lvc388.png
sn74lvc390,Components,fail:alldatasheet_no_download_link,https://www.alldatasheet.com/,sn74lvc390.pdf,sn74lvc390.png
sn74lvc393,Components,fail:alldatasheet_no_download_link,https://www.alldatasheet.com/,sn74lvc393.pdf,sn74lvc393.png
sn74lvc395,Components,fail:alldatasheet_no_download_link,https://www.alldatasheet.com/,sn74lvc395.pdf,sn74lvc395.png
sn74lvc396,Components,fail:alldatasheet_no_download_link,https://www.alldatasheet.com/,sn74lvc396.pdf,sn74lvc396.png
sn74lvc398,Components,fail:alldatasheet_no_download_link,https://www.alldatasheet.com/,sn74lvc398.pdf,sn74lvc398.png
sn74lvc399,Components,fail:alldatasheet_no_download_link,https://www.alldatasheet.com/,sn74lvc399.pdf,sn74lvc399.png
sn74lvc400,Components,fail:alldatasheet_no_download_link,https://www.alldatasheet.com/,sn74lvc400.pdf,sn74lvc400.png
sn74lvc401,Components,fail:alldatasheet_no_download_link,https://www.alldatasheet.com/,sn74lvc401.pdf,sn74lvc401.png
sn74lvc402,Components,fail:alldatasheet_no_download_link,https://www.alldatasheet.com/,sn74lvc402.pdf,sn74lvc402.png
sn74lvc403,Components,fail:alldatasheet_no_download_link,https://www.alldatasheet.com/,sn74lvc403.pdf,sn74lvc403.png
sn74lvc405,Components,fail:alldatasheet_no_download_link,https://www.alldatasheet.com/,sn74lvc405.pdf,sn74lvc405.png
sn74lvc407,Components,fail:alldatasheet_no_download_link,https://www.alldatasheet.com/,sn74lvc407.pdf,sn74lvc407.png
sn74lvc409,Components,fail:alldatasheet_no_download_link,https://www.alldatasheet.com/,sn74lvc409.pdf,sn74lvc409.png
sn74lvc410,Components,fail:alldatasheet_no_download_link,https://www.alldatasheet.com/,sn74lvc410.pdf,sn74lvc410.png
sn74lvc411,Components,fail:alldatasheet_no_download_link,https://www.alldatasheet.com/,sn74lvc411.pdf,sn74lvc411.png
sn74lvc412,Components,fail:alldatasheet_no_download_link,https://www.alldatasheet.com/,sn74lvc412.pdf,sn74lvc412.png
sn74lvc413,Components,fail:alldatasheet_no_download_link,https://www.alldatasheet.com/,sn74lvc413.pdf,sn74lvc413.png
sn74lvc414,Components,fail:alldatasheet_no_download_link,https://www.alldatasheet.com/,sn74lvc414.pdf,sn74lvc414.png
sn74lvc417,Components,fail:alldatasheet_no_download_link,https://www.alldatasheet.com/,sn74lvc417.pdf,sn74lvc417.png
sn74lvc420,Components,fail:alldatasheet_no_download_link,https://www.alldatasheet.com/,sn74lvc420.pdf,sn74lvc420.png
sn74lvc422,Components,fail:alldatasheet_no_download_link,https://www.alldatasheet.com/,sn74lvc422.pdf,sn74lvc422.png
sn74lvc423,Components,fail:alldatasheet_no_download_link,https://www.alldatasheet.com/,sn74lvc423.pdf,sn74lvc423.png
sn74lvc425,Components,fail:alldatasheet_no_download_link,https://www.alldatasheet.com/,sn74lvc425.pdf,sn74lvc425.png
sn74lvc426,Components,fail:alldatasheet_no_download_link,https://www.alldatasheet.com/,sn74lvc426.pdf,sn74lvc426.png
sn74lvc428,Components,fail:alldatasheet_no_download_link,https://www.alldatasheet.com/,sn74lvc428.pdf,sn74lvc428.png
sn74lvc429,Components,fail:alldatasheet_no_download_link,https://www.alldatasheet.com/,sn74lvc429.pdf,sn74lvc429.png
sn74lvc430,Components,fail:alldatasheet_no_download_link,https://www.alldatasheet.com/,sn74lvc430.pdf,sn74lvc430.png
sn74lvc432,Components,fail:alldatasheet_no_download_link,https://www.alldatasheet.com/,sn74lvc432.pdf,sn74lvc432.png
sn74lvc433,Components,fail:alldatasheet_no_download_link,https://www.alldatasheet.com/,sn74lvc433.pdf,sn74lvc433.png
sn74lvc436,Components,fail:alldatasheet_no_download_link,https://www.alldatasheet.com/,sn74lvc436.pdf,sn74lvc436.png
sn74lvc437,Components,fail:alldatasheet_no_download_link,https://www.alldatasheet.com/,sn74lvc437.pdf,sn74lvc437.png
sn74lvc438,Components,fail:alldatasheet_no_download_link,https://www.alldatasheet.com/,sn74lvc438.pdf,sn74lvc438.png
sn74lvc440,Components,fail:alldatasheet_no_download_link,https://www.alldatasheet.com/,sn74lvc440.pdf,sn74lvc440.png
sn74lvc441,Components,fail:alldatasheet_no_download_link,https://www.alldatasheet.com/,sn74lvc441.pdf,sn74lvc441.png
sn74lvc442,Components,fail:alldatasheet_no_download_link,https://www.alldatasheet.com/,sn74lvc442.pdf,sn74lvc442.png
sn74lvc443,Components,fail:alldatasheet_no_download_link,https://www.alldatasheet.com/,sn74lvc443.pdf,sn74lvc443.png
sn74lvc444,Components,fail:alldatasheet_no_download_link,https://www.alldatasheet.com/,sn74lvc444.pdf,sn74lvc444.png
sn74lvc445,Components,fail:alldatasheet_no_download_link,https://www.alldatasheet.com/,sn74lvc445.pdf,sn74lvc445.png
sn74lvc446,Components,fail:alldatasheet_no_download_link,https://www.alldatasheet.com/,sn74lvc446.pdf,sn74lvc446.png
sn74lvc447,Components,fail:alldatasheet_no_download_link,https://www.alldatasheet.com/,sn74lvc447.pdf,sn74lvc447.png
sn74lvc448,Components,fail:alldatasheet_no_download_link,https://www.alldatasheet.com/,sn74lvc448.pdf,sn74lvc448.png
sn74lvc449,Components,fail:alldatasheet_no_download_link,https://www.alldatasheet.com/,sn74lvc449.pdf,sn74lvc449.png
sn74lvc452,Components,fail:alldatasheet_no_download_link,https://www.alldatasheet.com/,sn74lvc452.pdf,sn74lvc452.png
sn74lvc454,Components,fail:alldatasheet_no_download_link,https://www.alldatasheet.com/,sn74lvc454.pdf,sn74lvc454.png
sn74lvc458,Components,fail:alldatasheet_no_download_link,https://www.alldatasheet.com/,sn74lvc458.pdf,sn74lvc458.png
sn74lvc461,Components,fail:alldatasheet_no_download_link,https://www.alldatasheet.com/,sn74lvc461.pdf,sn74lvc461.png
sn74lvc462,Components,fail:alldatasheet_no_download_link,https://www.alldatasheet.com/,sn74lvc462.pdf,sn74lvc462.png
sn74lvc463,Components,fail:alldatasheet_no_download_link,https://www.alldatasheet.com/,sn74lvc463.pdf,sn74lvc463.png
sn74lvc465,Components,fail:alldatasheet_no_download_link,https://www.alldatasheet.com/,sn74lvc465.pdf,sn74lvc465.png
sn74lvc466,Components,fail:alldatasheet_no_download_link,https://www.alldatasheet.com/,sn74lvc466.pdf,sn74lvc466.png
sn74lvc467,Components,fail:alldatasheet_no_download_link,https://www.alldatasheet.com/,sn74lvc467.pdf,sn74lvc467.png
sn74lvc468,Components,fail:alldatasheet_no_download_link,https://www.alldatasheet.com/,sn74lvc468.pdf,sn74lvc468.png
sn74lvc469,Components,fail:alldatasheet_no_download_link,https://www.alldatasheet.com/,sn74lvc469.pdf,sn74lvc469.png
sn74lvc470,Components,fail:alldatasheet_no_download_link,https://www.alldatasheet.com/,sn74lvc470.pdf,sn74lvc470.png
sn74lvc471,Components,fail:alldatasheet_no_download_link,https://www.alldatasheet.com/,sn74lvc471.pdf,sn74lvc471.png
sn74lvc472,Components,fail:alldatasheet_no_download_link,https://www.alldatasheet.com/,sn74lvc472.pdf,sn74lvc472.png
sn74lvc473,Components,fail:alldatasheet_no_download_link,https://www.alldatasheet.com/,sn74lvc473.pdf,sn74lvc473.png
sn74lvc474,Components,fail:alldatasheet_no_download_link,https://www.alldatasheet.com/,sn74lvc474.pdf,sn74lvc474.png
sn74lvc475,Components,fail:alldatasheet_no_download_link,https://www.alldatasheet.com/,sn74lvc475.pdf,sn74lvc475.png
sn74lvc476,Components,fail:alldatasheet_no_download_link,https://www.alldatasheet.com/,sn74lvc476.pdf,sn74lvc476.png
sn74lvc477,Components,fail:alldatasheet_no_download_link,https://www.alldatasheet.com/,sn74lvc477.pdf,sn74lvc477.png
sn74lvc478,Components,fail:alldatasheet_no_download_link,https://www.alldatasheet.com/,sn74lvc478.pdf,sn74lvc478.png
sn74lvc479,Components,fail:alldatasheet_no_download_link,https://www.alldatasheet.com/,sn74lvc479.pdf,sn74lvc479.png
sn74lvc480,Components,fail:alldatasheet_no_download_link,https://www.alldatasheet.com/,sn74lvc480.pdf,sn74lvc480.png
sn74lvc481,Components,fail:alldatasheet_no_download_link,https://www.alldatasheet.com/,sn74lvc481.pdf,sn74lvc481.png
sn74lvc482,Components,fail:alldatasheet_no_download_link,https://www.alldatasheet.com/,sn74lvc482.pdf,sn74lvc482.png
sn74lvc484,Components,fail:alldatasheet_no_download_link,https://www.alldatasheet.com/,sn74lvc484.pdf,sn74lvc484.png
sn74lvc485,Components,fail:alldatasheet_no_download_link,https://www.alldatasheet.com/,sn74lvc485.pdf,sn74lvc485.png
sn74lvc488,Components,fail:alldatasheet_no_download_link,https://www.alldatasheet.com/,sn74lvc488.pdf,sn74lvc488.png
sn74lvc490,Components,fail:alldatasheet_no_download_link,https://www.alldatasheet.com/,sn74lvc490.pdf,sn74lvc490.png
sn74lvc491,Components,fail:alldatasheet_no_download_link,https://www.alldatasheet.com/,sn74lvc491.pdf,sn74lvc491.png
sn74lvc498,Components,fail:alldatasheet_no_download_link,https://www.alldatasheet.com/,sn74lvc498.pdf,sn74lvc498.png
sn74lvc499,Components,fail:alldatasheet_no_download_link,https://www.alldatasheet.com/,sn74lvc499.pdf,sn74lvc499.png
sn74lvc500,Components,fail:alldatasheet_no_download_link,https://www.alldatasheet.com/,sn74lvc500.pdf,sn74lvc500.png
sn74lvc502,Components,fail:alldatasheet_no_download_link,https://www.alldatasheet.com/,sn74lvc502.pdf,sn74lvc502.png
sn74lvc503,Components,fail:alldatasheet_no_download_link,https://www.alldatasheet.com/,sn74lvc503.pdf,sn74lvc503.png
sn74lvc504,Components,fail:alldatasheet_no_download_link,https://www.alldatasheet.com/,sn74lvc504.pdf,sn74lvc504.png
sn74lvc505,Components,fail:alldatasheet_no_download_link,https://www.alldatasheet.com/,sn74lvc505.pdf,sn74lvc505.png
sn74lvc508,Components,fail:alldatasheet_no_download_link,https://www.alldatasheet.com/,sn74lvc508.pdf,sn74lvc508.png
sn74lvc515,Components,fail:alldatasheet_no_download_link,https://www.alldatasheet.com/,sn74lvc515.pdf,sn74lvc515.png
sn74lvc516,Components,fail:alldatasheet_no_download_link,https://www.alldatasheet.com/,sn74lvc516.pdf,sn74lvc516.png
sn74lvc518,Components,fail:alldatasheet_no_download_link,https://www.alldatasheet.com/,sn74lvc518.pdf,sn74lvc518.png
sn74lvc519,Components,fail:alldatasheet_no_download_link,https://www.alldatasheet.com/,sn74lvc519.pdf,sn74lvc519.png
sn74lvc520,Components,fail:alldatasheet_no_download_link,https://www.alldatasheet.com/,sn74lvc520.pdf,sn74lvc520.png
sn74lvc521,Components,fail:alldatasheet_no_download_link,https://www.alldatasheet.com/,sn74lvc521.pdf,sn74lvc521.png
sn74lvc522,Components,fail:alldatasheet_no_download_link,https://www.alldatasheet.com/,sn74lvc522.pdf,sn74lvc522.png
sn74lvc524,Components,fail:alldatasheet_no_download_link,https://www.alldatasheet.com/,sn74lvc524.pdf,sn74lvc524.png
sn74lvc525,Components,fail:alldatasheet_no_download_link,https://www.alldatasheet.com/,sn74lvc525.pdf,sn74lvc525.png
sn74lvc526,Components,fail:alldatasheet_no_download_link,https://www.alldatasheet.com/,sn74lvc526.pdf,sn74lvc526.png
sn74lvc527,Components,fail:alldatasheet_no_download_link,https://www.alldatasheet.com/,sn74lvc527.pdf,sn74lvc527.png
sn74lvc528,Components,fail:alldatasheet_no_download_link,https://www.alldatasheet.com/,sn74lvc528.pdf,sn74lvc528.png
sn74lvc531,Components,fail:alldatasheet_no_download_link,https://www.alldatasheet.com/,sn74lvc531.pdf,sn74lvc531.png
sn74lvc532,Components,fail:alldatasheet_no_download_link,https://www.alldatasheet.com/,sn74lvc532.pdf,sn74lvc532.png
sn74lvc533,Components,fail:alldatasheet_no_download_link,https://www.alldatasheet.com/,sn74lvc533.pdf,sn74lvc533.png
sn74lvc534,Components,fail:alldatasheet_no_download_link,https://www.alldatasheet.com/,sn74lvc534.pdf,sn74lvc534.png
sn74lvc535,Components,fail:alldatasheet_no_download_link,https://www.alldatasheet.com/,sn74lvc535.pdf,sn74lvc535.png
sn74lvc536,Components,fail:alldatasheet_no_download_link,https://www.alldatasheet.com/,sn74lvc536.pdf,sn74lvc536.png
sn74lvc537,Components,fail:alldatasheet_no_download_link,https://www.alldatasheet.com/,sn74lvc537.pdf,sn74lvc537.png
sn74lvc538,Components,fail:alldatasheet_no_download_link,https://www.alldatasheet.com/,sn74lvc538.pdf,sn74lvc538.png
sn74lvc539,Components,fail:alldatasheet_no_download_link,https://www.alldatasheet.com/,sn74lvc539.pdf,sn74lvc539.png
sn74lvc540,Components,fail:alldatasheet_no_download_link,https://www.alldatasheet.com/,sn74lvc540.pdf,sn74lvc540.png
sn74lvc541,Components,fail:alldatasheet_no_download_link,https://www.alldatasheet.com/,sn74lvc541.pdf,sn74lvc541.png
sn74lvc543,Components,fail:alldatasheet_no_download_link,https://www.alldatasheet.com/,sn74lvc543.pdf,sn74lvc543.png
sn74lvc544,Components,fail:alldatasheet_no_download_link,https://www.alldatasheet.com/,sn74lvc544.pdf,sn74lvc544.png
sn74lvc545,Components,fail:alldatasheet_no_download_link,https://www.alldatasheet.com/,sn74lvc545.pdf,sn74lvc545.png
sn74lvc546,Components,fail:alldatasheet_no_download_link,https://www.alldatasheet.com/,sn74lvc546.pdf,sn74lvc546.png
sn74lvc549,Components,fail:alldatasheet_no_download_link,https://www.alldatasheet.com/,sn74lvc549.pdf,sn74lvc549.png
sn74lvc550,Components,fail:alldatasheet_no_download_link,https://www.alldatasheet.com/,sn74lvc550.pdf,sn74lvc550.png
sn74lvc551,Components,fail:alldatasheet_no_download_link,https://www.alldatasheet.com/,sn74lvc551.pdf,sn74lvc551.png
sn74lvc552,Components,fail:alldatasheet_no_download_link,https://www.alldatasheet.com/,sn74lvc552.pdf,sn74lvc552.png
sn74lvc556,Components,fail:alldatasheet_no_download_link,https://www.alldatasheet.com/,sn74lvc556.pdf,sn74lvc556.png
sn74lvc557,Components,fail:alldatasheet_no_download_link,https://www.alldatasheet.com/,sn74lvc557.pdf,sn74lvc557.png
sn74lvc558,Components,fail:alldatasheet_no_download_link,https://www.alldatasheet.com/,sn74lvc558.pdf,sn74lvc558.png
sn74lvc559,Components,fail:alldatasheet_no_download_link,https://www.alldatasheet.com/,sn74lvc559.pdf,sn74lvc559.png
sn74lvc560,Components,fail:alldatasheet_no_download_link,https://www.alldatasheet.com/,sn74lvc560.pdf,sn74lvc560.png
sn74lvc561,Components,fail:alldatasheet_no_download_link,https://www.alldatasheet.com/,sn74lvc561.pdf,sn74lvc561.png
sn74lvc563,Components,fail:alldatasheet_no_download_link,https://www.alldatasheet.com/,sn74lvc563.pdf,sn74lvc563.png
sn74lvc564,Components,fail:alldatasheet_no_download_link,https://www.alldatasheet.com/,sn74lvc564.pdf,sn74lvc564.png
sn74lvc566,Components,fail:alldatasheet_no_download_link,https://www.alldatasheet.com/,sn74lvc566.pdf,sn74lvc566.png
sn74lvc567,Components,fail:alldatasheet_no_download_link,https://www.alldatasheet.com/,sn74lvc567.pdf,sn74lvc567.png
sn74lvc568,Components,fail:alldatasheet_no_download_link,https://www.alldatasheet.com/,sn74lvc568.pdf,sn74lvc568.png
sn74lvc569,Components,fail:alldatasheet_no_download_link,https://www.alldatasheet.com/,sn74lvc569.pdf,sn74lvc569.png
sn74lvc570,Components,fail:alldatasheet_no_download_link,https://www.alldatasheet.com/,sn74lvc570.pdf,sn74lvc570.png
sn74lvc571,Components,fail:alldatasheet_no_download_link,https://www.alldatasheet.com/,sn74lvc571.pdf,sn74lvc571.png
sn74lvc572,Components,fail:alldatasheet_no_download_link,https://www.alldatasheet.com/,sn74lvc572.pdf,sn74lvc572.png
sn74lvc573,Components,fail:alldatasheet_no_download_link,https://www.alldatasheet.com/,sn74lvc573.pdf,sn74lvc573.png
sn74lvc574,Components,fail:alldatasheet_no_download_link,https://www.alldatasheet.com/,sn74lvc574.pdf,sn74lvc574.png
sn74lvc575,Components,fail:alldatasheet_no_download_link,https://www.alldatasheet.com/,sn74lvc575.pdf,sn74lvc575.png
sn74lvc576,Components,fail:alldatasheet_no_download_link,https://www.alldatasheet.com/,sn74lvc576.pdf,sn74lvc576.png
sn74lvc577,Components,fail:alldatasheet_no_download_link,https://www.alldatasheet.com/,sn74lvc577.pdf,sn74lvc577.png
sn74lvc579,Components,fail:alldatasheet_no_download_link,https://www.alldatasheet.com/,sn74lvc579.pdf,sn74lvc579.png
sn74lvc580,Components,fail:alldatasheet_no_download_link,https://www.alldatasheet.com/,sn74lvc580.pdf,sn74lvc580.png
sn74lvc582,Components,fail:alldatasheet_no_download_link,https://www.alldatasheet.com/,sn74lvc582.pdf,sn74lvc582.png
sn74lvc583,Components,fail:alldatasheet_no_download_link,https://www.alldatasheet.com/,sn74lvc583.pdf,sn74lvc583.png
sn74lvc588,Components,fail:alldatasheet_no_download_link,https://www.alldatasheet.com/,sn74lvc588.pdf,sn74lvc588.png
sn74lvc589,Components,fail:alldatasheet_no_download_link,https://www.alldatasheet.com/,sn74lvc589.pdf,sn74lvc589.png
sn74lvc590,Components,fail:alldatasheet_no_download_link,https://www.alldatasheet.com/,sn74lvc590.pdf,sn74lvc590.png
sn74lvc591,Components,fail:alldatasheet_no_download_link,https://www.alldatasheet.com/,sn74lvc591.pdf,sn74lvc591.png
sn74lvc592,Components,fail:alldatasheet_no_download_link,https://www.alldatasheet.com/,sn74lvc592.pdf,sn74lvc592.png
sn74lvc593,Components,fail:alldatasheet_no_download_link,https://www.alldatasheet.com/,sn74lvc593.pdf,sn74lvc593.png
sn74lvc594,Components,fail:alldatasheet_no_download_link,https://www.alldatasheet.com/,sn74lvc594.pdf,sn74lvc594.png
sn74lvc595,Components,fail:alldatasheet_no_download_link,https://www.alldatasheet.com/,sn74lvc595.pdf,sn74lvc595.png
sn74lvc596,Components,fail:alldatasheet_no_download_link,https://www.alldatasheet.com/,sn74lvc596.pdf,sn74lvc596.png
sn74lvc597,Components,fail:alldatasheet_no_download_link,https://www.alldatasheet.com/,sn74lvc597.pdf,sn74lvc597.png
sn74lvc598,Components,fail:alldatasheet_no_download_link,https://www.alldatasheet.com/,sn74lvc598.pdf,sn74lvc598.png
sn74lvc599,Components,fail:alldatasheet_no_download_link,https://www.alldatasheet.com/,sn74lvc599.pdf,sn74lvc599.png
sn74lvc600,Components,fail:alldatasheet_no_download_link,https://www.alldatasheet.com/,sn74lvc600.pdf,sn74lvc600.png
sn74lvc601,Components,fail:alldatasheet_no_download_link,https://www.alldatasheet.com/,sn74lvc601.pdf,sn74lvc601.png
sn74lvc602,Components,fail:alldatasheet_no_download_link,https://www.alldatasheet.com/,sn74lvc602.pdf,sn74lvc602.png
sn74lvc603,Components,fail:alldatasheet_no_download_link,https://www.alldatasheet.com/,sn74lvc603.pdf,sn74lvc603.png
sn74lvc604,Components,fail:alldatasheet_no_download_link,https://www.alldatasheet.com/,sn74lvc604.pdf,sn74lvc604.png
sn74lvc605,Components,fail:alldatasheet_no_download_link,https://www.alldatasheet.com/,sn74lvc605.pdf,sn74lvc605.png
sn74lvc606,Components,fail:alldatasheet_no_download_link,https://www.alldatasheet.com/,sn74lvc606.pdf,sn74lvc606.png
sn74lvc607,Components,fail:alldatasheet_no_download_link,https://www.alldatasheet.com/,sn74lvc607.pdf,sn74lvc607.png
sn74lvc608,Components,fail:alldatasheet_no_download_link,https://www.alldatasheet.com/,sn74lvc608.pdf,sn74lvc608.png
sn74lvc610,Components,fail:alldatasheet_no_download_link,https://www.alldatasheet.com/,sn74lvc610.pdf,sn74lvc610.png
sn74lvc611,Components,fail:alldatasheet_no_download_link,https://www.alldatasheet.com/,sn74lvc611.pdf,sn74lvc611.png
sn74lvc612,Components,fail:alldatasheet_no_download_link,https://www.alldatasheet.com/,sn74lvc612.pdf,sn74lvc612.png
sn74lvc613,Components,fail:alldatasheet_no_download_link,https://www.alldatasheet.com/,sn74lvc613.pdf,sn74lvc613.png
sn74lvc614,Components,fail:alldatasheet_no_download_link,https://www.alldatasheet.com/,sn74lvc614.pdf,sn74lvc614.png
sn74lvc615,Components,fail:alldatasheet_no_download_link,https://www.alldatasheet.com/,sn74lvc615.pdf,sn74lvc615.png
sn74lvc616,Components,fail:alldatasheet_no_download_link,https://www.alldatasheet.com/,sn74lvc616.pdf,sn74lvc616.png
sn74lvc617,Components,fail:alldatasheet_no_download_link,https://www.alldatasheet.com/,sn74lvc617.pdf,sn74lvc617.png
sn74lvc620,Components,fail:alldatasheet_no_download_link,https://www.alldatasheet.com/,sn74lvc620.pdf,sn74lvc620.png
sn74lvc621,Components,fail:alldatasheet_no_download_link,https://www.alldatasheet.com/,sn74lvc621.pdf,sn74lvc621.png
sn74lvc622,Components,fail:alldatasheet_no_download_link,https://www.alldatasheet.com/,sn74lvc622.pdf,sn74lvc622.png
sn74lvc623,Components,fail:alldatasheet_no_download_link,https://www.alldatasheet.com/,sn74lvc623.pdf,sn74lvc623.png
sn74lvc624,Components,fail:alldatasheet_no_download_link,https://www.alldatasheet.com/,sn74lvc624.pdf,sn74lvc624.png
sn74lvc625,Components,fail:alldatasheet_no_download_link,https://www.alldatasheet.com/,sn74lvc625.pdf,sn74lvc625.png
sn74lvc626,Components,fail:alldatasheet_no_download_link,https://www.alldatasheet.com/,sn74lvc626.pdf,sn74lvc626.png
sn74lvc627,Components,fail:alldatasheet_no_download_link,https://www.alldatasheet.com/,sn74lvc627.pdf,sn74lvc627.png
sn74lvc628,Components,fail:alldatasheet_no_download_link,https://www.alldatasheet.com/,sn74lvc628.pdf,sn74lvc628.png
sn74lvc629,Components,fail:alldatasheet_no_download_link,https://www.alldatasheet.com/,sn74lvc629.pdf,sn74lvc629.png
sn74lvc630,Components,fail:alldatasheet_no_download_link,https://www.alldatasheet.com/,sn74lvc630.pdf,sn74lvc630.png
sn74lvc631,Components,fail:alldatasheet_no_download_link,https://www.alldatasheet.com/,sn74lvc631.pdf,sn74lvc631.png
sn74lvc632,Components,fail:alldatasheet_no_download_link,https://www.alldatasheet.com/,sn74lvc632.pdf,sn74lvc632.png
sn74lvc633,Components,fail:alldatasheet_no_download_link,https://www.alldatasheet.com/,sn74lvc633.pdf,sn74lvc633.png
sn74lvc634,Components,fail:alldatasheet_no_download_link,https://www.alldatasheet.com/,sn74lvc634.pdf,sn74lvc634.png
sn74lvc635,Components,fail:alldatasheet_no_download_link,https://www.alldatasheet.com/,sn74lvc635.pdf,sn74lvc635.png
sn74lvc636,Components,fail:alldatasheet_no_download_link,https://www.alldatasheet.com/,sn74lvc636.pdf,sn74lvc636.png
sn74lvc637,Components,fail:alldatasheet_no_download_link,https://www.alldatasheet.com/,sn74lvc637.pdf,sn74lvc637.png
sn74lvc638,Components,fail:alldatasheet_no_download_link,https://www.alldatasheet.com/,sn74lvc638.pdf,sn74lvc638.png
sn74lvc639,Components,fail:alldatasheet_no_download_link,https://www.alldatasheet.com/,sn74lvc639.pdf,sn74lvc639.png
sn74lvc640,Components,fail:alldatasheet_no_download_link,https://www.alldatasheet.com/,sn74lvc640.pdf,sn74lvc640.png
sn74lvc641,Components,fail:alldatasheet_no_download_link,https://www.alldatasheet.com/,sn74lvc641.pdf,sn74lvc641.png
sn74lvc642,Components,fail:alldatasheet_no_download_link,https://www.alldatasheet.com/,sn74lvc642.pdf,sn74lvc642.png
sn74lvc643,Components,fail:alldatasheet_no_download_link,https://www.alldatasheet.com/,sn74lvc643.pdf,sn74lvc643.png
sn74lvc644,Components,fail:alldatasheet_no_download_link,https://www.alldatasheet.com/,sn74lvc644.pdf,sn74lvc644.png
sn74lvc645,Components,fail:alldatasheet_no_download_link,https://www.alldatasheet.com/,sn74lvc645.pdf,sn74lvc645.png
sn74lvc646,Components,fail:alldatasheet_no_download_link,https://www.alldatasheet.com/,sn74lvc646.pdf,sn74lvc646.png
sn74lvc647,Components,fail:alldatasheet_no_download_link,https://www.alldatasheet.com/,sn74lvc647.pdf,sn74lvc647.png
sn74lvc648,Components,fail:alldatasheet_no_download_link,https://www.alldatasheet.com/,sn74lvc648.pdf,sn74lvc648.png
sn74lvc649,Components,fail:alldatasheet_no_download_link,https://www.alldatasheet.com/,sn74lvc649.pdf,sn74lvc649.png
sn74lvc651,Components,fail:alldatasheet_no_download_link,https://www.alldatasheet.com/,sn74lvc651.pdf,sn74lvc651.png
sn74lvc652,Components,fail:alldatasheet_no_download_link,https://www.alldatasheet.com/,sn74lvc652.pdf,sn74lvc652.png
sn74lvc653,Components,fail:alldatasheet_no_download_link,https://www.alldatasheet.com/,sn74lvc653.pdf,sn74lvc653.png
sn74lvc654,Components,fail:alldatasheet_no_download_link,https://www.alldatasheet.com/,sn74lvc654.pdf,sn74lvc654.png
sn74lvc655,Components,fail:alldatasheet_no_download_link,https://www.alldatasheet.com/,sn74lvc655.pdf,sn74lvc655.png
sn74lvc656,Components,fail:alldatasheet_no_download_link,https://www.alldatasheet.com/,sn74lvc656.pdf,sn74lvc656.png
sn74lvc657,Components,fail:alldatasheet_no_download_link,https://www.alldatasheet.com/,sn74lvc657.pdf,sn74lvc657.png
sn74lvc658,Components,fail:alldatasheet_no_download_link,https://www.alldatasheet.com/,sn74lvc658.pdf,sn74lvc658.png
sn74lvc659,Components,fail:alldatasheet_no_download_link,https://www.alldatasheet.com/,sn74lvc659.pdf,sn74lvc659.png
sn74lvc664,Components,fail:alldatasheet_no_download_link,https://www.alldatasheet.com/,sn74lvc664.pdf,sn74lvc664.png
sn74lvc665,Components,fail:alldatasheet_no_download_link,https://www.alldatasheet.com/,sn74lvc665.pdf,sn74lvc665.png
sn74lvc666,Components,fail:alldatasheet_no_download_link,https://www.alldatasheet.com/,sn74lvc666.pdf,sn74lvc666.png
sn74lvc667,Components,fail:alldatasheet_no_download_link,https://www.alldatasheet.com/,sn74lvc667.pdf,sn74lvc667.png
sn74lvc668,Components,fail:alldatasheet_no_download_link,https://www.alldatasheet.com/,sn74lvc668.pdf,sn74lvc668.png
sn74lvc669,Components,fail:alldatasheet_no_download_link,https://www.alldatasheet.com/,sn74lvc669.pdf,sn74lvc669.png
sn74lvc670,Components,fail:alldatasheet_no_download_link,https://www.alldatasheet.com/,sn74lvc670.pdf,sn74lvc670.png
sn74lvc671,Components,fail:alldatasheet_no_download_link,https://www.alldatasheet.com/,sn74lvc671.pdf,sn74lvc671.png
sn74lvc672,Components,fail:alldatasheet_no_download_link,https://www.alldatasheet.com/,sn74lvc672.pdf,sn74lvc672.png
sn74lvc673,Components,fail:alldatasheet_no_download_link,https://www.alldatasheet.com/,sn74lvc673.pdf,sn74lvc673.png
sn74lvc674,Components,fail:alldatasheet_no_download_link,https://www.alldatasheet.com/,sn74lvc674.pdf,sn74lvc674.png
sn74lvc675,Components,fail:alldatasheet_no_download_link,https://www.alldatasheet.com/,sn74lvc675.pdf,sn74lvc675.png
sn74lvc676,Components,fail:alldatasheet_no_download_link,https://www.alldatasheet.com/,sn74lvc676.pdf,sn74lvc676.png
sn74lvc677,Components,fail:alldatasheet_no_download_link,https://www.alldatasheet.com/,sn74lvc677.pdf,sn74lvc677.png
sn74lvc678,Components,fail:alldatasheet_no_download_link,https://www.alldatasheet.com/,sn74lvc678.pdf,sn74lvc678.png
sn74lvc679,Components,fail:alldatasheet_no_download_link,https://www.alldatasheet.com/,sn74lvc679.pdf,sn74lvc679.png
sn74lvc680,Components,fail:alldatasheet_no_download_link,https://www.alldatasheet.com/,sn74lvc680.pdf,sn74lvc680.png
sn74lvc681,Components,fail:alldatasheet_no_download_link,https://www.alldatasheet.com/,sn74lvc681.pdf,sn74lvc681.png
sn74lvc682,Components,fail:alldatasheet_no_download_link,https://www.alldatasheet.com/,sn74lvc682.pdf,sn74lvc682.png
sn74lvc683,Components,fail:alldatasheet_no_download_link,https://www.alldatasheet.com/,sn74lvc683.pdf,sn74lvc683.png
sn74lvc684,Components,fail:alldatasheet_no_download_link,https://www.alldatasheet.com/,sn74lvc684.pdf,sn74lvc684.png
sn74lvc685,Components,fail:alldatasheet_no_download_link,https://www.alldatasheet.com/,sn74lvc685.pdf,sn74lvc685.png
sn74lvc686,Components,fail:alldatasheet_no_download_link,https://www.alldatasheet.com/,sn74lvc686.pdf,sn74lvc686.png
sn74lvc687,Components,fail:alldatasheet_no_download_link,https://www.alldatasheet.com/,sn74lvc687.pdf,sn74lvc687.png
sn74lvc688,Components,fail:alldatasheet_no_download_link,https://www.alldatasheet.com/,sn74lvc688.pdf,sn74lvc688.png
sn74lvc689,Components,fail:alldatasheet_no_download_link,https://www.alldatasheet.com/,sn74lvc689.pdf,sn74lvc689.png
sn74lvc690,Components,fail:alldatasheet_no_download_link,https://www.alldatasheet.com/,sn74lvc690.pdf,sn74lvc690.png
sn74lvc691,Components,fail:alldatasheet_no_download_link,https://www.alldatasheet.com/,sn74lvc691.pdf,sn74lvc691.png
sn74lvc692,Components,fail:alldatasheet_no_download_link,https://www.alldatasheet.com/,sn74lvc692.pdf,sn74lvc692.png
sn74lvc693,Components,fail:alldatasheet_no_download_link,https://www.alldatasheet.com/,sn74lvc693.pdf,sn74lvc693.png
sn74lvc694,Components,fail:alldatasheet_no_download_link,https://www.alldatasheet.com/,sn74lvc694.pdf,sn74lvc694.png
sn74lvc695,Components,fail:alldatasheet_no_download_link,https://www.alldatasheet.com/,sn74lvc695.pdf,sn74lvc695.png
sn74lvc696,Components,fail:alldatasheet_no_download_link,https://www.alldatasheet.com/,sn74lvc696.pdf,sn74lvc696.png
sn74lvc697,Components,fail:alldatasheet_no_download_link,https://www.alldatasheet.com/,sn74lvc697.pdf,sn74lvc697.png
sn74lvc698,Components,fail:alldatasheet_no_download_link,https://www.alldatasheet.com/,sn74lvc698.pdf,sn74lvc698.png
sn74lvc699,Components,fail:alldatasheet_no_download_link,https://www.alldatasheet.com/,sn74lvc699.pdf,sn74lvc699.png
sn74lvc700,Components,fail:alldatasheet_no_download_link,https://www.alldatasheet.com/,sn74lvc700.pdf,sn74lvc700.png
sn74lvc701,Components,fail:alldatasheet_no_download_link,https://www.alldatasheet.com/,sn74lvc701.pdf,sn74lvc701.png
sn74lvc702,Components,fail:alldatasheet_no_download_link,https://www.alldatasheet.com/,sn74lvc702.pdf,sn74lvc702.png
sn74lvc705,Components,fail:alldatasheet_no_download_link,https://www.alldatasheet.com/,sn74lvc705.pdf,sn74lvc705.png
sn74lvc707,Components,fail:alldatasheet_no_download_link,https://www.alldatasheet.com/,sn74lvc707.pdf,sn74lvc707.png
sn74lvc708,Components,fail:alldatasheet_no_download_link,https://www.alldatasheet.com/,sn74lvc708.pdf,sn74lvc708.png
sn74lvc710,Components,fail:alldatasheet_no_download_link,https://www.alldatasheet.com/,sn74lvc710.pdf,sn74lvc710.png
sn74lvc711,Components,fail:alldatasheet_no_download_link,https://www.alldatasheet.com/,sn74lvc711.pdf,sn74lvc711.png
sn74lvc712,Components,fail:alldatasheet_no_download_link,https://www.alldatasheet.com/,sn74lvc712.pdf,sn74lvc712.png
sn74lvc715,Components,fail:alldatasheet_no_download_link,https://www.alldatasheet.com/,sn74lvc715.pdf,sn74lvc715.png
sn74lvc716,Components,fail:alldatasheet_no_download_link,https://www.alldatasheet.com/,sn74lvc716.pdf,sn74lvc716.png
sn74lvc718,Components,fail:alldatasheet_no_download_link,https://www.alldatasheet.com/,sn74lvc718.pdf,sn74lvc718.png
sn74lvc723,Components,fail:alldatasheet_no_download_link,https://www.alldatasheet.com/,sn74lvc723.pdf,sn74lvc723.png
sn74lvc724,Components,fail:alldatasheet_no_download_link,https://www.alldatasheet.com/,sn74lvc724.pdf,sn74lvc724.png
sn74lvc725,Components,fail:alldatasheet_no_download_link,https://www.alldatasheet.com/,sn74lvc725.pdf,sn74lvc725.png
sn74lvc730,Components,fail:alldatasheet_no_download_link,https://www.alldatasheet.com/,sn74lvc730.pdf,sn74lvc730.png
sn74lvc731,Components,fail:alldatasheet_no_download_link,https://www.alldatasheet.com/,sn74lvc731.pdf,sn74lvc731.png
sn74lvc732,Components,fail:alldatasheet_no_download_link,https://www.alldatasheet.com/,sn74lvc732.pdf,sn74lvc732.png
sn74lvc733,Components,fail:alldatasheet_no_download_link,https://www.alldatasheet.com/,sn74lvc733.pdf,sn74lvc733.png
sn74lvc734,Components,fail:alldatasheet_no_download_link,https://www.alldatasheet.com/,sn74lvc734.pdf,sn74lvc734.png
sn74lvc740,Components,fail:alldatasheet_no_download_link,https://www.alldatasheet.com/,sn74lvc740.pdf,sn74lvc740.png
sn74lvc741,Components,fail:alldatasheet_no_download_link,https://www.alldatasheet.com/,sn74lvc741.pdf,sn74lvc741.png
sn74lvc742,Components,fail:alldatasheet_no_download_link,https://www.alldatasheet.com/,sn74lvc742.pdf,sn74lvc742.png
sn74lvc743,Components,fail:alldatasheet_no_download_link,https://www.alldatasheet.com/,sn74lvc743.pdf,sn74lvc743.png
sn74lvc744,Components,fail:alldatasheet_no_download_link,https://www.alldatasheet.com/,sn74lvc744.pdf,sn74lvc744.png
sn74lvc746,Components,fail:alldatasheet_no_download_link,https://www.alldatasheet.com/,sn74lvc746.pdf,sn74lvc746.png
sn74lvc747,Components,fail:alldatasheet_no_download_link,https://www.alldatasheet.com/,sn74lvc747.pdf,sn74lvc747.png
sn74lvc748,Components,fail:alldatasheet_no_download_link,https://www.alldatasheet.com/,sn74lvc748.pdf,sn74lvc748.png
sn74lvc756,Components,fail:alldatasheet_no_download_link,https://www.alldatasheet.com/,sn74lvc756.pdf,sn74lvc756.png
sn74lvc757,Components,fail:alldatasheet_no_download_link,https://www.alldatasheet.com/,sn74lvc757.pdf,sn74lvc757.png
sn74lvc758,Components,fail:alldatasheet_no_download_link,https://www.alldatasheet.com/,sn74lvc758.pdf,sn74lvc758.png
sn74lvc759,Components,fail:alldatasheet_no_download_link,https://www.alldatasheet.com/,sn74lvc759.pdf,sn74lvc759.png
sn74lvc760,Components,fail:alldatasheet_no_download_link,https://www.alldatasheet.com/,sn74lvc760.pdf,sn74lvc760.png
sn74lvc762,Components,fail:alldatasheet_no_download_link,https://www.alldatasheet.com/,sn74lvc762.pdf,sn74lvc762.png
sn74lvc763,Components,fail:alldatasheet_no_download_link,https://www.alldatasheet.com/,sn74lvc763.pdf,sn74lvc763.png
sn74lvc764,Components,fail:alldatasheet_no_download_link,https://www.alldatasheet.com/,sn74lvc764.pdf,sn74lvc764.png
sn74lvc765,Components,fail:alldatasheet_no_download_link,https://www.alldatasheet.com/,sn74lvc765.pdf,sn74lvc765.png
sn74lvc776,Components,fail:alldatasheet_no_download_link,https://www.alldatasheet.com/,sn74lvc776.pdf,sn74lvc776.png
sn74lvc777,Components,fail:alldatasheet_no_download_link,https://www.alldatasheet.com/,sn74lvc777.pdf,sn74lvc777.png
sn74lvc779,Components,fail:alldatasheet_no_download_link,https://www.alldatasheet.com/,sn74lvc779.pdf,sn74lvc779.png
sn74lvc783,Components,fail:alldatasheet_no_download_link,https://www.alldatasheet.com/,sn74lvc783.pdf,sn74lvc783.png
sn74lvc784,Components,fail:alldatasheet_no_download_link,https://www.alldatasheet.com/,sn74lvc784.pdf,sn74lvc784.png
sn74lvc785,Components,fail:alldatasheet_no_download_link,https://www.alldatasheet.com/,sn74lvc785.pdf,sn74lvc785.png
sn74lvc786,Components,fail:alldatasheet_no_download_link,https://www.alldatasheet.com/,sn74lvc786.pdf,sn74lvc786.png
sn74lvc790,Components,fail:alldatasheet_no_download_link,https://www.alldatasheet.com/,sn74lvc790.pdf,sn74lvc790.png
sn74lvc793,Components,fail:alldatasheet_no_download_link,https://www.alldatasheet.com/,sn74lvc793.pdf,sn74lvc793.png
sn74lvc794,Components,fail:alldatasheet_no_download_link,https://www.alldatasheet.com/,sn74lvc794.pdf,sn74lvc794.png
sn74lvc795,Components,fail:alldatasheet_no_download_link,https://www.alldatasheet.com/,sn74lvc795.pdf,sn74lvc795.png
sn74lvc796,Components,fail:alldatasheet_no_download_link,https://www.alldatasheet.com/,sn74lvc796.pdf,sn74lvc796.png
sn74lvc797,Components,fail:alldatasheet_no_download_link,https://www.alldatasheet.com/,sn74lvc797.pdf,sn74lvc797.png
sn74lvc798,Components,fail:alldatasheet_no_download_link,https://www.alldatasheet.com/,sn74lvc798.pdf,sn74lvc798.png
sn74lvc799,Components,fail:alldatasheet_no_download_link,https://www.alldatasheet.com/,sn74lvc799.pdf,sn74lvc799.png
sn74lvc800,Components,fail:alldatasheet_no_download_link,https://www.alldatasheet.com/,sn74lvc800.pdf,sn74lvc800.png
sn74lvc802,Components,fail:alldatasheet_no_download_link,https://www.alldatasheet.com/,sn74lvc802.pdf,sn74lvc802.png
sn74lvc803,Components,fail:alldatasheet_no_download_link,https://www.alldatasheet.com/,sn74lvc803.pdf,sn74lvc803.png
sn74lvc804,Components,fail:alldatasheet_no_download_link,https://www.alldatasheet.com/,sn74lvc804.pdf,sn74lvc804.png
sn74lvc805,Components,fail:alldatasheet_no_download_link,https://www.alldatasheet.com/,sn74lvc805.pdf,sn74lvc805.png
sn74lvc807,Components,fail:alldatasheet_no_download_link,https://www.alldatasheet.com/,sn74lvc807.pdf,sn74lvc807.png
sn74lvc808,Components,fail:alldatasheet_no_download_link,https://www.alldatasheet.com/,sn74lvc808.pdf,sn74lvc808.png
sn74lvc810,Components,fail:alldatasheet_no_download_link,https://www.alldatasheet.com/,sn74lvc810.pdf,sn74lvc810.png
sn74lvc811,Components,fail:alldatasheet_no_download_link,https://www.alldatasheet.com/,sn74lvc811.pdf,sn74lvc811.png
sn74lvc817,Components,fail:alldatasheet_no_download_link,https://www.alldatasheet.com/,sn74lvc817.pdf,sn74lvc817.png
sn74lvc818,Components,fail:alldatasheet_no_download_link,https://www.alldatasheet.com/,sn74lvc818.pdf,sn74lvc818.png
sn74lvc819,Components,fail:alldatasheet_no_download_link,https://www.alldatasheet.com/,sn74lvc819.pdf,sn74lvc819.png
sn74lvc821,Components,fail:alldatasheet_no_download_link,https://www.alldatasheet.com/,sn74lvc821.pdf,sn74lvc821.png
sn74lvc822,Components,fail:alldatasheet_no_download_link,https://www.alldatasheet.com/,sn74lvc822.pdf,sn74lvc822.png
sn74lvc823,Components,fail:alldatasheet_no_download_link,https://www.alldatasheet.com/,sn74lvc823.pdf,sn74lvc823.png
sn74lvc824,Components,fail:alldatasheet_no_download_link,https://www.alldatasheet.com/,sn74lvc824.pdf,sn74lvc824.png
sn74lvc825,Components,fail:alldatasheet_no_download_link,https://www.alldatasheet.com/,sn74lvc825.pdf,sn74lvc825.png
sn74lvc826,Components,fail:alldatasheet_no_download_link,https://www.alldatasheet.com/,sn74lvc826.pdf,sn74lvc826.png
sn74lvc827,Components,fail:alldatasheet_no_download_link,https://www.alldatasheet.com/,sn74lvc827.pdf,sn74lvc827.png
sn74lvc828,Components,fail:alldatasheet_no_download_link,https://www.alldatasheet.com/,sn74lvc828.pdf,sn74lvc828.png
sn74lvc832,Components,fail:alldatasheet_no_download_link,https://www.alldatasheet.com/,sn74lvc832.pdf,sn74lvc832.png
sn74lvc833,Components,fail:alldatasheet_no_download_link,https://www.alldatasheet.com/,sn74lvc833.pdf,sn74lvc833.png
sn74lvc834,Components,fail:alldatasheet_no_download_link,https://www.alldatasheet.com/,sn74lvc834.pdf,sn74lvc834.png
sn74lvc835,Components,fail:alldatasheet_no_download_link,https://www.alldatasheet.com/,sn74lvc835.pdf,sn74lvc835.png
sn74lvc839,Components,fail:alldatasheet_no_download_link,https://www.alldatasheet.com/,sn74lvc839.pdf,sn74lvc839.png
sn74lvc840,Components,fail:alldatasheet_no_download_link,https://www.alldatasheet.com/,sn74lvc840.pdf,sn74lvc840.png
sn74lvc841,Components,fail:alldatasheet_no_download_link,https://www.alldatasheet.com/,sn74lvc841.pdf,sn74lvc841.png
sn74lvc842,Components,fail:alldatasheet_no_download_link,https://www.alldatasheet.com/,sn74lvc842.pdf,sn74lvc842.png
sn74lvc843,Components,fail:alldatasheet_no_download_link,https://www.alldatasheet.com/,sn74lvc843.pdf,sn74lvc843.png
sn74lvc844,Components,fail:alldatasheet_no_download_link,https://www.alldatasheet.com/,sn74lvc844.pdf,sn74lvc844.png
sn74lvc845,Components,fail:alldatasheet_no_download_link,https://www.alldatasheet.com/,sn74lvc845.pdf,sn74lvc845.png
sn74lvc846,Components,fail:alldatasheet_no_download_link,https://www.alldatasheet.com/,sn74lvc846.pdf,sn74lvc846.png
sn74lvc848,Components,fail:alldatasheet_no_download_link,https://www.alldatasheet.com/,sn74lvc848.pdf,sn74lvc848.png
sn74lvc850,Components,fail:alldatasheet_no_download_link,https://www.alldatasheet.com/,sn74lvc850.pdf,sn74lvc850.png
sn74lvc851,Components,fail:alldatasheet_no_download_link,https://www.alldatasheet.com/,sn74lvc851.pdf,sn74lvc851.png
sn74lvc852,Components,fail:alldatasheet_no_download_link,https://www.alldatasheet.com/,sn74lvc852.pdf,sn74lvc852.png
sn74lvc853,Components,fail:alldatasheet_no_download_link,https://www.alldatasheet.com/,sn74lvc853.pdf,sn74lvc853.png
sn74lvc854,Components,fail:alldatasheet_no_download_link,https://www.alldatasheet.com/,sn74lvc854.pdf,sn74lvc854.png
sn74lvc856,Components,fail:alldatasheet_no_download_link,https://www.alldatasheet.com/,sn74lvc856.pdf,sn74lvc856.png
sn74lvc857,Components,fail:alldatasheet_no_download_link,https://www.alldatasheet.com/,sn74lvc857.pdf,sn74lvc857.png
sn74lvc861,Components,fail:alldatasheet_no_download_link,https://www.alldatasheet.com/,sn74lvc861.pdf,sn74lvc861.png
sn74lvc862,Components,fail:alldatasheet_no_download_link,https://www.alldatasheet.com/,sn74lvc862.pdf,sn74lvc862.png
sn74lvc863,Components,fail:alldatasheet_no_download_link,https://www.alldatasheet.com/,sn74lvc863.pdf,sn74lvc863.png
sn74lvc864,Components,fail:alldatasheet_no_download_link,https://www.alldatasheet.com/,sn74lvc864.pdf,sn74lvc864.png
sn74lvc866,Components,fail:alldatasheet_no_download_link,https://www.alldatasheet.com/,sn74lvc866.pdf,sn74lvc866.png
sn74lvc867,Components,fail:alldatasheet_no_download_link,https://www.alldatasheet.com/,sn74lvc867.pdf,sn74lvc867.png
sn74lvc869,Components,fail:alldatasheet_no_download_link,https://www.alldatasheet.com/,sn74lvc869.pdf,sn74lvc869.png
sn74lvc870,Components,fail:alldatasheet_no_download_link,https://www.alldatasheet.com/,sn74lvc870.pdf,sn74lvc870.png
sn74lvc871,Components,fail:alldatasheet_no_download_link,https://www.alldatasheet.com/,sn74lvc871.pdf,sn74lvc871.png
sn74lvc873,Components,fail:alldatasheet_no_download_link,https://www.alldatasheet.com/,sn74lvc873.pdf,sn74lvc873.png
sn74lvc874,Components,fail:alldatasheet_no_download_link,https://www.alldatasheet.com/,sn74lvc874.pdf,sn74lvc874.png
sn74lvc876,Components,fail:alldatasheet_no_download_link,https://www.alldatasheet.com/,sn74lvc876.pdf,sn74lvc876.png
sn74lvc877,Components,fail:alldatasheet_no_download_link,https://www.alldatasheet.com/,sn74lvc877.pdf,sn74lvc877.png
sn74lvc878,Components,fail:alldatasheet_no_download_link,https://www.alldatasheet.com/,sn74lvc878.pdf,sn74lvc878.png
sn74lvc879,Components,fail:alldatasheet_no_download_link,https://www.alldatasheet.com/,sn74lvc879.pdf,sn74lvc879.png
sn74lvc880,Components,fail:alldatasheet_no_download_link,https://www.alldatasheet.com/,sn74lvc880.pdf,sn74lvc880.png
sn74lvc881,Components,fail:alldatasheet_no_download_link,https://www.alldatasheet.com/,sn74lvc881.pdf,sn74lvc881.png
sn74lvc882,Components,fail:alldatasheet_no_download_link,https://www.alldatasheet.com/,sn74lvc882.pdf,sn74lvc882.png
sn74lvc885,Components,fail:alldatasheet_no_download_link,https://www.alldatasheet.com/,sn74lvc885.pdf,sn74lvc885.png
sn74lvc887,Components,fail:alldatasheet_no_download_link,https://www.alldatasheet.com/,sn74lvc887.pdf,sn74lvc887.png
sn74lvc888,Components,fail:alldatasheet_no_download_link,https://www.alldatasheet.com/,sn74lvc888.pdf,sn74lvc888.png
sn74lvc889,Components,fail:alldatasheet_no_download_link,https://www.alldatasheet.com/,sn74lvc889.pdf,sn74lvc889.png
sn74lvc890,Components,fail:alldatasheet_no_download_link,https://www.alldatasheet.com/,sn74lvc890.pdf,sn74lvc890.png
sn74lvc891,Components,fail:alldatasheet_no_download_link,https://www.alldatasheet.com/,sn74lvc891.pdf,sn74lvc891.png
sn74lvc895,Components,fail:alldatasheet_no_download_link,https://www.alldatasheet.com/,sn74lvc895.pdf,sn74lvc895.png
sn74lvc897,Components,fail:alldatasheet_no_download_link,https://www.alldatasheet.com/,sn74lvc897.pdf,sn74lvc897.png
sn74lvc899,Components,fail:alldatasheet_no_download_link,https://www.alldatasheet.com/,sn74lvc899.pdf,sn74lvc899.png
sn74lvc900,Components,fail:alldatasheet_no_download_link,https://www.alldatasheet.com/,sn74lvc900.pdf,sn74lvc900.png
sn74lvc901,Components,fail:alldatasheet_no_download_link,https://www.alldatasheet.com/,sn74lvc901.pdf,sn74lvc901.png
sn74lvc904,Components,fail:alldatasheet_no_download_link,https://www.alldatasheet.com/,sn74lvc904.pdf,sn74lvc904.png
sn74lvc905,Components,fail:alldatasheet_no_download_link,https://www.alldatasheet.com/,sn74lvc905.pdf,sn74lvc905.png
sn74lvc906,Components,fail:alldatasheet_no_download_link,https://www.alldatasheet.com/,sn74lvc906.pdf,sn74lvc906.png
sn74lvc907,Components,fail:alldatasheet_no_download_link,https://www.alldatasheet.com/,sn74lvc907.pdf,sn74lvc907.png
sn74lvc908,Components,fail:alldatasheet_no_download_link,https://www.alldatasheet.com/,sn74lvc908.pdf,sn74lvc908.png
sn74lvc909,Components,fail:alldatasheet_no_download_link,https://www.alldatasheet.com/,sn74lvc909.pdf,sn74lvc909.png
sn74lvc910,Components,fail:alldatasheet_no_download_link,https://www.alldatasheet.com/,sn74lvc910.pdf,sn74lvc910.png
sn74lvc911,Components,fail:alldatasheet_no_download_link,https://www.alldatasheet.com/,sn74lvc911.pdf,sn74lvc911.png
sn74lvc912,Components,fail:alldatasheet_no_download_link,https://www.alldatasheet.com/,sn74lvc912.pdf,sn74lvc912.png
sn74lvc913,Components,fail:alldatasheet_no_download_link,https://www.alldatasheet.com/,sn74lvc913.pdf,sn74lvc913.png
sn74lvc914,Components,fail:alldatasheet_no_download_link,https://www.alldatasheet.com/,sn74lvc914.pdf,sn74lvc914.png
sn74lvc915,Components,fail:alldatasheet_no_download_link,https://www.alldatasheet.com/,sn74lvc915.pdf,sn74lvc915.png
sn74lvc917,Components,fail:alldatasheet_no_download_link,https://www.alldatasheet.com/,sn74lvc917.pdf,sn74lvc917.png
sn74lvc918,Components,fail:alldatasheet_no_download_link,https://www.alldatasheet.com/,sn74lvc918.pdf,sn74lvc918.png
sn74lvc920,Components,fail:alldatasheet_no_download_link,https://www.alldatasheet.com/,sn74lvc920.pdf,sn74lvc920.png
sn74lvc921,Components,fail:alldatasheet_no_download_link,https://www.alldatasheet.com/,sn74lvc921.pdf,sn74lvc921.png
sn74lvc922,Components,fail:alldatasheet_no_download_link,https://www.alldatasheet.com/,sn74lvc922.pdf,sn74lvc922.png
sn74lvc923,Components,fail:alldatasheet_no_download_link,https://www.alldatasheet.com/,sn74lvc923.pdf,sn74lvc923.png
sn74lvc925,Components,fail:alldatasheet_no_download_link,https://www.alldatasheet.com/,sn74lvc925.pdf,sn74lvc925.png
sn74lvc926,Components,fail:alldatasheet_no_download_link,https://www.alldatasheet.com/,sn74lvc926.pdf,sn74lvc926.png
sn74lvc927,Components,fail:alldatasheet_no_download_link,https://www.alldatasheet.com/,sn74lvc927.pdf,sn74lvc927.png
sn74lvc928,Components,fail:alldatasheet_no_download_link,https://www.alldatasheet.com/,sn74lvc928.pdf,sn74lvc928.png
sn74lvc929,Components,fail:alldatasheet_no_download_link,https://www.alldatasheet.com/,sn74lvc929.pdf,sn74lvc929.png
sn74lvc930,Components,fail:alldatasheet_no_download_link,https://www.alldatasheet.com/,sn74lvc930.pdf,sn74lvc930.png
sn74lvc932,Components,fail:alldatasheet_no_download_link,https://www.alldatasheet.com/,sn74lvc932.pdf,sn74lvc932.png
sn74lvc933,Components,fail:alldatasheet_no_download_link,https://www.alldatasheet.com/,sn74lvc933.pdf,sn74lvc933.png
sn74lvc935,Components,fail:alldatasheet_no_download_link,https://www.alldatasheet.com/,sn74lvc935.pdf,sn74lvc935.png
sn74lvc936,Components,fail:alldatasheet_no_download_link,https://www.alldatasheet.com/,sn74lvc936.pdf,sn74lvc936.png
sn74lvc937,Components,fail:alldatasheet_no_download_link,https://www.alldatasheet.com/,sn74lvc937.pdf,sn74lvc937.png
sn74lvc938,Components,fail:alldatasheet_no_download_link,https://www.alldatasheet.com/,sn74lvc938.pdf,sn74lvc938.png
sn74lvc940,Components,fail:alldatasheet_no_download_link,https://www.alldatasheet.com/,sn74lvc940.pdf,sn74lvc940.png
sn74lvc941,Components,fail:alldatasheet_no_download_link,https://www.alldatasheet.com/,sn74lvc941.pdf,sn74lvc941.png
sn74lvc942,Components,fail:alldatasheet_no_download_link,https://www.alldatasheet.com/,sn74lvc942.pdf,sn74lvc942.png
sn74lvc943,Components,fail:alldatasheet_no_download_link,https://www.alldatasheet.com/,sn74lvc943.pdf,sn74lvc943.png
sn74lvc945,Components,fail:alldatasheet_no_download_link,https://www.alldatasheet.com/,sn74lvc945.pdf,sn74lvc945.png
sn74lvc946,Components,fail:alldatasheet_no_download_link,https://www.alldatasheet.com/,sn74lvc946.pdf,sn74lvc946.png
sn74lvc947,Components,fail:alldatasheet_no_download_link,https://www.alldatasheet.com/,sn74lvc947.pdf,sn74lvc947.png
sn74lvc948,Components,fail:alldatasheet_no_download_link,https://www.alldatasheet.com/,sn74lvc948.pdf,sn74lvc948.png
sn74lvc949,Components,fail:alldatasheet_no_download_link,https://www.alldatasheet.com/,sn74lvc949.pdf,sn74lvc949.png
sn74lvc950,Components,fail:alldatasheet_no_download_link,https://www.alldatasheet.com/,sn74lvc950.pdf,sn74lvc950.png
sn74lvc952,Components,fail:alldatasheet_no_download_link,https://www.alldatasheet.com/,sn74lvc952.pdf,sn74lvc952.png
sn74lvc962,Components,fail:alldatasheet_no_download_link,https://www.alldatasheet.com/,sn74lvc962.pdf,sn74lvc962.png
sn74lvc963,Components,fail:alldatasheet_no_download_link,https://www.alldatasheet.com/,sn74lvc963.pdf,sn74lvc963.png
sn74lvc964,Components,fail:alldatasheet_no_download_link,https://www.alldatasheet.com/,sn74lvc964.pdf,sn74lvc964.png
sn74lvc968,Components,fail:alldatasheet_no_download_link,https://www.alldatasheet.com/,sn74lvc968.pdf,sn74lvc968.png
sn74lvc978,Components,fail:alldatasheet_no_download_link,https://www.alldatasheet.com/,sn74lvc978.pdf,sn74lvc978.png
sn74lvc979,Components,fail:alldatasheet_no_download_link,https://www.alldatasheet.com/,sn74lvc979.pdf,sn74lvc979.png
sn74lvc989,Components,fail:alldatasheet_no_download_link,https://www.alldatasheet.com/,sn74lvc989.pdf,sn74lvc989.png
sn74lvc990,Components,fail:alldatasheet_no_download_link,https://www.alldatasheet.com/,sn74lvc990.pdf,sn74lvc990.png
sn74lvc991,Components,fail:alldatasheet_no_download_link,https://www.alldatasheet.com/,sn74lvc991.pdf,sn74lvc991.png
sn74lvc992,Components,fail:alldatasheet_no_download_link,https://www.alldatasheet.com/,sn74lvc992.pdf,sn74lvc992.png
sn74lvc993,Components,fail:alldatasheet_no_download_link,https://www.alldatasheet.com/,sn74lvc993.pdf,sn74lvc993.png
sn74lvc994,Components,fail:alldatasheet_no_download_link,https://www.alldatasheet.com/,sn74lvc994.pdf,sn74lvc994.png
sn74lvc995,Components,fail:alldatasheet_no_download_link,https://www.alldatasheet.com/,sn74lvc995.pdf,sn74lvc995.png
sn74lvc996,Components,fail:alldatasheet_no_download_link,https://www.alldatasheet.com/,sn74lvc996.pdf,sn74lvc996.png
sn74lvc999,Components,fail:alldatasheet_no_download_link,https://www.alldatasheet.com/,sn74lvc999.pdf,sn74lvc999.png
sn74lvc1000,Components,fail:alldatasheet_no_download_link,https://www.alldatasheet.com/,sn74lvc1000.pdf,sn74lvc1000.png
sn74lvc1002,Components,fail:alldatasheet_no_download_link,https://www.alldatasheet.com/,sn74lvc1002.pdf,sn74lvc1002.png
sn74lvc1003,Components,fail:alldatasheet_no_download_link,https://www.alldatasheet.com/,sn74lvc1003.pdf,sn74lvc1003.png
sn74lvc1004,Components,fail:alldatasheet_no_download_link,https://www.alldatasheet.com/,sn74lvc1004.pdf,sn74lvc1004.png
sn74lvc1005,Components,fail:alldatasheet_no_download_link,https://www.alldatasheet.com/,sn74lvc1005.pdf,sn74lvc1005.png
sn74lvc1008,Components,fail:alldatasheet_no_download_link,https://www.alldatasheet.com/,sn74lvc1008.pdf,sn74lvc1008.png
sn74lvc1011,Components,fail:alldatasheet_no_download_link,https://www.alldatasheet.com/,sn74lvc1011.pdf,sn74lvc1011.png
sn74lvc1017,Components,fail:alldatasheet_no_download_link,https://www.alldatasheet.com/,sn74lvc1017.pdf,sn74lvc1017.png
sn74lvc1018,Components,fail:alldatasheet_no_download_link,https://www.alldatasheet.com/,sn74lvc1018.pdf,sn74lvc1018.png
sn74lvc1020,Components,fail:alldatasheet_no_download_link,https://www.alldatasheet.com/,sn74lvc1020.pdf,sn74lvc1020.png
sn74lvc1032,Components,fail:alldatasheet_no_download_link,https://www.alldatasheet.com/,sn74lvc1032.pdf,sn74lvc1032.png
sn74lvc1034,Components,fail:alldatasheet_no_download_link,https://www.alldatasheet.com/,sn74lvc1034.pdf,sn74lvc1034.png
sn74lvc1035,Components,fail:alldatasheet_no_download_link,https://www.alldatasheet.com/,sn74lvc1035.pdf,sn74lvc1035.png
sn74lvc1036,Components,fail:alldatasheet_no_download_link,https://www.alldatasheet.com/,sn74lvc1036.pdf,sn74lvc1036.png
sn74lvc1050,Components,fail:alldatasheet_no_download_link,https://www.alldatasheet.com/,sn74lvc1050.pdf,sn74lvc1050.png
sn74lvc1051,Components,fail:alldatasheet_no_download_link,https://www.alldatasheet.com/,sn74lvc1051.pdf,sn74lvc1051.png
sn74lvc1052,Components,fail:alldatasheet_no_download_link,https://www.alldatasheet.com/,sn74lvc1052.pdf,sn74lvc1052.png
sn74lvc1053,Components,fail:alldatasheet_no_download_link,https://www.alldatasheet.com/,sn74lvc1053.pdf,sn74lvc1053.png
sn74lvc1056,Components,fail:alldatasheet_no_download_link,https://www.alldatasheet.com/,sn74lvc1056.pdf,sn74lvc1056.png
sn74lvc1071,Components,fail:alldatasheet_no_download_link,https://www.alldatasheet.com/,sn74lvc1071.pdf,sn74lvc1071.png
sn74lvc1073,Components,fail:alldatasheet_no_download_link,https://www.alldatasheet.com/,sn74lvc1073.pdf,sn74lvc1073.png
sn74lvc1074,Components,fail:alldatasheet_no_download_link,https://www.alldatasheet.com/,sn74lvc1074.pdf,sn74lvc1074.png
sn74lvc1181,Components,fail:alldatasheet_no_download_link,https://www.alldatasheet.com/,sn74lvc1181.pdf,sn74lvc1181.png
sn74lvc1240,Components,fail:alldatasheet_no_download_link,https://www.alldatasheet.com/,sn74lvc1240.pdf,sn74lvc1240.png
sn74lvc1241,Components,fail:alldatasheet_no_download_link,https://www.alldatasheet.com/,sn74lvc1241.pdf,sn74lvc1241.png
sn74lvc1242,Components,fail:alldatasheet_no_download_link,https://www.alldatasheet.com/,sn74lvc1242.pdf,sn74lvc1242.png
sn74lvc1243,Components,fail:alldatasheet_no_download_link,https://www.alldatasheet.com/,sn74lvc1243.pdf,sn74lvc1243.png
sn74lvc1244,Components,fail:alldatasheet_no_download_link,https://www.alldatasheet.com/,sn74lvc1244.pdf,sn74lvc1244.png
sn74lvc1245,Components,fail:alldatasheet_no_download_link,https://www.alldatasheet.com/,sn74lvc1245.pdf,sn74lvc1245.png
sn74lvc1280,Components,fail:alldatasheet_no_download_link,https://www.alldatasheet.com/,sn74lvc1280.pdf,sn74lvc1280.png
sn74lvc1284,Components,fail:alldatasheet_no_download_link,https://www.alldatasheet.com/,sn74lvc1284.pdf,sn74lvc1284.png
sn74lvc1394,Components,fail:alldatasheet_no_download_link,https://www.alldatasheet.com/,sn74lvc1394.pdf,sn74lvc1394.png
sn74lvc1395,Components,fail:alldatasheet_no_download_link,https://www.alldatasheet.com/,sn74lvc1395.pdf,sn74lvc1395.png
sn74lvc1403,Components,fail:alldatasheet_no_download_link,https://www.alldatasheet.com/,sn74lvc1403.pdf,sn74lvc1403.png
sn74lvc1404,Components,ok_no_thumb:thumb_missing,https://www.ti.com/lit/ds/symlink/sn74lvc1404.pdf,sn74lvc1404.pdf,
sn74lvc1604,Components,fail:alldatasheet_no_download_link,https://www.alldatasheet.com/,sn74lvc1604.pdf,sn74lvc1604.png
sn74lvc1612,Components,fail:alldatasheet_no_download_link,https://www.alldatasheet.com/,sn74lvc1612.pdf,sn74lvc1612.png
sn74lvc1616,Components,fail:alldatasheet_no_download_link,https://www.alldatasheet.com/,sn74lvc1616.pdf,sn74lvc1616.png
sn74lvc1620,Components,fail:alldatasheet_no_download_link,https://www.alldatasheet.com/,sn74lvc1620.pdf,sn74lvc1620.png
sn74lvc1621,Components,fail:alldatasheet_no_download_link,https://www.alldatasheet.com/,sn74lvc1621.pdf,sn74lvc1621.png
sn74lvc1622,Components,fail:alldatasheet_no_download_link,https://www.alldatasheet.com/,sn74lvc1622.pdf,sn74lvc1622.png
sn74lvc1623,Components,fail:alldatasheet_no_download_link,https://www.alldatasheet.com/,sn74lvc1623.pdf,sn74lvc1623.png
sn74lvc1624,Components,fail:alldatasheet_no_download_link,https://www.alldatasheet.com/,sn74lvc1624.pdf,sn74lvc1624.png
sn74lvc1625,Components,fail:alldatasheet_no_download_link,https://www.alldatasheet.com/,sn74lvc1625.pdf,sn74lvc1625.png
sn74lvc1626,Components,fail:alldatasheet_no_download_link,https://www.alldatasheet.com/,sn74lvc1626.pdf,sn74lvc1626.png
sn74lvc1627,Components,fail:alldatasheet_no_download_link,https://www.alldatasheet.com/,sn74lvc1627.pdf,sn74lvc1627.png
sn74lvc1628,Components,fail:alldatasheet_no_download_link,https://www.alldatasheet.com/,sn74lvc1628.pdf,sn74lvc1628.png
sn74lvc1629,Components,fail:alldatasheet_no_download_link,https://www.alldatasheet.com/,sn74lvc1629.pdf,sn74lvc1629.png
sn74lvc1631,Components,fail:alldatasheet_no_download_link,https://www.alldatasheet.com/,sn74lvc1631.pdf,sn74lvc1631.png
sn74lvc1633,Components,fail:alldatasheet_no_download_link,https://www.alldatasheet.com/,sn74lvc1633.pdf,sn74lvc1633.png
sn74lvc1634,Components,fail:alldatasheet_no_download_link,https://www.alldatasheet.com/,sn74lvc1634.pdf,sn74lvc1634.png
sn74lvc1637,Components,fail:alldatasheet_no_download_link,https://www.alldatasheet.com/,sn74lvc1637.pdf,sn74lvc1637.png
sn74lvc1638,Components,fail:alldatasheet_no_download_link,https://www.alldatasheet.com/,sn74lvc1638.pdf,sn74lvc1638.png
sn74lvc1639,Components,fail:alldatasheet_no_download_link,https://www.alldatasheet.com/,sn74lvc1639.pdf,sn74lvc1639.png
sn74lvc1640,Components,fail:alldatasheet_no_download_link,https://www.alldatasheet.com/,sn74lvc1640.pdf,sn74lvc1640.png
sn74lvc1641,Components,fail:alldatasheet_no_download_link,https://www.alldatasheet.com/,sn74lvc1641.pdf,sn74lvc1641.png
sn74lvc1642,Components,fail:alldatasheet_no_download_link,https://www.alldatasheet.com/,sn74lvc1642.pdf,sn74lvc1642.png
sn74lvc1643,Components,fail:alldatasheet_no_download_link,https://www.alldatasheet.com/,sn74lvc1643.pdf,sn74lvc1643.png
sn74lvc1644,Components,fail:alldatasheet_no_download_link,https://www.alldatasheet.com/,sn74lvc1644.pdf,sn74lvc1644.png
sn74lvc1645,Components,fail:alldatasheet_no_download_link,https://www.alldatasheet.com/,sn74lvc1645.pdf,sn74lvc1645.png
sn74lvc1646,Components,fail:alldatasheet_no_download_link,https://www.alldatasheet.com/,sn74lvc1646.pdf,sn74lvc1646.png
sn74lvc1647,Components,fail:alldatasheet_no_download_link,https://www.alldatasheet.com/,sn74lvc1647.pdf,sn74lvc1647.png
sn74lvc1650,Components,fail:alldatasheet_no_download_link,https://www.alldatasheet.com/,sn74lvc1650.pdf,sn74lvc1650.png
sn74lvc1651,Components,fail:alldatasheet_no_download_link,https://www.alldatasheet.com/,sn74lvc1651.pdf,sn74lvc1651.png
sn74lvc1652,Components,fail:alldatasheet_no_download_link,https://www.alldatasheet.com/,sn74lvc1652.pdf,sn74lvc1652.png
sn74lvc1653,Components,fail:alldatasheet_no_download_link,https://www.alldatasheet.com/,sn74lvc1653.pdf,sn74lvc1653.png
sn74lvc1654,Components,fail:alldatasheet_no_download_link,https://www.alldatasheet.com/,sn74lvc1654.pdf,sn74lvc1654.png
sn74lvc1655,Components,fail:alldatasheet_no_download_link,https://www.alldatasheet.com/,sn74lvc1655.pdf,sn74lvc1655.png
sn74lvc1660,Components,fail:alldatasheet_no_download_link,https://www.alldatasheet.com/,sn74lvc1660.pdf,sn74lvc1660.png
sn74lvc1661,Components,fail:alldatasheet_no_download_link,https://www.alldatasheet.com/,sn74lvc1661.pdf,sn74lvc1661.png
sn74lvc1662,Components,fail:alldatasheet_no_download_link,https://www.alldatasheet.com/,sn74lvc1662.pdf,sn74lvc1662.png
sn74lvc1664,Components,fail:alldatasheet_no_download_link,https://www.alldatasheet.com/,sn74lvc1664.pdf,sn74lvc1664.png
sn74lvc1665,Components,fail:alldatasheet_no_download_link,https://www.alldatasheet.com/,sn74lvc1665.pdf,sn74lvc1665.png
sn74lvc1672,Components,fail:alldatasheet_no_download_link,https://www.alldatasheet.com/,sn74lvc1672.pdf,sn74lvc1672.png
sn74lvc1680,Components,fail:alldatasheet_no_download_link,https://www.alldatasheet.com/,sn74lvc1680.pdf,sn74lvc1680.png
sn74lvc1681,Components,fail:alldatasheet_no_download_link,https://www.alldatasheet.com/,sn74lvc1681.pdf,sn74lvc1681.png
sn74lvc1682,Components,fail:alldatasheet_no_download_link,https://www.alldatasheet.com/,sn74lvc1682.pdf,sn74lvc1682.png
sn74lvc1683,Components,fail:alldatasheet_no_download_link,https://www.alldatasheet.com/,sn74lvc1683.pdf,sn74lvc1683.png
sn74lvc1684,Components,fail:alldatasheet_no_download_link,https://www.alldatasheet.com/,sn74lvc1684.pdf,sn74lvc1684.png
sn74lvc1685,Components,fail:alldatasheet_no_download_link,https://www.alldatasheet.com/,sn74lvc1685.pdf,sn74lvc1685.png
sn74lvc1686,Components,fail:alldatasheet_no_download_link,https://www.alldatasheet.com/,sn74lvc1686.pdf,sn74lvc1686.png
sn74lvc1690,Components,fail:alldatasheet_no_download_link,https://www.alldatasheet.com/,sn74lvc1690.pdf,sn74lvc1690.png
sn74lvc1691,Components,fail:alldatasheet_no_download_link,https://www.alldatasheet.com/,sn74lvc1691.pdf,sn74lvc1691.png
sn74lvc1692,Components,fail:alldatasheet_no_download_link,https://www.alldatasheet.com/,sn74lvc1692.pdf,sn74lvc1692.png
sn74lvc1694,Components,fail:alldatasheet_no_download_link,https://www.alldatasheet.com/,sn74lvc1694.pdf,sn74lvc1694.png
sn74lvc1695,Components,fail:alldatasheet_no_download_link,https://www.alldatasheet.com/,sn74lvc1695.pdf,sn74lvc1695.png
sn74lvc1697,Components,fail:alldatasheet_no_download_link,https://www.alldatasheet.com/,sn74lvc1697.pdf,sn74lvc1697.png
sn74lvc1760,Components,fail:alldatasheet_no_download_link,https://www.alldatasheet.com/,sn74lvc1760.pdf,sn74lvc1760.png
sn74lvc1761,Components,fail:alldatasheet_no_download_link,https://www.alldatasheet.com/,sn74lvc1761.pdf,sn74lvc1761.png
sn74lvc1762,Components,fail:alldatasheet_no_download_link,https://www.alldatasheet.com/,sn74lvc1762.pdf,sn74lvc1762.png
sn74lvc1763,Components,fail:alldatasheet_no_download_link,https://www.alldatasheet.com/,sn74lvc1763.pdf,sn74lvc1763.png
sn74lvc1764,Components,fail:alldatasheet_no_download_link,https://www.alldatasheet.com/,sn74lvc1764.pdf,sn74lvc1764.png
sn74lvc1765,Components,fail:alldatasheet_no_download_link,https://www.alldatasheet.com/,sn74lvc1765.pdf,sn74lvc1765.png
sn74lvc1766,Components,fail:alldatasheet_no_download_link,https://www.alldatasheet.com/,sn74lvc1766.pdf,sn74lvc1766.png
sn74lvc1779,Components,fail:alldatasheet_no_download_link,https://www.alldatasheet.com/,sn74lvc1779.pdf,sn74lvc1779.png
sn74lvc1801,Components,fail:alldatasheet_no_download_link,https://www.alldatasheet.com/,sn74lvc1801.pdf,sn74lvc1801.png
sn74lvc1802,Components,fail:alldatasheet_no_download_link,https://www.alldatasheet.com/,sn74lvc1802.pdf,sn74lvc1802.png
sn74lvc1803,Components,fail:alldatasheet_no_download_link,https://www.alldatasheet.com/,sn74lvc1803.pdf,sn74lvc1803.png
sn74lvc1804,Components,fail:alldatasheet_no_download_link,https://www.alldatasheet.com/,sn74lvc1804.pdf,sn74lvc1804.png
sn74lvc1805,Components,fail:alldatasheet_no_download_link,https://www.alldatasheet.com/,sn74lvc1805.pdf,sn74lvc1805.png
sn74lvc1808,Components,fail:alldatasheet_no_download_link,https://www.alldatasheet.com/,sn74lvc1808.pdf,sn74lvc1808.png
sn74lvc1811,Components,fail:alldatasheet_no_download_link,https://www.alldatasheet.com/,sn74lvc1811.pdf,sn74lvc1811.png
sn74lvc1812,Components,fail:alldatasheet_no_download_link,https://www.alldatasheet.com/,sn74lvc1812.pdf,sn74lvc1812.png
sn74lvc1821,Components,fail:alldatasheet_no_download_link,https://www.alldatasheet.com/,sn74lvc1821.pdf,sn74lvc1821.png
sn74lvc1823,Components,fail:alldatasheet_no_download_link,https://www.alldatasheet.com/,sn74lvc1823.pdf,sn74lvc1823.png
sn74lvc1824,Components,fail:alldatasheet_no_download_link,https://www.alldatasheet.com/,sn74lvc1824.pdf,sn74lvc1824.png
sn74lvc1825,Components,fail:alldatasheet_no_download_link,https://www.alldatasheet.com/,sn74lvc1825.pdf,sn74lvc1825.png
sn74lvc1826,Components,fail:alldatasheet_no_download_link,https://www.alldatasheet.com/,sn74lvc1826.pdf,sn74lvc1826.png
sn74lvc1832,Components,fail:alldatasheet_no_download_link,https://www.alldatasheet.com/,sn74lvc1832.pdf,sn74lvc1832.png
sn74lvc1841,Components,fail:alldatasheet_no_download_link,https://www.alldatasheet.com/,sn74lvc1841.pdf,sn74lvc1841.png
sn74lvc1843,Components,fail:alldatasheet_no_download_link,https://www.alldatasheet.com/,sn74lvc1843.pdf,sn74lvc1843.png
sn74lvc1850,Components,fail:alldatasheet_no_download_link,https://www.alldatasheet.com/,sn74lvc1850.pdf,sn74lvc1850.png
sn74lvc1851,Components,fail:alldatasheet_no_download_link,https://www.alldatasheet.com/,sn74lvc1851.pdf,sn74lvc1851.png
sn74lvc1864,Components,fail:alldatasheet_no_download_link,https://www.alldatasheet.com/,sn74lvc1864.pdf,sn74lvc1864.png
sn74lvc1865,Components,fail:alldatasheet_no_download_link,https://www.alldatasheet.com/,sn74lvc1865.pdf,sn74lvc1865.png
sn74lvc1999,Components,fail:alldatasheet_no_download_link,https://www.alldatasheet.com/,sn74lvc1999.pdf,sn74lvc1999.png
sn74lvc2000,Components,fail:alldatasheet_no_download_link,https://www.alldatasheet.com/,sn74lvc2000.pdf,sn74lvc2000.png
sn74lvc2003,Components,fail:alldatasheet_no_download_link,https://www.alldatasheet.com/,sn74lvc2003.pdf,sn74lvc2003.png
sn74lvc2006,Components,fail:alldatasheet_no_download_link,https://www.alldatasheet.com/,sn74lvc2006.pdf,sn74lvc2006.png
sn74lvc2007,Components,fail:alldatasheet_no_download_link,https://www.alldatasheet.com/,sn74lvc2007.pdf,sn74lvc2007.png
sn74lvc2010,Components,fail:alldatasheet_no_download_link,https://www.alldatasheet.com/,sn74lvc2010.pdf,sn74lvc2010.png
sn74lvc2014,Components,fail:alldatasheet_no_download_link,https://www.alldatasheet.com/,sn74lvc2014.pdf,sn74lvc2014.png
sn74lvc2024,Components,fail:alldatasheet_no_download_link,https://www.alldatasheet.com/,sn74lvc2024.pdf,sn74lvc2024.png
sn74lvc2031,Components,fail:alldatasheet_no_download_link,https://www.alldatasheet.com/,sn74lvc2031.pdf,sn74lvc2031.png
sn74lvc2032,Components,fail:alldatasheet_no_download_link,https://www.alldatasheet.com/,sn74lvc2032.pdf,sn74lvc2032.png
sn74lvc2034,Components,fail:alldatasheet_no_download_link,https://www.alldatasheet.com/,sn74lvc2034.pdf,sn74lvc2034.png
sn74lvc2040,Components,fail:alldatasheet_no_download_link,https://www.alldatasheet.com/,sn74lvc2040.pdf,sn74lvc2040.png
sn74lvc2041,Components,fail:alldatasheet_no_download_link,https://www.alldatasheet.com/,sn74lvc2041.pdf,sn74lvc2041.png
sn74lvc2107,Components,fail:alldatasheet_no_download_link,https://www.alldatasheet.com/,sn74lvc2107.pdf,sn74lvc2107.png
sn74lvc2125,Components,fail:alldatasheet_no_download_link,https://www.alldatasheet.com/,sn74lvc2125.pdf,sn74lvc2125.png
sn74lvc2140,Components,fail:alldatasheet_no_download_link,https://www.alldatasheet.com/,sn74lvc2140.pdf,sn74lvc2140.png
sn74lvc2150,Components,fail:alldatasheet_no_download_link,https://www.alldatasheet.com/,sn74lvc2150.pdf,sn74lvc2150.png
sn74lvc2152,Components,fail:alldatasheet_no_download_link,https://www.alldatasheet.com/,sn74lvc2152.pdf,sn74lvc2152.png
sn74lvc2154,Components,fail:alldatasheet_no_download_link,https://www.alldatasheet.com/,sn74lvc2154.pdf,sn74lvc2154.png
sn74lvc2155,Components,fail:alldatasheet_no_download_link,https://www.alldatasheet.com/,sn74lvc2155.pdf,sn74lvc2155.png
sn74lvc2156,Components,fail:alldatasheet_no_download_link,https://www.alldatasheet.com/,sn74lvc2156.pdf,sn74lvc2156.png
sn74lvc2158,Components,fail:alldatasheet_no_download_link,https://www.alldatasheet.com/,sn74lvc2158.pdf,sn74lvc2158.png
sn74lvc2159,Components,fail:alldatasheet_no_download_link,https://www.alldatasheet.com/,sn74lvc2159.pdf,sn74lvc2159.png
sn74lvc2160,Components,fail:alldatasheet_no_download_link,https://www.alldatasheet.com/,sn74lvc2160.pdf,sn74lvc2160.png
sn74lvc2161,Components,fail:alldatasheet_no_download_link,https://www.alldatasheet.com/,sn74lvc2161.pdf,sn74lvc2161.png
sn74lvc2164,Components,fail:alldatasheet_no_download_link,https://www.alldatasheet.com/,sn74lvc2164.pdf,sn74lvc2164.png
sn74lvc2166,Components,fail:alldatasheet_no_download_link,https://www.alldatasheet.com/,sn74lvc2166.pdf,sn74lvc2166.png
sn74lvc2191,Components,fail:alldatasheet_no_download_link,https://www.alldatasheet.com/,sn74lvc2191.pdf,sn74lvc2191.png
sn74lvc2193,Components,fail:alldatasheet_no_download_link,https://www.alldatasheet.com/,sn74lvc2193.pdf,sn74lvc2193.png
sn74lvc2203,Components,fail:alldatasheet_no_download_link,https://www.alldatasheet.com/,sn74lvc2203.pdf,sn74lvc2203.png
sn74lvc2226,Components,fail:alldatasheet_no_download_link,https://www.alldatasheet.com/,sn74lvc2226.pdf,sn74lvc2226.png
sn74lvc2227,Components,fail:alldatasheet_no_download_link,https://www.alldatasheet.com/,sn74lvc2227.pdf,sn74lvc2227.png
sn74lvc2228,Components,fail:alldatasheet_no_download_link,https://www.alldatasheet.com/,sn74lvc2228.pdf,sn74lvc2228.png
sn74lvc2229,Components,fail:alldatasheet_no_download_link,https://www.alldatasheet.com/,sn74lvc2229.pdf,sn74lvc2229.png
sn74lvc2232,Components,fail:alldatasheet_no_download_link,https://www.alldatasheet.com/,sn74lvc2232.pdf,sn74lvc2232.png
sn74lvc2233,Components,fail:alldatasheet_no_download_link,https://www.alldatasheet.com/,sn74lvc2233.pdf,sn74lvc2233.png
sn74lvc2235,Components,fail:alldatasheet_no_download_link,https://www.alldatasheet.com/,sn74lvc2235.pdf,sn74lvc2235.png
sn74lvc2236,Components,fail:alldatasheet_no_download_link,https://www.alldatasheet.com/,sn74lvc2236.pdf,sn74lvc2236.png
sn74lvc2238,Components,fail:alldatasheet_no_download_link,https://www.alldatasheet.com/,sn74lvc2238.pdf,sn74lvc2238.png
sn74lvc2240,Components,fail:alldatasheet_no_download_link,https://www.alldatasheet.com/,sn74lvc2240.pdf,sn74lvc2240.png
sn74lvc2241,Components,fail:alldatasheet_no_download_link,https://www.alldatasheet.com/,sn74lvc2241.pdf,sn74lvc2241.png
sn74lvc2242,Components,fail:alldatasheet_no_download_link,https://www.alldatasheet.com/,sn74lvc2242.pdf,sn74lvc2242.png
sn74lvc2243,Components,fail:alldatasheet_no_download_link,https://www.alldatasheet.com/,sn74lvc2243.pdf,sn74lvc2243.png
sn74lvc2244,Components,fail:alldatasheet_no_download_link,https://www.alldatasheet.com/,sn74lvc2244.pdf,sn74lvc2244.png
sn74lvc2245,Components,fail:alldatasheet_no_download_link,https://www.alldatasheet.com/,sn74lvc2245.pdf,sn74lvc2245.png
sn74lvc2250,Components,fail:alldatasheet_no_download_link,https://www.alldatasheet.com/,sn74lvc2250.pdf,sn74lvc2250.png
sn74lvc2253,Components,fail:alldatasheet_no_download_link,https://www.alldatasheet.com/,sn74lvc2253.pdf,sn74lvc2253.png
sn74lvc2257,Components,fail:alldatasheet_no_download_link,https://www.alldatasheet.com/,sn74lvc2257.pdf,sn74lvc2257.png
sn74lvc2273,Components,fail:alldatasheet_no_download_link,https://www.alldatasheet.com/,sn74lvc2273.pdf,sn74lvc2273.png
sn74lvc2299,Components,fail:alldatasheet_no_download_link,https://www.alldatasheet.com/,sn74lvc2299.pdf,sn74lvc2299.png
sn74lvc2323,Components,fail:alldatasheet_no_download_link,https://www.alldatasheet.com/,sn74lvc2323.pdf,sn74lvc2323.png
sn74lvc2373,Components,fail:alldatasheet_no_download_link,https://www.alldatasheet.com/,sn74lvc2373.pdf,sn74lvc2373.png
sn74lvc2374,Components,fail:alldatasheet_no_download_link,https://www.alldatasheet.com/,sn74lvc2374.pdf,sn74lvc2374.png
sn74lvc2377,Components,fail:alldatasheet_no_download_link,https://www.alldatasheet.com/,sn74lvc2377.pdf,sn74lvc2377.png
sn74lvc2400,Components,fail:alldatasheet_no_download_link,https://www.alldatasheet.com/,sn74lvc2400.pdf,sn74lvc2400.png
sn74lvc2410,Components,fail:alldatasheet_no_download_link,https://www.alldatasheet.com/,sn74lvc2410.pdf,sn74lvc2410.png
sn74lvc2411,Components,fail:alldatasheet_no_download_link,https://www.alldatasheet.com/,sn74lvc2411.pdf,sn74lvc2411.png
sn74lvc2414,Components,fail:alldatasheet_no_download_link,https://www.alldatasheet.com/,sn74lvc2414.pdf,sn74lvc2414.png
sn74lvc2420,Components,fail:alldatasheet_no_download_link,https://www.alldatasheet.com/,sn74lvc2420.pdf,sn74lvc2420.png
sn74lvc2423,Components,fail:alldatasheet_no_download_link,https://www.alldatasheet.com/,sn74lvc2423.pdf,sn74lvc2423.png
sn74lvc2424,Components,fail:alldatasheet_no_download_link,https://www.alldatasheet.com/,sn74lvc2424.pdf,sn74lvc2424.png
sn74lvc2425,Components,fail:alldatasheet_no_download_link,https://www.alldatasheet.com/,sn74lvc2425.pdf,sn74lvc2425.png
sn74lvc2440,Components,fail:alldatasheet_no_download_link,https://www.alldatasheet.com/,sn74lvc2440.pdf,sn74lvc2440.png
sn74lvc2441,Components,fail:alldatasheet_no_download_link,https://www.alldatasheet.com/,sn74lvc2441.pdf,sn74lvc2441.png
sn74lvc2442,Components,fail:alldatasheet_no_download_link,https://www.alldatasheet.com/,sn74lvc2442.pdf,sn74lvc2442.png
sn74lvc2509,Components,fail:alldatasheet_no_download_link,https://www.alldatasheet.com/,sn74lvc2509.pdf,sn74lvc2509.png
sn74lvc2510,Components,fail:alldatasheet_no_download_link,https://www.alldatasheet.com/,sn74lvc2510.pdf,sn74lvc2510.png
sn74lvc2524,Components,fail:alldatasheet_no_download_link,https://www.alldatasheet.com/,sn74lvc2524.pdf,sn74lvc2524.png
sn74lvc2525,Components,fail:alldatasheet_no_download_link,https://www.alldatasheet.com/,sn74lvc2525.pdf,sn74lvc2525.png
sn74lvc2526,Components,fail:alldatasheet_no_download_link,https://www.alldatasheet.com/,sn74lvc2526.pdf,sn74lvc2526.png
sn74lvc2533,Components,fail:alldatasheet_no_download_link,https://www.alldatasheet.com/,sn74lvc2533.pdf,sn74lvc2533.png
sn74lvc2534,Components,fail:alldatasheet_no_download_link,https://www.alldatasheet.com/,sn74lvc2534.pdf,sn74lvc2534.png
sn74lvc2540,Components,fail:alldatasheet_no_download_link,https://www.alldatasheet.com/,sn74lvc2540.pdf,sn74lvc2540.png
sn74lvc2541,Components,fail:alldatasheet_no_download_link,https://www.alldatasheet.com/,sn74lvc2541.pdf,sn74lvc2541.png
sn74lvc2543,Components,fail:alldatasheet_no_download_link,https://www.alldatasheet.com/,sn74lvc2543.pdf,sn74lvc2543.png
sn74lvc2544,Components,fail:alldatasheet_no_download_link,https://www.alldatasheet.com/,sn74lvc2544.pdf,sn74lvc2544.png
sn74lvc2564,Components,fail:alldatasheet_no_download_link,https://www.alldatasheet.com/,sn74lvc2564.pdf,sn74lvc2564.png
sn74lvc2573,Components,fail:alldatasheet_no_download_link,https://www.alldatasheet.com/,sn74lvc2573.pdf,sn74lvc2573.png
sn74lvc2574,Components,fail:alldatasheet_no_download_link,https://www.alldatasheet.com/,sn74lvc2574.pdf,sn74lvc2574.png
sn74lvc2620,Components,fail:alldatasheet_no_download_link,https://www.alldatasheet.com/,sn74lvc2620.pdf,sn74lvc2620.png
sn74lvc2623,Components,fail:alldatasheet_no_download_link,https://www.alldatasheet.com/,sn74lvc2623.pdf,sn74lvc2623.png
sn74lvc2640,Components,fail:alldatasheet_no_download_link,https://www.alldatasheet.com/,sn74lvc2640.pdf,sn74lvc2640.png
sn74lvc2643,Components,fail:alldatasheet_no_download_link,https://www.alldatasheet.com/,sn74lvc2643.pdf,sn74lvc2643.png
sn74lvc2645,Components,fail:alldatasheet_no_download_link,https://www.alldatasheet.com/,sn74lvc2645.pdf,sn74lvc2645.png
sn74lvc2646,Components,fail:alldatasheet_no_download_link,https://www.alldatasheet.com/,sn74lvc2646.pdf,sn74lvc2646.png
sn74lvc2648,Components,fail:alldatasheet_no_download_link,https://www.alldatasheet.com/,sn74lvc2648.pdf,sn74lvc2648.png
sn74lvc2651,Components,fail:alldatasheet_no_download_link,https://www.alldatasheet.com/,sn74lvc2651.pdf,sn74lvc2651.png
sn74lvc2652,Components,fail:alldatasheet_no_download_link,https://www.alldatasheet.com/,sn74lvc2652.pdf,sn74lvc2652.png
sn74lvc2725,Components,fail:alldatasheet_no_download_link,https://www.alldatasheet.com/,sn74lvc2725.pdf,sn74lvc2725.png
sn74lvc2726,Components,fail:alldatasheet_no_download_link,https://www.alldatasheet.com/,sn74lvc2726.pdf,sn74lvc2726.png
sn74lvc2821,Components,fail:alldatasheet_no_download_link,https://www.alldatasheet.com/,sn74lvc2821.pdf,sn74lvc2821.png
sn74lvc2823,Components,fail:alldatasheet_no_download_link,https://www.alldatasheet.com/,sn74lvc2823.pdf,sn74lvc2823.png
sn74lvc2825,Components,fail:alldatasheet_no_download_link,https://www.alldatasheet.com/,sn74lvc2825.pdf,sn74lvc2825.png
sn74lvc2827,Components,fail:alldatasheet_no_download_link,https://www.alldatasheet.com/,sn74lvc2827.pdf,sn74lvc2827.png
sn74lvc2828,Components,fail:alldatasheet_no_download_link,https://www.alldatasheet.com/,sn74lvc2828.pdf,sn74lvc2828.png
sn74lvc2833,Components,fail:alldatasheet_no_download_link,https://www.alldatasheet.com/,sn74lvc2833.pdf,sn74lvc2833.png
sn74lvc2841,Components,fail:alldatasheet_no_download_link,https://www.alldatasheet.com/,sn74lvc2841.pdf,sn74lvc2841.png
sn74lvc2843,Components,fail:alldatasheet_no_download_link,https://www.alldatasheet.com/,sn74lvc2843.pdf,sn74lvc2843.png
sn74lvc2845,Components,fail:alldatasheet_no_download_link,https://www.alldatasheet.com/,sn74lvc2845.pdf,sn74lvc2845.png
sn74lvc2853,Components,fail:alldatasheet_no_download_link,https://www.alldatasheet.com/,sn74lvc2853.pdf,sn74lvc2853.png
sn74lvc2861,Components,fail:alldatasheet_no_download_link,https://www.alldatasheet.com/,sn74lvc2861.pdf,sn74lvc2861.png
sn74lvc2862,Components,fail:alldatasheet_no_download_link,https://www.alldatasheet.com/,sn74lvc2862.pdf,sn74lvc2862.png
sn74lvc2863,Components,fail:alldatasheet_no_download_link,https://www.alldatasheet.com/,sn74lvc2863.pdf,sn74lvc2863.png
sn74lvc2864,Components,fail:alldatasheet_no_download_link,https://www.alldatasheet.com/,sn74lvc2864.pdf,sn74lvc2864.png
sn74lvc2952,Components,fail:alldatasheet_no_download_link,https://www.alldatasheet.com/,sn74lvc2952.pdf,sn74lvc2952.png
sn74lvc2953,Components,fail:alldatasheet_no_download_link,https://www.alldatasheet.com/,sn74lvc2953.pdf,sn74lvc2953.png
sn74lvc2960,Components,fail:alldatasheet_no_download_link,https://www.alldatasheet.com/,sn74lvc2960.pdf,sn74lvc2960.png
sn74lvc2961,Components,fail:alldatasheet_no_download_link,https://www.alldatasheet.com/,sn74lvc2961.pdf,sn74lvc2961.png
sn74lvc2962,Components,fail:alldatasheet_no_download_link,https://www.alldatasheet.com/,sn74lvc2962.pdf,sn74lvc2962.png
sn74lvc2967,Components,fail:alldatasheet_no_download_link,https://www.alldatasheet.com/,sn74lvc2967.pdf,sn74lvc2967.png
sn74lvc2968,Components,fail:alldatasheet_no_download_link,https://www.alldatasheet.com/,sn74lvc2968.pdf,sn74lvc2968.png
sn74lvc2969,Components,fail:alldatasheet_no_download_link,https://www.alldatasheet.com/,sn74lvc2969.pdf,sn74lvc2969.png
sn74lvc2970,Components,fail:alldatasheet_no_download_link,https://www.alldatasheet.com/,sn74lvc2970.pdf,sn74lvc2970.png
sn74lvc2982,Components,fail:alldatasheet_no_download_link,https://www.alldatasheet.com/,sn74lvc2982.pdf,sn74lvc2982.png
sn74lvc2984,Components,fail:alldatasheet_no_download_link,https://www.alldatasheet.com/,sn74lvc2984.pdf,sn74lvc2984.png
sn74lvc2985,Components,fail:alldatasheet_no_download_link,https://www.alldatasheet.com/,sn74lvc2985.pdf,sn74lvc2985.png
sn74lvc2986,Components,fail:alldatasheet_no_download_link,https://www.alldatasheet.com/,sn74lvc2986.pdf,sn74lvc2986.png
sn74lvc2999,Components,fail:alldatasheet_no_download_link,https://www.alldatasheet.com/,sn74lvc2999.pdf,sn74lvc2999.png
sn74lvc3000,Components,fail:alldatasheet_no_download_link,https://www.alldatasheet.com/,sn74lvc3000.pdf,sn74lvc3000.png
sn74lvc3004,Components,fail:alldatasheet_no_download_link,https://www.alldatasheet.com/,sn74lvc3004.pdf,sn74lvc3004.png
sn74lvc3037,Components,fail:alldatasheet_no_download_link,https://www.alldatasheet.com/,sn74lvc3037.pdf,sn74lvc3037.png
sn74lvc3038,Components,fail:alldatasheet_no_download_link,https://www.alldatasheet.com/,sn74lvc3038.pdf,sn74lvc3038.png
sn74lvc3040,Components,fail:alldatasheet_no_download_link,https://www.alldatasheet.com/,sn74lvc3040.pdf,sn74lvc3040.png
sn74lvc3125,Components,fail:alldatasheet_no_download_link,https://www.alldatasheet.com/,sn74lvc3125.pdf,sn74lvc3125.png
sn74lvc3126,Components,fail:alldatasheet_no_download_link,https://www.alldatasheet.com/,sn74lvc3126.pdf,sn74lvc3126.png
sn74lvc3222,Components,fail:alldatasheet_no_download_link,https://www.alldatasheet.com/,sn74lvc3222.pdf,sn74lvc3222.png
sn74lvc3223,Components,fail:alldatasheet_no_download_link,https://www.alldatasheet.com/,sn74lvc3223.pdf,sn74lvc3223.png
sn74lvc3224,Components,fail:alldatasheet_no_download_link,https://www.alldatasheet.com/,sn74lvc3224.pdf,sn74lvc3224.png
sn74lvc3231,Components,fail:alldatasheet_no_download_link,https://www.alldatasheet.com/,sn74lvc3231.pdf,sn74lvc3231.png
sn74lvc3237,Components,fail:alldatasheet_no_download_link,https://www.alldatasheet.com/,sn74lvc3237.pdf,sn74lvc3237.png
sn74lvc3242,Components,fail:alldatasheet_no_download_link,https://www.alldatasheet.com/,sn74lvc3242.pdf,sn74lvc3242.png
sn74lvc3250,Components,fail:alldatasheet_no_download_link,https://www.alldatasheet.com/,sn74lvc3250.pdf,sn74lvc3250.png
sn74lvc3251,Components,fail:alldatasheet_no_download_link,https://www.alldatasheet.com/,sn74lvc3251.pdf,sn74lvc3251.png
sn74lvc3253,Components,fail:alldatasheet_no_download_link,https://www.alldatasheet.com/,sn74lvc3253.pdf,sn74lvc3253.png
sn74lvc3254,Components,fail:alldatasheet_no_download_link,https://www.alldatasheet.com/,sn74lvc3254.pdf,sn74lvc3254.png
sn74lvc3257,Components,fail:alldatasheet_no_download_link,https://www.alldatasheet.com/,sn74lvc3257.pdf,sn74lvc3257.png
sn74lvc3283,Components,fail:alldatasheet_no_download_link,https://www.alldatasheet.com/,sn74lvc3283.pdf,sn74lvc3283.png
sn74lvc3284,Components,fail:alldatasheet_no_download_link,https://www.alldatasheet.com/,sn74lvc3284.pdf,sn74lvc3284.png
sn74lvc3297,Components,fail:alldatasheet_no_download_link,https://www.alldatasheet.com/,sn74lvc3297.pdf,sn74lvc3297.png
sn74lvc3305,Components,fail:alldatasheet_no_download_link,https://www.alldatasheet.com/,sn74lvc3305.pdf,sn74lvc3305.png
sn74lvc3306,Components,fail:alldatasheet_no_download_link,https://www.alldatasheet.com/,sn74lvc3306.pdf,sn74lvc3306.png
sn74lvc3345,Components,fail:alldatasheet_no_download_link,https://www.alldatasheet.com/,sn74lvc3345.pdf,sn74lvc3345.png
sn74lvc3374,Components,fail:alldatasheet_no_download_link,https://www.alldatasheet.com/,sn74lvc3374.pdf,sn74lvc3374.png
sn74lvc3383,Components,fail:alldatasheet_no_download_link,https://www.alldatasheet.com/,sn74lvc3383.pdf,sn74lvc3383.png
sn74lvc3384,Components,fail:alldatasheet_no_download_link,https://www.alldatasheet.com/,sn74lvc3384.pdf,sn74lvc3384.png
sn74lvc3386,Components,fail:alldatasheet_no_download_link,https://www.alldatasheet.com/,sn74lvc3386.pdf,sn74lvc3386.png
sn74lvc3390,Components,fail:alldatasheet_no_download_link,https://www.alldatasheet.com/,sn74lvc3390.pdf,sn74lvc3390.png
sn74lvc3573,Components,fail:alldatasheet_no_download_link,https://www.alldatasheet.com/,sn74lvc3573.pdf,sn74lvc3573.png
sn74lvc3574,Components,fail:alldatasheet_no_download_link,https://www.alldatasheet.com/,sn74lvc3574.pdf,sn74lvc3574.png
sn74lvc3584,Components,fail:alldatasheet_no_download_link,https://www.alldatasheet.com/,sn74lvc3584.pdf,sn74lvc3584.png
sn74lvc3611,Components,fail:alldatasheet_no_download_link,https://www.alldatasheet.com/,sn74lvc3611.pdf,sn74lvc3611.png
sn74lvc3612,Components,fail:alldatasheet_no_download_link,https://www.alldatasheet.com/,sn74lvc3612.pdf,sn74lvc3612.png
sn74lvc3613,Components,fail:alldatasheet_no_download_link,https://www.alldatasheet.com/,sn74lvc3613.pdf,sn74lvc3613.png
sn74lvc3614,Components,fail:alldatasheet_no_download_link,https://www.alldatasheet.com/,sn74lvc3614.pdf,sn74lvc3614.png
sn74lvc3622,Components,fail:alldatasheet_no_download_link,https://www.alldatasheet.com/,sn74lvc3622.pdf,sn74lvc3622.png
sn74lvc3631,Components,fail:alldatasheet_no_download_link,https://www.alldatasheet.com/,sn74lvc3631.pdf,sn74lvc3631.png
sn74lvc3632,Components,fail:alldatasheet_no_download_link,https://www.alldatasheet.com/,sn74lvc3632.pdf,sn74lvc3632.png
sn74lvc3638,Components,fail:alldatasheet_no_download_link,https://www.alldatasheet.com/,sn74lvc3638.pdf,sn74lvc3638.png
sn74lvc3641,Components,fail:alldatasheet_no_download_link,https://www.alldatasheet.com/,sn74lvc3641.pdf,sn74lvc3641.png
sn74lvc3642,Components,fail:alldatasheet_no_download_link,https://www.alldatasheet.com/,sn74lvc3642.pdf,sn74lvc3642.png
sn74lvc3651,Components,fail:alldatasheet_no_download_link,https://www.alldatasheet.com/,sn74lvc3651.pdf,sn74lvc3651.png
sn74lvc3708,Components,fail:alldatasheet_no_download_link,https://www.alldatasheet.com/,sn74lvc3708.pdf,sn74lvc3708.png
sn74lvc3807,Components,fail:alldatasheet_no_download_link,https://www.alldatasheet.com/,sn74lvc3807.pdf,sn74lvc3807.png
sn74lvc3827,Components,fail:alldatasheet_no_download_link,https://www.alldatasheet.com/,sn74lvc3827.pdf,sn74lvc3827.png
sn74lvc3861,Components,fail:alldatasheet_no_download_link,https://www.alldatasheet.com/,sn74lvc3861.pdf,sn74lvc3861.png
sn74lvc3862,Components,fail:alldatasheet_no_download_link,https://www.alldatasheet.com/,sn74lvc3862.pdf,sn74lvc3862.png
sn74lvc3893,Components,fail:alldatasheet_no_download_link,https://www.alldatasheet.com/,sn74lvc3893.pdf,sn74lvc3893.png
sn74lvc3907,Components,fail:alldatasheet_no_download_link,https://www.alldatasheet.com/,sn74lvc3907.pdf,sn74lvc3907.png
sn74lvc3932,Components,fail:alldatasheet_no_download_link,https://www.alldatasheet.com/,sn74lvc3932.pdf,sn74lvc3932.png
sn74lvc3999,Components,fail:alldatasheet_no_download_link,https://www.alldatasheet.com/,sn74lvc3999.pdf,sn74lvc3999.png
sn74lvc4000,Components,fail:alldatasheet_no_download_link,https://www.alldatasheet.com/,sn74lvc4000.pdf,sn74lvc4000.png
sn74lvc4002,Components,fail:alldatasheet_no_download_link,https://www.alldatasheet.com/,sn74lvc4002.pdf,sn74lvc4002.png
sn74lvc4010,Components,fail:alldatasheet_no_download_link,https://www.alldatasheet.com/,sn74lvc4010.pdf,sn74lvc4010.png
sn74lvc4015,Components,fail:alldatasheet_no_download_link,https://www.alldatasheet.com/,sn74lvc4015.pdf,sn74lvc4015.png
sn74lvc4016,Components,fail:alldatasheet_no_download_link,https://www.alldatasheet.com/,sn74lvc4016.pdf,sn74lvc4016.png
sn74lvc4017,Components,fail:alldatasheet_no_download_link,https://www.alldatasheet.com/,sn74lvc4017.pdf,sn74lvc4017.png
sn74lvc4020,Components,fail:alldatasheet_no_download_link,https://www.alldatasheet.com/,sn74lvc4020.pdf,sn74lvc4020.png
sn74lvc4022,Components,fail:alldatasheet_no_download_link,https://www.alldatasheet.com/,sn74lvc4022.pdf,sn74lvc4022.png
sn74lvc4024,Components,fail:alldatasheet_no_download_link,https://www.alldatasheet.com/,sn74lvc4024.pdf,sn74lvc4024.png
sn74lvc4028,Components,fail:alldatasheet_no_download_link,https://www.alldatasheet.com/,sn74lvc4028.pdf,sn74lvc4028.png
sn74lvc4040,Components,fail:alldatasheet_no_download_link,https://www.alldatasheet.com/,sn74lvc4040.pdf,sn74lvc4040.png
sn74lvc4046,Components,fail:alldatasheet_no_download_link,https://www.alldatasheet.com/,sn74lvc4046.pdf,sn74lvc4046.png
sn74lvc4049,Components,fail:alldatasheet_no_download_link,https://www.alldatasheet.com/,sn74lvc4049.pdf,sn74lvc4049.png
sn74lvc4050,Components,fail:alldatasheet_no_download_link,https://www.alldatasheet.com/,sn74lvc4050.pdf,sn74lvc4050.png
sn74lvc4051,Components,fail:alldatasheet_no_download_link,https://www.alldatasheet.com/,sn74lvc4051.pdf,sn74lvc4051.png
sn74lvc4052,Components,fail:alldatasheet_no_download_link,https://www.alldatasheet.com/,sn74lvc4052.pdf,sn74lvc4052.png
sn74lvc4053,Components,fail:alldatasheet_no_download_link,https://www.alldatasheet.com/,sn74lvc4053.pdf,sn74lvc4053.png
sn74lvc4059,Components,fail:alldatasheet_no_download_link,https://www.alldatasheet.com/,sn74lvc4059.pdf,sn74lvc4059.png
sn74lvc4060,Components,fail:alldatasheet_no_download_link,https://www.alldatasheet.com/,sn74lvc4060.pdf,sn74lvc4060.png
sn74lvc4061,Components,fail:alldatasheet_no_download_link,https://www.alldatasheet.com/,sn74lvc4061.pdf,sn74lvc4061.png
sn74lvc4066,Components,fail:alldatasheet_no_download_link,https://www.alldatasheet.com/,sn74lvc4066.pdf,sn74lvc4066.png
sn74lvc4067,Components,fail:alldatasheet_no_download_link,https://www.alldatasheet.com/,sn74lvc4067.pdf,sn74lvc4067.png
sn74lvc4072,Components,fail:alldatasheet_no_download_link,https://www.alldatasheet.com/,sn74lvc4072.pdf,sn74lvc4072.png
sn74lvc4075,Components,fail:alldatasheet_no_download_link,https://www.alldatasheet.com/,sn74lvc4075.pdf,sn74lvc4075.png
sn74lvc4078,Components,fail:alldatasheet_no_download_link,https://www.alldatasheet.com/,sn74lvc4078.pdf,sn74lvc4078.png
sn74lvc4094,Components,fail:alldatasheet_no_download_link,https://www.alldatasheet.com/,sn74lvc4094.pdf,sn74lvc4094.png
sn74lvc4102,Components,fail:alldatasheet_no_download_link,https://www.alldatasheet.com/,sn74lvc4102.pdf,sn74lvc4102.png
sn74lvc4103,Components,fail:alldatasheet_no_download_link,https://www.alldatasheet.com/,sn74lvc4103.pdf,sn74lvc4103.png
sn74lvc4245,Components,fail:alldatasheet_no_download_link,https://www.alldatasheet.com/,sn74lvc4245.pdf,sn74lvc4245.png
sn74lvc4301,Components,fail:alldatasheet_no_download_link,https://www.alldatasheet.com/,sn74lvc4301.pdf,sn74lvc4301.png
sn74lvc4302,Components,fail:alldatasheet_no_download_link,https://www.alldatasheet.com/,sn74lvc4302.pdf,sn74lvc4302.png
sn74lvc4303,Components,fail:alldatasheet_no_download_link,https://www.alldatasheet.com/,sn74lvc4303.pdf,sn74lvc4303.png
sn74lvc4304,Components,fail:alldatasheet_no_download_link,https://www.alldatasheet.com/,sn74lvc4304.pdf,sn74lvc4304.png
sn74lvc4305,Components,fail:alldatasheet_no_download_link,https://www.alldatasheet.com/,sn74lvc4305.pdf,sn74lvc4305.png
sn74lvc4306,Components,fail:alldatasheet_no_download_link,https://www.alldatasheet.com/,sn74lvc4306.pdf,sn74lvc4306.png
sn74lvc4316,Components,fail:alldatasheet_no_download_link,https://www.alldatasheet.com/,sn74lvc4316.pdf,sn74lvc4316.png
sn74lvc4351,Components,fail:alldatasheet_no_download_link,https://www.alldatasheet.com/,sn74lvc4351.pdf,sn74lvc4351.png
sn74lvc4352,Components,fail:alldatasheet_no_download_link,https://www.alldatasheet.com/,sn74lvc4352.pdf,sn74lvc4352.png
sn74lvc4353,Components,fail:alldatasheet_no_download_link,https://www.alldatasheet.com/,sn74lvc4353.pdf,sn74lvc4353.png
sn74lvc4374,Components,fail:alldatasheet_no_download_link,https://www.alldatasheet.com/,sn74lvc4374.pdf,sn74lvc4374.png
sn74lvc4503,Components,fail:alldatasheet_no_download_link,https://www.alldatasheet.com/,sn74lvc4503.pdf,sn74lvc4503.png
sn74lvc4510,Components,fail:alldatasheet_no_download_link,https://www.alldatasheet.com/,sn74lvc4510.pdf,sn74lvc4510.png
sn74lvc4511,Components,fail:alldatasheet_no_download_link,https://www.alldatasheet.com/,sn74lvc4511.pdf,sn74lvc4511.png
sn74lvc4514,Components,fail:alldatasheet_no_download_link,https://www.alldatasheet.com/,sn74lvc4514.pdf,sn74lvc4514.png
sn74lvc4515,Components,fail:alldatasheet_no_download_link,https://www.alldatasheet.com/,sn74lvc4515.pdf,sn74lvc4515.png
sn74lvc4516,Components,fail:alldatasheet_no_download_link,https://www.alldatasheet.com/,sn74lvc4516.pdf,sn74lvc4516.png
sn74lvc4518,Components,fail:alldatasheet_no_download_link,https://www.alldatasheet.com/,sn74lvc4518.pdf,sn74lvc4518.png
sn74lvc4520,Components,fail:alldatasheet_no_download_link,https://www.alldatasheet.com/,sn74lvc4520.pdf,sn74lvc4520.png
sn74lvc4538,Components,fail:alldatasheet_no_download_link,https://www.alldatasheet.com/,sn74lvc4538.pdf,sn74lvc4538.png
sn74lvc4543,Components,fail:alldatasheet_no_download_link,https://www.alldatasheet.com/,sn74lvc4543.pdf,sn74lvc4543.png
sn74lvc4560,Components,fail:alldatasheet_no_download_link,https://www.alldatasheet.com/,sn74lvc4560.pdf,sn74lvc4560.png
sn74lvc4724,Components,fail:alldatasheet_no_download_link,https://www.alldatasheet.com/,sn74lvc4724.pdf,sn74lvc4724.png
sn74lvc4764,Components,fail:alldatasheet_no_download_link,https://www.alldatasheet.com/,sn74lvc4764.pdf,sn74lvc4764.png
sn74lvc4799,Components,fail:alldatasheet_no_download_link,https://www.alldatasheet.com/,sn74lvc4799.pdf,sn74lvc4799.png
sn74lvc4851,Components,fail:alldatasheet_no_download_link,https://www.alldatasheet.com/,sn74lvc4851.pdf,sn74lvc4851.png
sn74lvc4852,Components,fail:alldatasheet_no_download_link,https://www.alldatasheet.com/,sn74lvc4852.pdf,sn74lvc4852.png
sn74lvc5074,Components,fail:alldatasheet_no_download_link,https://www.alldatasheet.com/,sn74lvc5074.pdf,sn74lvc5074.png
sn74lvc5245,Components,fail:alldatasheet_no_download_link,https://www.alldatasheet.com/,sn74lvc5245.pdf,sn74lvc5245.png
sn74lvc5300,Components,fail:alldatasheet_no_download_link,https://www.alldatasheet.com/,sn74lvc5300.pdf,sn74lvc5300.png
sn74lvc5302,Components,fail:alldatasheet_no_download_link,https://www.alldatasheet.com/,sn74lvc5302.pdf,sn74lvc5302.png
sn74lvc5400,Components,fail:alldatasheet_no_download_link,https://www.alldatasheet.com/,sn74lvc5400.pdf,sn74lvc5400.png
sn74lvc5401,Components,fail:alldatasheet_no_download_link,https://www.alldatasheet.com/,sn74lvc5401.pdf,sn74lvc5401.png
sn74lvc5402,Components,fail:alldatasheet_no_download_link,https://www.alldatasheet.com/,sn74lvc5402.pdf,sn74lvc5402.png
sn74lvc5403,Components,fail:alldatasheet_no_download_link,https://www.alldatasheet.com/,sn74lvc5403.pdf,sn74lvc5403.png
sn74lvc5555,Components,fail:alldatasheet_no_download_link,https://www.alldatasheet.com/,sn74lvc5555.pdf,sn74lvc5555.png
sn74lvc5620,Components,fail:alldatasheet_no_download_link,https://www.alldatasheet.com/,sn74lvc5620.pdf,sn74lvc5620.png
sn74lvc5999,Components,fail:alldatasheet_no_download_link,https://www.alldatasheet.com/,sn74lvc5999.pdf,sn74lvc5999.png
sn74lvc6000,Components,fail:alldatasheet_no_download_link,https://www.alldatasheet.com/,sn74lvc6000.pdf,sn74lvc6000.png
sn74lvc6001,Components,fail:alldatasheet_no_download_link,https://www.alldatasheet.com/,sn74lvc6001.pdf,sn74lvc6001.png
sn74lvc6010,Components,fail:alldatasheet_no_download_link,https://www.alldatasheet.com/,sn74lvc6010.pdf,sn74lvc6010.png
sn74lvc6011,Components,fail:alldatasheet_no_download_link,https://www.alldatasheet.com/,sn74lvc6011.pdf,sn74lvc6011.png
sn74lvc6300,Components,fail:alldatasheet_no_download_link,https://www.alldatasheet.com/,sn74lvc6300.pdf,sn74lvc6300.png
sn74lvc6301,Components,fail:alldatasheet_no_download_link,https://www.alldatasheet.com/,sn74lvc6301.pdf,sn74lvc6301.png
sn74lvc6302,Components,fail:alldatasheet_no_download_link,https://www.alldatasheet.com/,sn74lvc6302.pdf,sn74lvc6302.png
sn74lvc6310,Components,fail:alldatasheet_no_download_link,https://www.alldatasheet.com/,sn74lvc6310.pdf,sn74lvc6310.png
sn74lvc6311,Components,fail:alldatasheet_no_download_link,https://www.alldatasheet.com/,sn74lvc6311.pdf,sn74lvc6311.png
sn74lvc6323,Components,fail:alldatasheet_no_download_link,https://www.alldatasheet.com/,sn74lvc6323.pdf,sn74lvc6323.png
sn74lvc6364,Components,fail:alldatasheet_no_download_link,https://www.alldatasheet.com/,sn74lvc6364.pdf,sn74lvc6364.png
sn74lvc6800,Components,fail:alldatasheet_no_download_link,https://www.alldatasheet.com/,sn74lvc6800.pdf,sn74lvc6800.png
sn74lvc6845,Components,fail:alldatasheet_no_download_link,https://www.alldatasheet.com/,sn74lvc6845.pdf,sn74lvc6845.png
sn74lvc7001,Components,fail:alldatasheet_no_download_link,https://www.alldatasheet.com/,sn74lvc7001.pdf,sn74lvc7001.png
sn74lvc7002,Components,fail:alldatasheet_no_download_link,https://www.alldatasheet.com/,sn74lvc7002.pdf,sn74lvc7002.png
sn74lvc7003,Components,fail:alldatasheet_no_download_link,https://www.alldatasheet.com/,sn74lvc7003.pdf,sn74lvc7003.png
sn74lvc7006,Components,fail:alldatasheet_no_download_link,https://www.alldatasheet.com/,sn74lvc7006.pdf,sn74lvc7006.png
sn74lvc7007,Components,fail:alldatasheet_no_download_link,https://www.alldatasheet.com/,sn74lvc7007.pdf,sn74lvc7007.png
sn74lvc7008,Components,fail:alldatasheet_no_download_link,https://www.alldatasheet.com/,sn74lvc7008.pdf,sn74lvc7008.png
sn74lvc7014,Components,fail:alldatasheet_no_download_link,https://www.alldatasheet.com/,sn74lvc7014.pdf,sn74lvc7014.png
sn74lvc7022,Components,fail:alldatasheet_no_download_link,https://www.alldatasheet.com/,sn74lvc7022.pdf,sn74lvc7022.png
sn74lvc7030,Components,fail:alldatasheet_no_download_link,https://www.alldatasheet.com/,sn74lvc7030.pdf,sn74lvc7030.png
sn74lvc7032,Components,fail:alldatasheet_no_download_link,https://www.alldatasheet.com/,sn74lvc7032.pdf,sn74lvc7032.png
sn74lvc7038,Components,fail:alldatasheet_no_download_link,https://www.alldatasheet.com/,sn74lvc7038.pdf,sn74lvc7038.png
sn74lvc7046,Components,fail:alldatasheet_no_download_link,https://www.alldatasheet.com/,sn74lvc7046.pdf,sn74lvc7046.png
sn74lvc7060,Components,fail:alldatasheet_no_download_link,https://www.alldatasheet.com/,sn74lvc7060.pdf,sn74lvc7060.png
sn74lvc7074,Components,fail:alldatasheet_no_download_link,https://www.alldatasheet.com/,sn74lvc7074.pdf,sn74lvc7074.png
sn74lvc7075,Components,fail:alldatasheet_no_download_link,https://www.alldatasheet.com/,sn74lvc7075.pdf,sn74lvc7075.png
sn74lvc7076,Components,fail:alldatasheet_no_download_link,https://www.alldatasheet.com/,sn74lvc7076.pdf,sn74lvc7076.png
sn74lvc7080,Components,fail:alldatasheet_no_download_link,https://www.alldatasheet.com/,sn74lvc7080.pdf,sn74lvc7080.png
sn74lvc7132,Components,fail:alldatasheet_no_download_link,https://www.alldatasheet.com/,sn74lvc7132.pdf,sn74lvc7132.png
sn74lvc7200,Components,fail:alldatasheet_no_download_link,https://www.alldatasheet.com/,sn74lvc7200.pdf,sn74lvc7200.png
sn74lvc7201,Components,fail:alldatasheet_no_download_link,https://www.alldatasheet.com/,sn74lvc7201.pdf,sn74lvc7201.png
sn74lvc7202,Components,fail:alldatasheet_no_download_link,https://www.alldatasheet.com/,sn74lvc7202.pdf,sn74lvc7202.png
sn74lvc7203,Components,fail:alldatasheet_no_download_link,https://www.alldatasheet.com/,sn74lvc7203.pdf,sn74lvc7203.png
sn74lvc7205,Components,fail:alldatasheet_no_download_link,https://www.alldatasheet.com/,sn74lvc7205.pdf,sn74lvc7205.png
sn74lvc7206,Components,fail:alldatasheet_no_download_link,https://www.alldatasheet.com/,sn74lvc7206.pdf,sn74lvc7206.png
sn74lvc7240,Components,fail:alldatasheet_no_download_link,https://www.alldatasheet.com/,sn74lvc7240.pdf,sn74lvc7240.png
sn74lvc7241,Components,fail:alldatasheet_no_download_link,https://www.alldatasheet.com/,sn74lvc7241.pdf,sn74lvc7241.png
sn74lvc7244,Components,fail:alldatasheet_no_download_link,https://www.alldatasheet.com/,sn74lvc7244.pdf,sn74lvc7244.png
sn74lvc7245,Components,fail:alldatasheet_no_download_link,https://www.alldatasheet.com/,sn74lvc7245.pdf,sn74lvc7245.png
sn74lvc7266,Components,fail:alldatasheet_no_download_link,https://www.alldatasheet.com/,sn74lvc7266.pdf,sn74lvc7266.png
sn74lvc7273,Components,fail:alldatasheet_no_download_link,https://www.alldatasheet.com/,sn74lvc7273.pdf,sn74lvc7273.png
sn74lvc7292,Components,fail:alldatasheet_no_download_link,https://www.alldatasheet.com/,sn74lvc7292.pdf,sn74lvc7292.png
sn74lvc7294,Components,fail:alldatasheet_no_download_link,https://www.alldatasheet.com/,sn74lvc7294.pdf,sn74lvc7294.png
sn74lvc7340,Components,fail:alldatasheet_no_download_link,https://www.alldatasheet.com/,sn74lvc7340.pdf,sn74lvc7340.png
sn74lvc7403,Components,fail:alldatasheet_no_download_link,https://www.alldatasheet.com/,sn74lvc7403.pdf,sn74lvc7403.png
sn74lvc7404,Components,fail:alldatasheet_no_download_link,https://www.alldatasheet.com/,sn74lvc7404.pdf,sn74lvc7404.png
sn74lvc7540,Components,fail:alldatasheet_no_download_link,https://www.alldatasheet.com/,sn74lvc7540.pdf,sn74lvc7540.png
sn74lvc7541,Components,fail:alldatasheet_no_download_link,https://www.alldatasheet.com/,sn74lvc7541.pdf,sn74lvc7541.png
sn74lvc7597,Components,fail:alldatasheet_no_download_link,https://www.alldatasheet.com/,sn74lvc7597.pdf,sn74lvc7597.png
sn74lvc7623,Components,fail:alldatasheet_no_download_link,https://www.alldatasheet.com/,sn74lvc7623.pdf,sn74lvc7623.png
sn74lvc7640,Components,fail:alldatasheet_no_download_link,https://www.alldatasheet.com/,sn74lvc7640.pdf,sn74lvc7640.png
sn74lvc7643,Components,fail:alldatasheet_no_download_link,https://www.alldatasheet.com/,sn74lvc7643.pdf,sn74lvc7643.png
sn74lvc7645,Components,fail:alldatasheet_no_download_link,https://www.alldatasheet.com/,sn74lvc7645.pdf,sn74lvc7645.png
sn74lvc7731,Components,fail:alldatasheet_no_download_link,https://www.alldatasheet.com/,sn74lvc7731.pdf,sn74lvc7731.png
sn74lvc7793,Components,fail:alldatasheet_no_download_link,https://www.alldatasheet.com/,sn74lvc7793.pdf,sn74lvc7793.png
sn74lvc7801,Components,fail:alldatasheet_no_download_link,https://www.alldatasheet.com/,sn74lvc7801.pdf,sn74lvc7801.png
sn74lvc7802,Components,fail:alldatasheet_no_download_link,https://www.alldatasheet.com/,sn74lvc7802.pdf,sn74lvc7802.png
sn74lvc7803,Components,fail:alldatasheet_no_download_link,https://www.alldatasheet.com/,sn74lvc7803.pdf,sn74lvc7803.png
sn74lvc7804,Components,fail:alldatasheet_no_download_link,https://www.alldatasheet.com/,sn74lvc7804.pdf,sn74lvc7804.png
sn74lvc7805,Components,fail:alldatasheet_no_download_link,https://www.alldatasheet.com/,sn74lvc7805.pdf,sn74lvc7805.png
sn74lvc7806,Components,fail:alldatasheet_no_download_link,https://www.alldatasheet.com/,sn74lvc7806.pdf,sn74lvc7806.png
sn74lvc7807,Components,fail:alldatasheet_no_download_link,https://www.alldatasheet.com/,sn74lvc7807.pdf,sn74lvc7807.png
sn74lvc7808,Components,fail:alldatasheet_no_download_link,https://www.alldatasheet.com/,sn74lvc7808.pdf,sn74lvc7808.png
sn74lvc7811,Components,fail:alldatasheet_no_download_link,https://www.alldatasheet.com/,sn74lvc7811.pdf,sn74lvc7811.png
sn74lvc7813,Components,fail:alldatasheet_no_download_link,https://www.alldatasheet.com/,sn74lvc7813.pdf,sn74lvc7813.png
sn74lvc7814,Components,fail:alldatasheet_no_download_link,https://www.alldatasheet.com/,sn74lvc7814.pdf,sn74lvc7814.png
sn74lvc7815,Components,fail:alldatasheet_no_download_link,https://www.alldatasheet.com/,sn74lvc7815.pdf,sn74lvc7815.png
sn74lvc7816,Components,fail:alldatasheet_no_download_link,https://www.alldatasheet.com/,sn74lvc7816.pdf,sn74lvc7816.png
sn74lvc7817,Components,fail:alldatasheet_no_download_link,https://www.alldatasheet.com/,sn74lvc7817.pdf,sn74lvc7817.png
sn74lvc7818,Components,fail:alldatasheet_no_download_link,https://www.alldatasheet.com/,sn74lvc7818.pdf,sn74lvc7818.png
sn74lvc7819,Components,fail:alldatasheet_no_download_link,https://www.alldatasheet.com/,sn74lvc7819.pdf,sn74lvc7819.png
sn74lvc7820,Components,fail:alldatasheet_no_download_link,https://www.alldatasheet.com/,sn74lvc7820.pdf,sn74lvc7820.png
sn74lvc7821,Components,fail:alldatasheet_no_download_link,https://www.alldatasheet.com/,sn74lvc7821.pdf,sn74lvc7821.png
sn74lvc7822,Components,fail:alldatasheet_no_download_link,https://www.alldatasheet.com/,sn74lvc7822.pdf,sn74lvc7822.png
sn74lvc7823,Components,fail:alldatasheet_no_download_link,https://www.alldatasheet.com/,sn74lvc7823.pdf,sn74lvc7823.png
sn74lvc7881,Components,fail:alldatasheet_no_download_link,https://www.alldatasheet.com/,sn74lvc7881.pdf,sn74lvc7881.png
sn74lvc7882,Components,fail:alldatasheet_no_download_link,https://www.alldatasheet.com/,sn74lvc7882.pdf,sn74lvc7882.png
sn74lvc7884,Components,fail:alldatasheet_no_download_link,https://www.alldatasheet.com/,sn74lvc7884.pdf,sn74lvc7884.png
sn74lvc8003,Components,fail:alldatasheet_no_download_link,https://www.alldatasheet.com/,sn74lvc8003.pdf,sn74lvc8003.png
sn74lvc8151,Components,fail:alldatasheet_no_download_link,https://www.alldatasheet.com/,sn74lvc8151.pdf,sn74lvc8151.png
sn74lvc8153,Components,fail:alldatasheet_no_download_link,https://www.alldatasheet.com/,sn74lvc8153.pdf,sn74lvc8153.png
sn74lvc8154,Components,fail:alldatasheet_no_download_link,https://www.alldatasheet.com/,sn74lvc8154.pdf,sn74lvc8154.png
sn74lvc8161,Components,fail:alldatasheet_no_download_link,https://www.alldatasheet.com/,sn74lvc8161.pdf,sn74lvc8161.png
sn74lvc8240,Components,fail:alldatasheet_no_download_link,https://www.alldatasheet.com/,sn74lvc8240.pdf,sn74lvc8240.png
sn74lvc8244,Components,fail:alldatasheet_no_download_link,https://www.alldatasheet.com/,sn74lvc8244.pdf,sn74lvc8244.png
sn74lvc8245,Components,fail:alldatasheet_no_download_link,https://www.alldatasheet.com/,sn74lvc8245.pdf,sn74lvc8245.png
sn74lvc8373,Components,fail:alldatasheet_no_download_link,https://www.alldatasheet.com/,sn74lvc8373.pdf,sn74lvc8373.png
sn74lvc8374,Components,fail:alldatasheet_no_download_link,https://www.alldatasheet.com/,sn74lvc8374.pdf,sn74lvc8374.png
sn74lvc8400,Components,fail:alldatasheet_no_download_link,https://www.alldatasheet.com/,sn74lvc8400.pdf,sn74lvc8400.png
sn74lvc8541,Components,fail:alldatasheet_no_download_link,https://www.alldatasheet.com/,sn74lvc8541.pdf,sn74lvc8541.png
sn74lvc8543,Components,fail:alldatasheet_no_download_link,https://www.alldatasheet.com/,sn74lvc8543.pdf,sn74lvc8543.png
sn74lvc8646,Components,fail:alldatasheet_no_download_link,https://www.alldatasheet.com/,sn74lvc8646.pdf,sn74lvc8646.png
sn74lvc8652,Components,fail:alldatasheet_no_download_link,https://www.alldatasheet.com/,sn74lvc8652.pdf,sn74lvc8652.png
sn74lvc8818,Components,fail:alldatasheet_no_download_link,https://www.alldatasheet.com/,sn74lvc8818.pdf,sn74lvc8818.png
sn74lvc8832,Components,fail:alldatasheet_no_download_link,https://www.alldatasheet.com/,sn74lvc8832.pdf,sn74lvc8832.png
sn74lvc8834,Components,fail:alldatasheet_no_download_link,https://www.alldatasheet.com/,sn74lvc8834.pdf,sn74lvc8834.png
sn74lvc8835,Components,fail:alldatasheet_no_download_link,https://www.alldatasheet.com/,sn74lvc8835.pdf,sn74lvc8835.png
sn74lvc8836,Components,fail:alldatasheet_no_download_link,https://www.alldatasheet.com/,sn74lvc8836.pdf,sn74lvc8836.png
sn74lvc8837,Components,fail:alldatasheet_no_download_link,https://www.alldatasheet.com/,sn74lvc8837.pdf,sn74lvc8837.png
sn74lvc8838,Components,fail:alldatasheet_no_download_link,https://www.alldatasheet.com/,sn74lvc8838.pdf,sn74lvc8838.png
sn74lvc8839,Components,fail:alldatasheet_no_download_link,https://www.alldatasheet.com/,sn74lvc8839.pdf,sn74lvc8839.png
sn74lvc8840,Components,fail:alldatasheet_no_download_link,https://www.alldatasheet.com/,sn74lvc8840.pdf,sn74lvc8840.png
sn74lvc8841,Components,fail:alldatasheet_no_download_link,https://www.alldatasheet.com/,sn74lvc8841.pdf,sn74lvc8841.png
sn74lvc8847,Components,fail:alldatasheet_no_download_link,https://www.alldatasheet.com/,sn74lvc8847.pdf,sn74lvc8847.png
sn74lvc8867,Components,fail:alldatasheet_no_download_link,https://www.alldatasheet.com/,sn74lvc8867.pdf,sn74lvc8867.png
sn74lvc8952,Components,fail:alldatasheet_no_download_link,https://www.alldatasheet.com/,sn74lvc8952.pdf,sn74lvc8952.png
sn74lvc8960,Components,fail:alldatasheet_no_download_link,https://www.alldatasheet.com/,sn74lvc8960.pdf,sn74lvc8960.png
sn74lvc8961,Components,fail:alldatasheet_no_download_link,https://www.alldatasheet.com/,sn74lvc8961.pdf,sn74lvc8961.png
sn74lvc8962,Components,fail:alldatasheet_no_download_link,https://www.alldatasheet.com/,sn74lvc8962.pdf,sn74lvc8962.png
sn74lvc8963,Components,fail:alldatasheet_no_download_link,https://www.alldatasheet.com/,sn74lvc8963.pdf,sn74lvc8963.png
sn74lvc8965,Components,fail:alldatasheet_no_download_link,https://www.alldatasheet.com/,sn74lvc8965.pdf,sn74lvc8965.png
sn74lvc8966,Components,fail:alldatasheet_no_download_link,https://www.alldatasheet.com/,sn74lvc8966.pdf,sn74lvc8966.png
sn74lvc8980,Components,fail:alldatasheet_no_download_link,https://www.alldatasheet.com/,sn74lvc8980.pdf,sn74lvc8980.png
sn74lvc8986,Components,fail:alldatasheet_no_download_link,https://www.alldatasheet.com/,sn74lvc8986.pdf,sn74lvc8986.png
sn74lvc8990,Components,fail:alldatasheet_no_download_link,https://www.alldatasheet.com/,sn74lvc8990.pdf,sn74lvc8990.png
sn74lvc8994,Components,fail:alldatasheet_no_download_link,https://www.alldatasheet.com/,sn74lvc8994.pdf,sn74lvc8994.png
sn74lvc8996,Components,fail:alldatasheet_no_download_link,https://www.alldatasheet.com/,sn74lvc8996.pdf,sn74lvc8996.png
sn74lvc8997,Components,fail:alldatasheet_no_download_link,https://www.alldatasheet.com/,sn74lvc8997.pdf,sn74lvc8997.png
sn74lvc8999,Components,fail:alldatasheet_no_download_link,https://www.alldatasheet.com/,sn74lvc8999.pdf,sn74lvc8999.png
sn74lvc9000,Components,fail:alldatasheet_no_download_link,https://www.alldatasheet.com/,sn74lvc9000.pdf,sn74lvc9000.png
sn74lvc9014,Components,fail:alldatasheet_no_download_link,https://www.alldatasheet.com/,sn74lvc9014.pdf,sn74lvc9014.png
sn74lvc9015,Components,fail:alldatasheet_no_download_link,https://www.alldatasheet.com/,sn74lvc9015.pdf,sn74lvc9015.png
sn74lvc9034,Components,fail:alldatasheet_no_download_link,https://www.alldatasheet.com/,sn74lvc9034.pdf,sn74lvc9034.png
sn74lvc9035,Components,fail:alldatasheet_no_download_link,https://www.alldatasheet.com/,sn74lvc9035.pdf,sn74lvc9035.png
sn74lvc9046,Components,fail:alldatasheet_no_download_link,https://www.alldatasheet.com/,sn74lvc9046.pdf,sn74lvc9046.png
sn74lvc9114,Components,fail:alldatasheet_no_download_link,https://www.alldatasheet.com/,sn74lvc9114.pdf,sn74lvc9114.png
sn74lvc9115,Components,fail:alldatasheet_no_download_link,https://www.alldatasheet.com/,sn74lvc9115.pdf,sn74lvc9115.png
sn74lvc9134,Components,fail:alldatasheet_no_download_link,https://www.alldatasheet.com/,sn74lvc9134.pdf,sn74lvc9134.png
sn74lvc9135,Components,fail:alldatasheet_no_download_link,https://www.alldatasheet.com/,sn74lvc9135.pdf,sn74lvc9135.png
sn74lvc9164,Components,fail:alldatasheet_no_download_link,https://www.alldatasheet.com/,sn74lvc9164.pdf,sn74lvc9164.png
sn74lvc9240,Components,fail:alldatasheet_no_download_link,https://www.alldatasheet.com/,sn74lvc9240.pdf,sn74lvc9240.png
sn74lvc9244,Components,fail:alldatasheet_no_download_link,https://www.alldatasheet.com/,sn74lvc9244.pdf,sn74lvc9244.png
sn74lvc9245,Components,fail:alldatasheet_no_download_link,https://www.alldatasheet.com/,sn74lvc9245.pdf,sn74lvc9245.png
sn74lvc9323,Components,fail:alldatasheet_no_download_link,https://www.alldatasheet.com/,sn74lvc9323.pdf,sn74lvc9323.png
sn74lvc9510,Components,fail:alldatasheet_no_download_link,https://www.alldatasheet.com/,sn74lvc9510.pdf,sn74lvc9510.png
sn74lvc9541,Components,fail:alldatasheet_no_download_link,https://www.alldatasheet.com/,sn74lvc9541.pdf,sn74lvc9541.png
sn74lvc9595,Components,fail:alldatasheet_no_download_link,https://www.alldatasheet.com/,sn74lvc9595.pdf,sn74lvc9595.png
sn74ahc00,Components,ok_no_thumb:thumb_missing,https://www.ti.com/lit/ds/symlink/sn74ahc00.pdf,sn74ahc00.pdf,
sn74ahc01,Components,fail:alldatasheet_no_download_link,https://www.alldatasheet.com/,sn74ahc01.pdf,sn74ahc01.png
sn74ahc02,Components,ok_no_thumb:thumb_missing,https://www.ti.com/lit/ds/symlink/sn74ahc02.pdf,sn74ahc02.pdf,
sn74ahc03,Components,fail:alldatasheet_no_download_link,https://www.alldatasheet.com/,sn74ahc03.pdf,sn74ahc03.png
sn74ahc04,Components,ok_no_thumb:thumb_missing,https://www.ti.com/lit/ds/symlink/sn74ahc04.pdf,sn74ahc04.pdf,
sn74ahc05,Components,ok_no_thumb:thumb_missing,https://www.ti.com/lit/ds/symlink/sn74ahc05.pdf,sn74ahc05.pdf,
sn74ahc06,Components,fail:alldatasheet_no_download_link,https://www.alldatasheet.com/,sn74ahc06.pdf,sn74ahc06.png
sn74ahc07,Components,fail:alldatasheet_no_download_link,https://www.alldatasheet.com/,sn74ahc07.pdf,sn74ahc07.png
sn74ahc08,Components,ok_no_thumb:thumb_missing,https://www.ti.com/lit/ds/symlink/sn74ahc08.pdf,sn74ahc08.pdf,
sn74ahc09,Components,fail:alldatasheet_no_download_link,https://www.alldatasheet.com/,sn74ahc09.pdf,sn74ahc09.png
sn74ahc10,Components,fail:alldatasheet_no_download_link,https://www.alldatasheet.com/,sn74ahc10.pdf,sn74ahc10.png
sn74ahc11,Components,fail:alldatasheet_no_download_link,https://www.alldatasheet.com/,sn74ahc11.pdf,sn74ahc11.png
sn74ahc12,Components,fail:alldatasheet_no_download_link,https://www.alldatasheet.com/,sn74ahc12.pdf,sn74ahc12.png
sn74ahc13,Components,fail:alldatasheet_no_download_link,https://www.alldatasheet.com/,sn74ahc13.pdf,sn74ahc13.png
sn74ahc14,Components,ok_no_thumb:thumb_missing,https://www.ti.com/lit/ds/symlink/sn74ahc14.pdf,sn74ahc14.pdf,
sn74ahc15,Components,fail:alldatasheet_no_download_link,https://www.alldatasheet.com/,sn74ahc15.pdf,sn74ahc15.png
sn74ahc16,Components,fail:alldatasheet_no_download_link,https://www.alldatasheet.com/,sn74ahc16.pdf,sn74ahc16.png
sn74ahc17,Components,fail:alldatasheet_no_download_link,https://www.alldatasheet.com/,sn74ahc17.pdf,sn74ahc17.png
sn74ahc18,Components,fail:alldatasheet_no_download_link,https://www.alldatasheet.com/,sn74ahc18.pdf,sn74ahc18.png
sn74ahc19,Components,fail:alldatasheet_no_download_link,https://www.alldatasheet.com/,sn74ahc19.pdf,sn74ahc19.png
sn74ahc20,Components,fail:alldatasheet_no_download_link,https://www.alldatasheet.com/,sn74ahc20.pdf,sn74ahc20.png
sn74ahc21,Components,fail:alldatasheet_no_download_link,https://www.alldatasheet.com/,sn74ahc21.pdf,sn74ahc21.png
sn74ahc22,Components,fail:alldatasheet_no_download_link,https://www.alldatasheet.com/,sn74ahc22.pdf,sn74ahc22.png
sn74ahc23,Components,fail:alldatasheet_no_download_link,https://www.alldatasheet.com/,sn74ahc23.pdf,sn74ahc23.png
sn74ahc24,Components,fail:alldatasheet_no_download_link,https://www.alldatasheet.com/,sn74ahc24.pdf,sn74ahc24.png
sn74ahc25,Components,fail:alldatasheet_no_download_link,https://www.alldatasheet.com/,sn74ahc25.pdf,sn74ahc25.png
sn74ahc26,Components,fail:alldatasheet_no_download_link,https://www.alldatasheet.com/,sn74ahc26.pdf,sn74ahc26.png
sn74ahc27,Components,fail:alldatasheet_no_download_link,https://www.alldatasheet.com/,sn74ahc27.pdf,sn74ahc27.png
sn74ahc28,Components,fail:alldatasheet_no_download_link,https://www.alldatasheet.com/,sn74ahc28.pdf,sn74ahc28.png
sn74ahc29,Components,fail:alldatasheet_no_download_link,https://www.alldatasheet.com/,sn74ahc29.pdf,sn74ahc29.png
sn74ahc30,Components,fail:alldatasheet_no_download_link,https://www.alldatasheet.com/,sn74ahc30.pdf,sn74ahc30.png
sn74ahc31,Components,fail:alldatasheet_no_download_link,https://www.alldatasheet.com/,sn74ahc31.pdf,sn74ahc31.png
sn74ahc32,Components,ok_no_thumb:thumb_missing,https://www.ti.com/lit/ds/symlink/sn74ahc32.pdf,sn74ahc32.pdf,
sn74ahc33,Components,fail:alldatasheet_no_download_link,https://www.alldatasheet.com/,sn74ahc33.pdf,sn74ahc33.png
sn74ahc34,Components,fail:alldatasheet_no_download_link,https://www.alldatasheet.com/,sn74ahc34.pdf,sn74ahc34.png
sn74ahc35,Components,fail:alldatasheet_no_download_link,https://www.alldatasheet.com/,sn74ahc35.pdf,sn74ahc35.png
sn74ahc36,Components,fail:alldatasheet_no_download_link,https://www.alldatasheet.com/,sn74ahc36.pdf,sn74ahc36.png
sn74ahc37,Components,fail:alldatasheet_no_download_link,https://www.alldatasheet.com/,sn74ahc37.pdf,sn74ahc37.png
sn74ahc38,Components,fail:alldatasheet_no_download_link,https://www.alldatasheet.com/,sn74ahc38.pdf,sn74ahc38.png
sn74ahc39,Components,fail:alldatasheet_no_download_link,https://www.alldatasheet.com/,sn74ahc39.pdf,sn74ahc39.png
sn74ahc40,Components,fail:alldatasheet_no_download_link,https://www.alldatasheet.com/,sn74ahc40.pdf,sn74ahc40.png
sn74ahc41,Components,fail:alldatasheet_no_download_link,https://www.alldatasheet.com/,sn74ahc41.pdf,sn74ahc41.png
sn74ahc42,Components,fail:alldatasheet_no_download_link,https://www.alldatasheet.com/,sn74ahc42.pdf,sn74ahc42.png
sn74ahc43,Components,fail:alldatasheet_no_download_link,https://www.alldatasheet.com/,sn74ahc43.pdf,sn74ahc43.png
sn74ahc44,Components,fail:alldatasheet_no_download_link,https://www.alldatasheet.com/,sn74ahc44.pdf,sn74ahc44.png
sn74ahc45,Components,fail:alldatasheet_no_download_link,https://www.alldatasheet.com/,sn74ahc45.pdf,sn74ahc45.png
sn74ahc46,Components,fail:alldatasheet_no_download_link,https://www.alldatasheet.com/,sn74ahc46.pdf,sn74ahc46.png
sn74ahc47,Components,fail:alldatasheet_no_download_link,https://www.alldatasheet.com/,sn74ahc47.pdf,sn74ahc47.png
sn74ahc48,Components,fail:alldatasheet_no_download_link,https://www.alldatasheet.com/,sn74ahc48.pdf,sn74ahc48.png
sn74ahc49,Components,fail:alldatasheet_no_download_link,https://www.alldatasheet.com/,sn74ahc49.pdf,sn74ahc49.png
sn74ahc50,Components,fail:alldatasheet_no_download_link,https://www.alldatasheet.com/,sn74ahc50.pdf,sn74ahc50.png
sn74ahc52,Components,fail:alldatasheet_no_download_link,https://www.alldatasheet.com/,sn74ahc52.pdf,sn74ahc52.png
sn74ahc53,Components,fail:alldatasheet_no_download_link,https://www.alldatasheet.com/,sn74ahc53.pdf,sn74ahc53.png
sn74ahc55,Components,fail:alldatasheet_no_download_link,https://www.alldatasheet.com/,sn74ahc55.pdf,sn74ahc55.png
sn74ahc56,Components,fail:alldatasheet_no_download_link,https://www.alldatasheet.com/,sn74ahc56.pdf,sn74ahc56.png
sn74ahc57,Components,fail:alldatasheet_no_download_link,https://www.alldatasheet.com/,sn74ahc57.pdf,sn74ahc57.png
sn74ahc58,Components,fail:alldatasheet_no_download_link,https://www.alldatasheet.com/,sn74ahc58.pdf,sn74ahc58.png
sn74ahc59,Components,fail:alldatasheet_no_download_link,https://www.alldatasheet.com/,sn74ahc59.pdf,sn74ahc59.png
sn74ahc60,Components,fail:alldatasheet_no_download_link,https://www.alldatasheet.com/,sn74ahc60.pdf,sn74ahc60.png
sn74ahc61,Components,fail:alldatasheet_no_download_link,https://www.alldatasheet.com/,sn74ahc61.pdf,sn74ahc61.png
sn74ahc62,Components,fail:alldatasheet_no_download_link,https://www.alldatasheet.com/,sn74ahc62.pdf,sn74ahc62.png
sn74ahc63,Components,fail:alldatasheet_no_download_link,https://www.alldatasheet.com/,sn74ahc63.pdf,sn74ahc63.png
sn74ahc64,Components,fail:alldatasheet_no_download_link,https://www.alldatasheet.com/,sn74ahc64.pdf,sn74ahc64.png
sn74ahc65,Components,fail:alldatasheet_no_download_link,https://www.alldatasheet.com/,sn74ahc65.pdf,sn74ahc65.png
sn74ahc67,Components,fail:alldatasheet_no_download_link,https://www.alldatasheet.com/,sn74ahc67.pdf,sn74ahc67.png
sn74ahc70,Components,fail:alldatasheet_no_download_link,https://www.alldatasheet.com/,sn74ahc70.pdf,sn74ahc70.png
sn74ahc72,Components,fail:alldatasheet_no_download_link,https://www.alldatasheet.com/,sn74ahc72.pdf,sn74ahc72.png
sn74ahc73,Components,fail:alldatasheet_no_download_link,https://www.alldatasheet.com/,sn74ahc73.pdf,sn74ahc73.png
sn74ahc74,Components,ok_no_thumb:thumb_missing,https://www.ti.com/lit/ds/symlink/sn74ahc74.pdf,sn74ahc74.pdf,
sn74ahc75,Components,fail:alldatasheet_no_download_link,https://www.alldatasheet.com/,sn74ahc75.pdf,sn74ahc75.png
sn74ahc76,Components,fail:alldatasheet_no_download_link,https://www.alldatasheet.com/,sn74ahc76.pdf,sn74ahc76.png
sn74ahc77,Components,fail:alldatasheet_no_download_link,https://www.alldatasheet.com/,sn74ahc77.pdf,sn74ahc77.png
sn74ahc79,Components,fail:alldatasheet_no_download_link,https://www.alldatasheet.com/,sn74ahc79.pdf,sn74ahc79.png
sn74ahc80,Components,fail:alldatasheet_no_download_link,https://www.alldatasheet.com/,sn74ahc80.pdf,sn74ahc80.png
sn74ahc81,Components,fail:alldatasheet_no_download_link,https://www.alldatasheet.com/,sn74ahc81.pdf,sn74ahc81.png
sn74ahc82,Components,fail:alldatasheet_no_download_link,https://www.alldatasheet.com/,sn74ahc82.pdf,sn74ahc82.png
sn74ahc83,Components,fail:alldatasheet_no_download_link,https://www.alldatasheet.com/,sn74ahc83.pdf,sn74ahc83.png
sn74ahc84,Components,fail:alldatasheet_no_download_link,https://www.alldatasheet.com/,sn74ahc84.pdf,sn74ahc84.png
sn74ahc85,Components,fail:alldatasheet_no_download_link,https://www.alldatasheet.com/,sn74ahc85.pdf,sn74ahc85.png
sn74ahc86,Components,ok_no_thumb:thumb_missing,https://www.ti.com/lit/ds/symlink/sn74ahc86.pdf,sn74ahc86.pdf,
sn74ahc87,Components,fail:alldatasheet_no_download_link,https://www.alldatasheet.com/,sn74ahc87.pdf,sn74ahc87.png
sn74ahc88,Components,fail:alldatasheet_no_download_link,https://www.alldatasheet.com/,sn74ahc88.pdf,sn74ahc88.png
sn74ahc89,Components,fail:alldatasheet_no_download_link,https://www.alldatasheet.com/,sn74ahc89.pdf,sn74ahc89.png
sn74ahc90,Components,fail:alldatasheet_no_download_link,https://www.alldatasheet.com/,sn74ahc90.pdf,sn74ahc90.png
sn74ahc91,Components,fail:alldatasheet_no_download_link,https://www.alldatasheet.com/,sn74ahc91.pdf,sn74ahc91.png
sn74ahc92,Components,fail:alldatasheet_no_download_link,https://www.alldatasheet.com/,sn74ahc92.pdf,sn74ahc92.png
sn74ahc93,Components,fail:alldatasheet_no_download_link,https://www.alldatasheet.com/,sn74ahc93.pdf,sn74ahc93.png
sn74ahc94,Components,fail:alldatasheet_no_download_link,https://www.alldatasheet.com/,sn74ahc94.pdf,sn74ahc94.png
sn74ahc95,Components,fail:alldatasheet_no_download_link,https://www.alldatasheet.com/,sn74ahc95.pdf,sn74ahc95.png
sn74ahc96,Components,fail:alldatasheet_no_download_link,https://www.alldatasheet.com/,sn74ahc96.pdf,sn74ahc96.png
sn74ahc97,Components,fail:alldatasheet_no_download_link,https://www.alldatasheet.com/,sn74ahc97.pdf,sn74ahc97.png
sn74ahc98,Components,fail:alldatasheet_no_download_link,https://www.alldatasheet.com/,sn74ahc98.pdf,sn74ahc98.png
sn74ahc99,Components,fail:alldatasheet_no_download_link,https://www.alldatasheet.com/,sn74ahc99.pdf,sn74ahc99.png
sn74ahc100,Components,fail:alldatasheet_no_download_link,https://www.alldatasheet.com/,sn74ahc100.pdf,sn74ahc100.png
sn74ahc101,Components,fail:alldatasheet_no_download_link,https://www.alldatasheet.com/,sn74ahc101.pdf,sn74ahc101.png
sn74ahc102,Components,fail:alldatasheet_no_download_link,https://www.alldatasheet.com/,sn74ahc102.pdf,sn74ahc102.png
sn74ahc103,Components,fail:alldatasheet_no_download_link,https://www.alldatasheet.com/,sn74ahc103.pdf,sn74ahc103.png
sn74ahc104,Components,fail:alldatasheet_no_download_link,https://www.alldatasheet.com/,sn74ahc104.pdf,sn74ahc104.png
sn74ahc105,Components,fail:alldatasheet_no_download_link,https://www.alldatasheet.com/,sn74ahc105.pdf,sn74ahc105.png
sn74ahc106,Components,fail:alldatasheet_no_download_link,https://www.alldatasheet.com/,sn74ahc106.pdf,sn74ahc106.png
sn74ahc107,Components,fail:alldatasheet_no_download_link,https://www.alldatasheet.com/,sn74ahc107.pdf,sn74ahc107.png
sn74ahc108,Components,fail:alldatasheet_no_download_link,https://www.alldatasheet.com/,sn74ahc108.pdf,sn74ahc108.png
sn74ahc109,Components,fail:alldatasheet_no_download_link,https://www.alldatasheet.com/,sn74ahc109.pdf,sn74ahc109.png
sn74ahc110,Components,fail:alldatasheet_no_download_link,https://www.alldatasheet.com/,sn74ahc110.pdf,sn74ahc110.png
sn74ahc111,Components,fail:alldatasheet_no_download_link,https://www.alldatasheet.com/,sn74ahc111.pdf,sn74ahc111.png
sn74ahc112,Components,fail:alldatasheet_no_download_link,https://www.alldatasheet.com/,sn74ahc112.pdf,sn74ahc112.png
sn74ahc113,Components,fail:alldatasheet_no_download_link,https://www.alldatasheet.com/,sn74ahc113.pdf,sn74ahc113.png
sn74ahc114,Components,fail:alldatasheet_no_download_link,https://www.alldatasheet.com/,sn74ahc114.pdf,sn74ahc114.png
sn74ahc115,Components,fail:alldatasheet_no_download_link,https://www.alldatasheet.com/,sn74ahc115.pdf,sn74ahc115.png
sn74ahc117,Components,fail:alldatasheet_no_download_link,https://www.alldatasheet.com/,sn74ahc117.pdf,sn74ahc117.png
sn74ahc118,Components,fail:alldatasheet_no_download_link,https://www.alldatasheet.com/,sn74ahc118.pdf,sn74ahc118.png
sn74ahc121,Components,fail:alldatasheet_no_download_link,https://www.alldatasheet.com/,sn74ahc121.pdf,sn74ahc121.png
sn74ahc122,Components,fail:alldatasheet_no_download_link,https://www.alldatasheet.com/,sn74ahc122.pdf,sn74ahc122.png
sn74ahc123,Components,fail:alldatasheet_no_download_link,https://www.alldatasheet.com/,sn74ahc123.pdf,sn74ahc123.png
sn74ahc124,Components,fail:alldatasheet_no_download_link,https://www.alldatasheet.com/,sn74ahc124.pdf,sn74ahc124.png
sn74ahc125,Components,ok_no_thumb:thumb_missing,https://www.ti.com/lit/ds/symlink/sn74ahc125.pdf,sn74ahc125.pdf,
sn74ahc126,Components,ok_no_thumb:thumb_missing,https://www.ti.com/lit/ds/symlink/sn74ahc126.pdf,sn74ahc126.pdf,
sn74ahc128,Components,fail:alldatasheet_no_download_link,https://www.alldatasheet.com/,sn74ahc128.pdf,sn74ahc128.png
sn74ahc130,Components,fail:alldatasheet_no_download_link,https://www.alldatasheet.com/,sn74ahc130.pdf,sn74ahc130.png
sn74ahc132,Components,ok_no_thumb:thumb_missing,https://www.ti.com/lit/ds/symlink/sn74ahc132.pdf,sn74ahc132.pdf,
sn74ahc133,Components,fail:alldatasheet_no_download_link,https://www.alldatasheet.com/,sn74ahc133.pdf,sn74ahc133.png
sn74ahc134,Components,fail:alldatasheet_no_download_link,https://www.alldatasheet.com/,sn74ahc134.pdf,sn74ahc134.png
sn74ahc135,Components,fail:alldatasheet_no_download_link,https://www.alldatasheet.com/,sn74ahc135.pdf,sn74ahc135.png
sn74ahc136,Components,fail:alldatasheet_no_download_link,https://www.alldatasheet.com/,sn74ahc136.pdf,sn74ahc136.png
sn74ahc137,Components,fail:alldatasheet_no_download_link,https://www.alldatasheet.com/,sn74ahc137.pdf,sn74ahc137.png
sn74ahc138,Components,ok_no_thumb:thumb_missing,https://www.ti.com/lit/ds/symlink/sn74ahc138.pdf,sn74ahc138.pdf,
sn74ahc139,Components,ok_no_thumb:thumb_missing,https://www.ti.com/lit/ds/symlink/sn74ahc139.pdf,sn74ahc139.pdf,
sn74ahc140,Components,fail:alldatasheet_no_download_link,https://www.alldatasheet.com/,sn74ahc140.pdf,sn74ahc140.png
sn74ahc141,Components,fail:alldatasheet_no_download_link,https://www.alldatasheet.com/,sn74ahc141.pdf,sn74ahc141.png
sn74ahc142,Components,fail:alldatasheet_no_download_link,https://www.alldatasheet.com/,sn74ahc142.pdf,sn74ahc142.png
sn74ahc143,Components,fail:alldatasheet_no_download_link,https://www.alldatasheet.com/,sn74ahc143.pdf,sn74ahc143.png
sn74ahc144,Components,fail:alldatasheet_no_download_link,https://www.alldatasheet.com/,sn74ahc144.pdf,sn74ahc144.png
sn74ahc145,Components,fail:alldatasheet_no_download_link,https://www.alldatasheet.com/,sn74ahc145.pdf,sn74ahc145.png
sn74ahc146,Components,fail:alldatasheet_no_download_link,https://www.alldatasheet.com/,sn74ahc146.pdf,sn74ahc146.png
sn74ahc147,Components,fail:alldatasheet_no_download_link,https://www.alldatasheet.com/,sn74ahc147.pdf,sn74ahc147.png
sn74ahc148,Components,fail:alldatasheet_no_download_link,https://www.alldatasheet.com/,sn74ahc148.pdf,sn74ahc148.png
sn74ahc149,Components,fail:alldatasheet_no_download_link,https://www.alldatasheet.com/,sn74ahc149.pdf,sn74ahc149.png
sn74ahc150,Components,fail:alldatasheet_no_download_link,https://www.alldatasheet.com/,sn74ahc150.pdf,sn74ahc150.png
sn74ahc151,Components,fail:alldatasheet_no_download_link,https://www.alldatasheet.com/,sn74ahc151.pdf,sn74ahc151.png
sn74ahc152,Components,fail:alldatasheet_no_download_link,https://www.alldatasheet.com/,sn74ahc152.pdf,sn74ahc152.png
sn74ahc153,Components,fail:alldatasheet_no_download_link,https://www.alldatasheet.com/,sn74ahc153.pdf,sn74ahc153.png
sn74ahc154,Components,fail:alldatasheet_no_download_link,https://www.alldatasheet.com/,sn74ahc154.pdf,sn74ahc154.png
sn74ahc155,Components,fail:alldatasheet_no_download_link,https://www.alldatasheet.com/,sn74ahc155.pdf,sn74ahc155.png
sn74ahc156,Components,fail:alldatasheet_no_download_link,https://www.alldatasheet.com/,sn74ahc156.pdf,sn74ahc156.png
sn74ahc157,Components,ok_no_thumb:thumb_missing,https://www.ti.com/lit/ds/symlink/sn74ahc157.pdf,sn74ahc157.pdf,
sn74ahc158,Components,ok_no_thumb:thumb_missing,https://www.ti.com/lit/ds/symlink/sn74ahc158.pdf,sn74ahc158.pdf,
sn74ahc159,Components,fail:alldatasheet_no_download_link,https://www.alldatasheet.com/,sn74ahc159.pdf,sn74ahc159.png
sn74ahc160,Components,fail:alldatasheet_no_download_link,https://www.alldatasheet.com/,sn74ahc160.pdf,sn74ahc160.png
sn74ahc161,Components,fail:alldatasheet_no_download_link,https://www.alldatasheet.com/,sn74ahc161.pdf,sn74ahc161.png
sn74ahc162,Components,fail:alldatasheet_no_download_link,https://www.alldatasheet.com/,sn74ahc162.pdf,sn74ahc162.png
sn74ahc163,Components,fail:alldatasheet_no_download_link,https://www.alldatasheet.com/,sn74ahc163.pdf,sn74ahc163.png
sn74ahc164,Components,ok_no_thumb:thumb_missing,https://www.ti.com/lit/ds/symlink/sn74ahc164.pdf,sn74ahc164.pdf,
sn74ahc165,Components,ok_no_thumb:thumb_missing,https://www.ti.com/lit/ds/symlink/sn74ahc165.pdf,sn74ahc165.pdf,
sn74ahc166,Components,fail:alldatasheet_no_download_link,https://www.alldatasheet.com/,sn74ahc166.pdf,sn74ahc166.png
sn74ahc167,Components,fail:alldatasheet_no_download_link,https://www.alldatasheet.com/,sn74ahc167.pdf,sn74ahc167.png
sn74ahc168,Components,fail:alldatasheet_no_download_link,https://www.alldatasheet.com/,sn74ahc168.pdf,sn74ahc168.png
sn74ahc169,Components,fail:alldatasheet_no_download_link,https://www.alldatasheet.com/,sn74ahc169.pdf,sn74ahc169.png
sn74ahc170,Components,fail:alldatasheet_no_download_link,https://www.alldatasheet.com/,sn74ahc170.pdf,sn74ahc170.png
sn74ahc171,Components,fail:alldatasheet_no_download_link,https://www.alldatasheet.com/,sn74ahc171.pdf,sn74ahc171.png
sn74ahc172,Components,fail:alldatasheet_no_download_link,https://www.alldatasheet.com/,sn74ahc172.pdf,sn74ahc172.png
sn74ahc173,Components,fail:alldatasheet_no_download_link,https://www.alldatasheet.com/,sn74ahc173.pdf,sn74ahc173.png
sn74ahc174,Components,ok_no_thumb:thumb_missing,https://www.ti.com/lit/ds/symlink/sn74ahc174.pdf,sn74ahc174.pdf,
sn74ahc175,Components,fail:alldatasheet_no_download_link,https://www.alldatasheet.com/,sn74ahc175.pdf,sn74ahc175.png
sn74ahc176,Components,fail:alldatasheet_no_download_link,https://www.alldatasheet.com/,sn74ahc176.pdf,sn74ahc176.png
sn74ahc177,Components,fail:alldatasheet_no_download_link,https://www.alldatasheet.com/,sn74ahc177.pdf,sn74ahc177.png
sn74ahc178,Components,fail:alldatasheet_no_download_link,https://www.alldatasheet.com/,sn74ahc178.pdf,sn74ahc178.png
sn74ahc179,Components,fail:alldatasheet_no_download_link,https://www.alldatasheet.com/,sn74ahc179.pdf,sn74ahc179.png
sn74ahc180,Components,fail:alldatasheet_no_download_link,https://www.alldatasheet.com/,sn74ahc180.pdf,sn74ahc180.png
sn74ahc181,Components,fail:alldatasheet_no_download_link,https://www.alldatasheet.com/,sn74ahc181.pdf,sn74ahc181.png
sn74ahc182,Components,fail:alldatasheet_no_download_link,https://www.alldatasheet.com/,sn74ahc182.pdf,sn74ahc182.png
sn74ahc183,Components,fail:alldatasheet_no_download_link,https://www.alldatasheet.com/,sn74ahc183.pdf,sn74ahc183.png
sn74ahc184,Components,fail:alldatasheet_no_download_link,https://www.alldatasheet.com/,sn74ahc184.pdf,sn74ahc184.png
sn74ahc185,Components,fail:alldatasheet_no_download_link,https://www.alldatasheet.com/,sn74ahc185.pdf,sn74ahc185.png
sn74ahc186,Components,fail:alldatasheet_no_download_link,https://www.alldatasheet.com/,sn74ahc186.pdf,sn74ahc186.png
sn74ahc187,Components,fail:alldatasheet_no_download_link,https://www.alldatasheet.com/,sn74ahc187.pdf,sn74ahc187.png
sn74ahc188,Components,fail:alldatasheet_no_download_link,https://www.alldatasheet.com/,sn74ahc188.pdf,sn74ahc188.png
sn74ahc189,Components,fail:alldatasheet_no_download_link,https://www.alldatasheet.com/,sn74ahc189.pdf,sn74ahc189.png
sn74ahc190,Components,fail:alldatasheet_no_download_link,https://www.alldatasheet.com/,sn74ahc190.pdf,sn74ahc190.png
sn74ahc191,Components,fail:alldatasheet_no_download_link,https://www.alldatasheet.com/,sn74ahc191.pdf,sn74ahc191.png
sn74ahc192,Components,fail:alldatasheet_no_download_link,https://www.alldatasheet.com/,sn74ahc192.pdf,sn74ahc192.png
sn74ahc193,Components,fail:alldatasheet_no_download_link,https://www.alldatasheet.com/,sn74ahc193.pdf,sn74ahc193.png
sn74ahc194,Components,fail:alldatasheet_no_download_link,https://www.alldatasheet.com/,sn74ahc194.pdf,sn74ahc194.png
sn74ahc195,Components,fail:alldatasheet_no_download_link,https://www.alldatasheet.com/,sn74ahc195.pdf,sn74ahc195.png
sn74ahc196,Components,fail:alldatasheet_no_download_link,https://www.alldatasheet.com/,sn74ahc196.pdf,sn74ahc196.png
sn74ahc197,Components,fail:alldatasheet_no_download_link,https://www.alldatasheet.com/,sn74ahc197.pdf,sn74ahc197.png
sn74ahc198,Components,fail:alldatasheet_no_download_link,https://www.alldatasheet.com/,sn74ahc198.pdf,sn74ahc198.png
sn74ahc199,Components,fail:alldatasheet_no_download_link,https://www.alldatasheet.com/,sn74ahc199.pdf,sn74ahc199.png
sn74ahc200,Components,fail:alldatasheet_no_download_link,https://www.alldatasheet.com/,sn74ahc200.pdf,sn74ahc200.png
sn74ahc201,Components,fail:alldatasheet_no_download_link,https://www.alldatasheet.com/,sn74ahc201.pdf,sn74ahc201.png
sn74ahc202,Components,fail:alldatasheet_no_download_link,https://www.alldatasheet.com/,sn74ahc202.pdf,sn74ahc202.png
sn74ahc206,Components,fail:alldatasheet_no_download_link,https://www.alldatasheet.com/,sn74ahc206.pdf,sn74ahc206.png
sn74ahc207,Components,fail:alldatasheet_no_download_link,https://www.alldatasheet.com/,sn74ahc207.pdf,sn74ahc207.png
sn74ahc208,Components,fail:alldatasheet_no_download_link,https://www.alldatasheet.com/,sn74ahc208.pdf,sn74ahc208.png
sn74ahc209,Components,fail:alldatasheet_no_download_link,https://www.alldatasheet.com/,sn74ahc209.pdf,sn74ahc209.png
sn74ahc210,Components,fail:alldatasheet_no_download_link,https://www.alldatasheet.com/,sn74ahc210.pdf,sn74ahc210.png
sn74ahc211,Components,fail:alldatasheet_no_download_link,https://www.alldatasheet.com/,sn74ahc211.pdf,sn74ahc211.png
sn74ahc212,Components,fail:alldatasheet_no_download_link,https://www.alldatasheet.com/,sn74ahc212.pdf,sn74ahc212.png
sn74ahc213,Components,fail:alldatasheet_no_download_link,https://www.alldatasheet.com/,sn74ahc213.pdf,sn74ahc213.png
sn74ahc214,Components,fail:alldatasheet_no_download_link,https://www.alldatasheet.com/,sn74ahc214.pdf,sn74ahc214.png
sn74ahc215,Components,fail:alldatasheet_no_download_link,https://www.alldatasheet.com/,sn74ahc215.pdf,sn74ahc215.png
sn74ahc216,Components,fail:alldatasheet_no_download_link,https://www.alldatasheet.com/,sn74ahc216.pdf,sn74ahc216.png
sn74ahc217,Components,fail:alldatasheet_no_download_link,https://www.alldatasheet.com/,sn74ahc217.pdf,sn74ahc217.png
sn74ahc218,Components,fail:alldatasheet_no_download_link,https://www.alldatasheet.com/,sn74ahc218.pdf,sn74ahc218.png
sn74ahc219,Components,fail:alldatasheet_no_download_link,https://www.alldatasheet.com/,sn74ahc219.pdf,sn74ahc219.png
sn74ahc221,Components,fail:alldatasheet_no_download_link,https://www.alldatasheet.com/,sn74ahc221.pdf,sn74ahc221.png
sn74ahc222,Components,fail:alldatasheet_no_download_link,https://www.alldatasheet.com/,sn74ahc222.pdf,sn74ahc222.png
sn74ahc224,Components,fail:alldatasheet_no_download_link,https://www.alldatasheet.com/,sn74ahc224.pdf,sn74ahc224.png
sn74ahc225,Components,fail:alldatasheet_no_download_link,https://www.alldatasheet.com/,sn74ahc225.pdf,sn74ahc225.png
sn74ahc226,Components,fail:alldatasheet_no_download_link,https://www.alldatasheet.com/,sn74ahc226.pdf,sn74ahc226.png
sn74ahc227,Components,fail:alldatasheet_no_download_link,https://www.alldatasheet.com/,sn74ahc227.pdf,sn74ahc227.png
sn74ahc228,Components,fail:alldatasheet_no_download_link,https://www.alldatasheet.com/,sn74ahc228.pdf,sn74ahc228.png
sn74ahc229,Components,fail:alldatasheet_no_download_link,https://www.alldatasheet.com/,sn74ahc229.pdf,sn74ahc229.png
sn74ahc230,Components,fail:alldatasheet_no_download_link,https://www.alldatasheet.com/,sn74ahc230.pdf,sn74ahc230.png
sn74ahc231,Components,fail:alldatasheet_no_download_link,https://www.alldatasheet.com/,sn74ahc231.pdf,sn74ahc231.png
sn74ahc232,Components,fail:alldatasheet_no_download_link,https://www.alldatasheet.com/,sn74ahc232.pdf,sn74ahc232.png
sn74ahc233,Components,fail:alldatasheet_no_download_link,https://www.alldatasheet.com/,sn74ahc233.pdf,sn74ahc233.png
sn74ahc234,Components,fail:alldatasheet_no_download_link,https://www.alldatasheet.com/,sn74ahc234.pdf,sn74ahc234.png
sn74ahc235,Components,fail:alldatasheet_no_download_link,https://www.alldatasheet.com/,sn74ahc235.pdf,sn74ahc235.png
sn74ahc236,Components,fail:alldatasheet_no_download_link,https://www.alldatasheet.com/,sn74ahc236.pdf,sn74ahc236.png
sn74ahc237,Components,fail:alldatasheet_no_download_link,https://www.alldatasheet.com/,sn74ahc237.pdf,sn74ahc237.png
sn74ahc238,Components,ok_no_thumb:thumb_missing,https://www.ti.com/lit/ds/symlink/sn74ahc238.pdf,sn74ahc238.pdf,
sn74ahc239,Components,fail:alldatasheet_no_download_link,https://www.alldatasheet.com/,sn74ahc239.pdf,sn74ahc239.png
sn74ahc240,Components,ok_no_thumb:thumb_missing,https://www.ti.com/lit/ds/symlink/sn74ahc240.pdf,sn74ahc240.pdf,
sn74ahc241,Components,fail:alldatasheet_no_download_link,https://www.alldatasheet.com/,sn74ahc241.pdf,sn74ahc241.png
sn74ahc242,Components,fail:alldatasheet_no_download_link,https://www.alldatasheet.com/,sn74ahc242.pdf,sn74ahc242.png
sn74ahc243,Components,fail:alldatasheet_no_download_link,https://www.alldatasheet.com/,sn74ahc243.pdf,sn74ahc243.png
sn74ahc244,Components,ok_no_thumb:thumb_missing,https://www.ti.com/lit/ds/symlink/sn74ahc244.pdf,sn74ahc244.pdf,
sn74ahc245,Components,ok_no_thumb:thumb_missing,https://www.ti.com/lit/ds/symlink/sn74ahc245.pdf,sn74ahc245.pdf,
sn74ahc246,Components,fail:alldatasheet_no_download_link,https://www.alldatasheet.com/,sn74ahc246.pdf,sn74ahc246.png
sn74ahc247,Components,fail:alldatasheet_no_download_link,https://www.alldatasheet.com/,sn74ahc247.pdf,sn74ahc247.png
sn74ahc248,Components,fail:alldatasheet_no_download_link,https://www.alldatasheet.com/,sn74ahc248.pdf,sn74ahc248.png
sn74ahc249,Components,fail:alldatasheet_no_download_link,https://www.alldatasheet.com/,sn74ahc249.pdf,sn74ahc249.png
sn74ahc250,Components,fail:alldatasheet_no_download_link,https://www.alldatasheet.com/,sn74ahc250.pdf,sn74ahc250.png
sn74ahc251,Components,fail:alldatasheet_no_download_link,https://www.alldatasheet.com/,sn74ahc251.pdf,sn74ahc251.png
sn74ahc253,Components,fail:alldatasheet_no_download_link,https://www.alldatasheet.com/,sn74ahc253.pdf,sn74ahc253.png
sn74ahc255,Components,fail:alldatasheet_no_download_link,https://www.alldatasheet.com/,sn74ahc255.pdf,sn74ahc255.png
sn74ahc256,Components,fail:alldatasheet_no_download_link,https://www.alldatasheet.com/,sn74ahc256.pdf,sn74ahc256.png
sn74ahc257,Components,ok_no_thumb:thumb_missing,https://www.ti.com/lit/ds/symlink/sn74ahc257.pdf,sn74ahc257.pdf,
sn74ahc258,Components,fail:alldatasheet_no_download_link,https://www.alldatasheet.com/,sn74ahc258.pdf,sn74ahc258.png
sn74ahc259,Components,fail:alldatasheet_no_download_link,https://www.alldatasheet.com/,sn74ahc259.pdf,sn74ahc259.png
sn74ahc260,Components,fail:alldatasheet_no_download_link,https://www.alldatasheet.com/,sn74ahc260.pdf,sn74ahc260.png
sn74ahc261,Components,fail:alldatasheet_no_download_link,https://www.alldatasheet.com/,sn74ahc261.pdf,sn74ahc261.png
sn74ahc262,Components,fail:alldatasheet_no_download_link,https://www.alldatasheet.com/,sn74ahc262.pdf,sn74ahc262.png
sn74ahc264,Components,fail:alldatasheet_no_download_link,https://www.alldatasheet.com/,sn74ahc264.pdf,sn74ahc264.png
sn74ahc265,Components,fail:alldatasheet_no_download_link,https://www.alldatasheet.com/,sn74ahc265.pdf,sn74ahc265.png
sn74ahc266,Components,fail:alldatasheet_no_download_link,https://www.alldatasheet.com/,sn74ahc266.pdf,sn74ahc266.png
sn74ahc268,Components,fail:alldatasheet_no_download_link,https://www.alldatasheet.com/,sn74ahc268.pdf,sn74ahc268.png
sn74ahc269,Components,fail:alldatasheet_no_download_link,https://www.alldatasheet.com/,sn74ahc269.pdf,sn74ahc269.png
sn74ahc270,Components,fail:alldatasheet_no_download_link,https://www.alldatasheet.com/,sn74ahc270.pdf,sn74ahc270.png
sn74ahc271,Components,fail:alldatasheet_no_download_link,https://www.alldatasheet.com/,sn74ahc271.pdf,sn74ahc271.png
sn74ahc273,Components,ok_no_thumb:thumb_missing,https://www.ti.com/lit/ds/symlink/sn74ahc273.pdf,sn74ahc273.pdf,
sn74ahc274,Components,fail:alldatasheet_no_download_link,https://www.alldatasheet.com/,sn74ahc274.pdf,sn74ahc274.png
sn74ahc275,Components,fail:alldatasheet_no_download_link,https://www.alldatasheet.com/,sn74ahc275.pdf,sn74ahc275.png
sn74ahc276,Components,fail:alldatasheet_no_download_link,https://www.alldatasheet.com/,sn74ahc276.pdf,sn74ahc276.png
sn74ahc278,Components,fail:alldatasheet_no_download_link,https://www.alldatasheet.com/,sn74ahc278.pdf,sn74ahc278.png
sn74ahc279,Components,fail:alldatasheet_no_download_link,https://www.alldatasheet.com/,sn74ahc279.pdf,sn74ahc279.png
sn74ahc280,Components,fail:alldatasheet_no_download_link,https://www.alldatasheet.com/,sn74ahc280.pdf,sn74ahc280.png
sn74ahc281,Components,fail:alldatasheet_no_download_link,https://www.alldatasheet.com/,sn74ahc281.pdf,sn74ahc281.png
sn74ahc282,Components,fail:alldatasheet_no_download_link,https://www.alldatasheet.com/,sn74ahc282.pdf,sn74ahc282.png
sn74ahc283,Components,fail:alldatasheet_no_download_link,https://www.alldatasheet.com/,sn74ahc283.pdf,sn74ahc283.png
sn74ahc284,Components,fail:alldatasheet_no_download_link,https://www.alldatasheet.com/,sn74ahc284.pdf,sn74ahc284.png
sn74ahc285,Components,fail:alldatasheet_no_download_link,https://www.alldatasheet.com/,sn74ahc285.pdf,sn74ahc285.png
sn74ahc286,Components,fail:alldatasheet_no_download_link,https://www.alldatasheet.com/,sn74ahc286.pdf,sn74ahc286.png
sn74ahc287,Components,fail:alldatasheet_no_download_link,https://www.alldatasheet.com/,sn74ahc287.pdf,sn74ahc287.png
sn74ahc288,Components,fail:alldatasheet_no_download_link,https://www.alldatasheet.com/,sn74ahc288.pdf,sn74ahc288.png
sn74ahc289,Components,fail:alldatasheet_no_download_link,https://www.alldatasheet.com/,sn74ahc289.pdf,sn74ahc289.png
sn74ahc290,Components,fail:alldatasheet_no_download_link,https://www.alldatasheet.com/,sn74ahc290.pdf,sn74ahc290.png
sn74ahc292,Components,fail:alldatasheet_no_download_link,https://www.alldatasheet.com/,sn74ahc292.pdf,sn74ahc292.png
sn74ahc293,Components,fail:alldatasheet_no_download_link,https://www.alldatasheet.com/,sn74ahc293.pdf,sn74ahc293.png
sn74ahc294,Components,fail:alldatasheet_no_download_link,https://www.alldatasheet.com/,sn74ahc294.pdf,sn74ahc294.png
sn74ahc295,Components,fail:alldatasheet_no_download_link,https://www.alldatasheet.com/,sn74ahc295.pdf,sn74ahc295.png
sn74ahc297,Components,fail:alldatasheet_no_download_link,https://www.alldatasheet.com/,sn74ahc297.pdf,sn74ahc297.png
sn74ahc298,Components,fail:alldatasheet_no_download_link,https://www.alldatasheet.com/,sn74ahc298.pdf,sn74ahc298.png
sn74ahc299,Components,fail:alldatasheet_no_download_link,https://www.alldatasheet.com/,sn74ahc299.pdf,sn74ahc299.png
sn74ahc300,Components,fail:alldatasheet_no_download_link,https://www.alldatasheet.com/,sn74ahc300.pdf,sn74ahc300.png
sn74ahc301,Components,fail:alldatasheet_no_download_link,https://www.alldatasheet.com/,sn74ahc301.pdf,sn74ahc301.png
sn74ahc302,Components,fail:alldatasheet_no_download_link,https://www.alldatasheet.com/,sn74ahc302.pdf,sn74ahc302.png
sn74ahc303,Components,fail:alldatasheet_no_download_link,https://www.alldatasheet.com/,sn74ahc303.pdf,sn74ahc303.png
sn74ahc304,Components,fail:alldatasheet_no_download_link,https://www.alldatasheet.com/,sn74ahc304.pdf,sn74ahc304.png
sn74ahc305,Components,fail:alldatasheet_no_download_link,https://www.alldatasheet.com/,sn74ahc305.pdf,sn74ahc305.png
sn74ahc306,Components,fail:alldatasheet_no_download_link,https://www.alldatasheet.com/,sn74ahc306.pdf,sn74ahc306.png
sn74ahc309,Components,fail:alldatasheet_no_download_link,https://www.alldatasheet.com/,sn74ahc309.pdf,sn74ahc309.png
sn74ahc310,Components,fail:alldatasheet_no_download_link,https://www.alldatasheet.com/,sn74ahc310.pdf,sn74ahc310.png
sn74ahc311,Components,fail:alldatasheet_no_download_link,https://www.alldatasheet.com/,sn74ahc311.pdf,sn74ahc311.png
sn74ahc312,Components,fail:alldatasheet_no_download_link,https://www.alldatasheet.com/,sn74ahc312.pdf,sn74ahc312.png
sn74ahc313,Components,fail:alldatasheet_no_download_link,https://www.alldatasheet.com/,sn74ahc313.pdf,sn74ahc313.png
sn74ahc314,Components,fail:alldatasheet_no_download_link,https://www.alldatasheet.com/,sn74ahc314.pdf,sn74ahc314.png
sn74ahc315,Components,fail:alldatasheet_no_download_link,https://www.alldatasheet.com/,sn74ahc315.pdf,sn74ahc315.png
sn74ahc316,Components,fail:alldatasheet_no_download_link,https://www.alldatasheet.com/,sn74ahc316.pdf,sn74ahc316.png
sn74ahc317,Components,fail:alldatasheet_no_download_link,https://www.alldatasheet.com/,sn74ahc317.pdf,sn74ahc317.png
sn74ahc318,Components,fail:alldatasheet_no_download_link,https://www.alldatasheet.com/,sn74ahc318.pdf,sn74ahc318.png
sn74ahc319,Components,fail:alldatasheet_no_download_link,https://www.alldatasheet.com/,sn74ahc319.pdf,sn74ahc319.png
sn74ahc320,Components,fail:alldatasheet_no_download_link,https://www.alldatasheet.com/,sn74ahc320.pdf,sn74ahc320.png
sn74ahc321,Components,fail:alldatasheet_no_download_link,https://www.alldatasheet.com/,sn74ahc321.pdf,sn74ahc321.png
sn74ahc322,Components,fail:alldatasheet_no_download_link,https://www.alldatasheet.com/,sn74ahc322.pdf,sn74ahc322.png
sn74ahc323,Components,fail:alldatasheet_no_download_link,https://www.alldatasheet.com/,sn74ahc323.pdf,sn74ahc323.png
sn74ahc324,Components,fail:alldatasheet_no_download_link,https://www.alldatasheet.com/,sn74ahc324.pdf,sn74ahc324.png
sn74ahc325,Components,fail:alldatasheet_no_download_link,https://www.alldatasheet.com/,sn74ahc325.pdf,sn74ahc325.png
sn74ahc326,Components,fail:alldatasheet_no_download_link,https://www.alldatasheet.com/,sn74ahc326.pdf,sn74ahc326.png
sn74ahc327,Components,fail:alldatasheet_no_download_link,https://www.alldatasheet.com/,sn74ahc327.pdf,sn74ahc327.png
sn74ahc330,Components,fail:alldatasheet_no_download_link,https://www.alldatasheet.com/,sn74ahc330.pdf,sn74ahc330.png
sn74ahc331,Components,fail:alldatasheet_no_download_link,https://www.alldatasheet.com/,sn74ahc331.pdf,sn74ahc331.png
sn74ahc333,Components,fail:alldatasheet_no_download_link,https://www.alldatasheet.com/,sn74ahc333.pdf,sn74ahc333.png
sn74ahc334,Components,fail:alldatasheet_no_download_link,https://www.alldatasheet.com/,sn74ahc334.pdf,sn74ahc334.png
sn74ahc335,Components,fail:alldatasheet_no_download_link,https://www.alldatasheet.com/,sn74ahc335.pdf,sn74ahc335.png
sn74ahc336,Components,fail:alldatasheet_no_download_link,https://www.alldatasheet.com/,sn74ahc336.pdf,sn74ahc336.png
sn74ahc337,Components,fail:alldatasheet_no_download_link,https://www.alldatasheet.com/,sn74ahc337.pdf,sn74ahc337.png
sn74ahc340,Components,fail:alldatasheet_no_download_link,https://www.alldatasheet.com/,sn74ahc340.pdf,sn74ahc340.png
sn74ahc341,Components,fail:alldatasheet_no_download_link,https://www.alldatasheet.com/,sn74ahc341.pdf,sn74ahc341.png
sn74ahc344,Components,fail:alldatasheet_no_download_link,https://www.alldatasheet.com/,sn74ahc344.pdf,sn74ahc344.png
sn74ahc347,Components,fail:alldatasheet_no_download_link,https://www.alldatasheet.com/,sn74ahc347.pdf,sn74ahc347.png
sn74ahc348,Components,fail:alldatasheet_no_download_link,https://www.alldatasheet.com/,sn74ahc348.pdf,sn74ahc348.png
sn74ahc350,Components,fail:alldatasheet_no_download_link,https://www.alldatasheet.com/,sn74ahc350.pdf,sn74ahc350.png
sn74ahc351,Components,fail:alldatasheet_no_download_link,https://www.alldatasheet.com/,sn74ahc351.pdf,sn74ahc351.png
sn74ahc352,Components,fail:alldatasheet_no_download_link,https://www.alldatasheet.com/,sn74ahc352.pdf,sn74ahc352.png
sn74ahc353,Components,fail:alldatasheet_no_download_link,https://www.alldatasheet.com/,sn74ahc353.pdf,sn74ahc353.png
sn74ahc354,Components,fail:alldatasheet_no_download_link,https://www.alldatasheet.com/,sn74ahc354.pdf,sn74ahc354.png
sn74ahc355,Components,fail:alldatasheet_no_download_link,https://www.alldatasheet.com/,sn74ahc355.pdf,sn74ahc355.png
sn74ahc356,Components,fail:alldatasheet_no_download_link,https://www.alldatasheet.com/,sn74ahc356.pdf,sn74ahc356.png
sn74ahc357,Components,fail:alldatasheet_no_download_link,https://www.alldatasheet.com/,sn74ahc357.pdf,sn74ahc357.png
sn74ahc361,Components,fail:alldatasheet_no_download_link,https://www.alldatasheet.com/,sn74ahc361.pdf,sn74ahc361.png
sn74ahc362,Components,fail:alldatasheet_no_download_link,https://www.alldatasheet.com/,sn74ahc362.pdf,sn74ahc362.png
sn74ahc363,Components,fail:alldatasheet_no_download_link,https://www.alldatasheet.com/,sn74ahc363.pdf,sn74ahc363.png
sn74ahc364,Components,fail:alldatasheet_no_download_link,https://www.alldatasheet.com/,sn74ahc364.pdf,sn74ahc364.png
sn74ahc365,Components,fail:alldatasheet_no_download_link,https://www.alldatasheet.com/,sn74ahc365.pdf,sn74ahc365.png
sn74ahc366,Components,fail:alldatasheet_no_download_link,https://www.alldatasheet.com/,sn74ahc366.pdf,sn74ahc366.png
sn74ahc367,Components,ok_no_thumb:thumb_missing,https://www.ti.com/lit/ds/symlink/sn74ahc367.pdf,sn74ahc367.pdf,
sn74ahc368,Components,fail:alldatasheet_no_download_link,https://www.alldatasheet.com/,sn74ahc368.pdf,sn74ahc368.png
sn74ahc370,Components,fail:alldatasheet_no_download_link,https://www.alldatasheet.com/,sn74ahc370.pdf,sn74ahc370.png
sn74ahc371,Components,fail:alldatasheet_no_download_link,https://www.alldatasheet.com/,sn74ahc371.pdf,sn74ahc371.png
sn74ahc373,Components,ok_no_thumb:thumb_missing,https://www.ti.com/lit/ds/symlink/sn74ahc373.pdf,sn74ahc373.pdf,
sn74ahc374,Components,ok_no_thumb:thumb_missing,https://www.ti.com/lit/ds/symlink/sn74ahc374.pdf,sn74ahc374.pdf,
sn74ahc375,Components,fail:alldatasheet_no_download_link,https://www.alldatasheet.com/,sn74ahc375.pdf,sn74ahc375.png
sn74ahc376,Components,fail:alldatasheet_no_download_link,https://www.alldatasheet.com/,sn74ahc376.pdf,sn74ahc376.png
sn74ahc377,Components,fail:alldatasheet_no_download_link,https://www.alldatasheet.com/,sn74ahc377.pdf,sn74ahc377.png
sn74ahc378,Components,fail:alldatasheet_no_download_link,https://www.alldatasheet.com/,sn74ahc378.pdf,sn74ahc378.png
sn74ahc379,Components,fail:alldatasheet_no_download_link,https://www.alldatasheet.com/,sn74ahc379.pdf,sn74ahc379.png
sn74ahc380,Components,fail:alldatasheet_no_download_link,https://www.alldatasheet.com/,sn74ahc380.pdf,sn74ahc380.png
sn74ahc381,Components,fail:alldatasheet_no_download_link,https://www.alldatasheet.com/,sn74ahc381.pdf,sn74ahc381.png
sn74ahc382,Components,fail:alldatasheet_no_download_link,https://www.alldatasheet.com/,sn74ahc382.pdf,sn74ahc382.png
sn74ahc383,Components,fail:alldatasheet_no_download_link,https://www.alldatasheet.com/,sn74ahc383.pdf,sn74ahc383.png
sn74ahc384,Components,fail:alldatasheet_no_download_link,https://www.alldatasheet.com/,sn74ahc384.pdf,sn74ahc384.png
sn74ahc385,Components,fail:alldatasheet_no_download_link,https://www.alldatasheet.com/,sn74ahc385.pdf,sn74ahc385.png
sn74ahc386,Components,fail:alldatasheet_no_download_link,https://www.alldatasheet.com/,sn74ahc386.pdf,sn74ahc386.png
sn74ahc387,Components,fail:alldatasheet_no_download_link,https://www.alldatasheet.com/,sn74ahc387.pdf,sn74ahc387.png
sn74ahc388,Components,fail:alldatasheet_no_download_link,https://www.alldatasheet.com/,sn74ahc388.pdf,sn74ahc388.png
sn74ahc390,Components,fail:alldatasheet_no_download_link,https://www.alldatasheet.com/,sn74ahc390.pdf,sn74ahc390.png
sn74ahc393,Components,fail:alldatasheet_no_download_link,https://www.alldatasheet.com/,sn74ahc393.pdf,sn74ahc393.png
sn74ahc395,Components,fail:alldatasheet_no_download_link,https://www.alldatasheet.com/,sn74ahc395.pdf,sn74ahc395.png
sn74ahc396,Components,fail:alldatasheet_no_download_link,https://www.alldatasheet.com/,sn74ahc396.pdf,sn74ahc396.png
sn74ahc398,Components,fail:alldatasheet_no_download_link,https://www.alldatasheet.com/,sn74ahc398.pdf,sn74ahc398.png
sn74ahc399,Components,fail:alldatasheet_no_download_link,https://www.alldatasheet.com/,sn74ahc399.pdf,sn74ahc399.png
sn74ahc400,Components,fail:alldatasheet_no_download_link,https://www.alldatasheet.com/,sn74ahc400.pdf,sn74ahc400.png
sn74ahc401,Components,fail:alldatasheet_no_download_link,https://www.alldatasheet.com/,sn74ahc401.pdf,sn74ahc401.png
sn74ahc402,Components,fail:alldatasheet_no_download_link,https://www.alldatasheet.com/,sn74ahc402.pdf,sn74ahc402.png
sn74ahc403,Components,fail:alldatasheet_no_download_link,https://www.alldatasheet.com/,sn74ahc403.pdf,sn74ahc403.png
sn74ahc405,Components,fail:alldatasheet_no_download_link,https://www.alldatasheet.com/,sn74ahc405.pdf,sn74ahc405.png
sn74ahc407,Components,fail:alldatasheet_no_download_link,https://www.alldatasheet.com/,sn74ahc407.pdf,sn74ahc407.png
sn74ahc409,Components,fail:alldatasheet_no_download_link,https://www.alldatasheet.com/,sn74ahc409.pdf,sn74ahc409.png
sn74ahc410,Components,fail:alldatasheet_no_download_link,https://www.alldatasheet.com/,sn74ahc410.pdf,sn74ahc410.png
sn74ahc411,Components,fail:alldatasheet_no_download_link,https://www.alldatasheet.com/,sn74ahc411.pdf,sn74ahc411.png
sn74ahc412,Components,fail:alldatasheet_no_download_link,https://www.alldatasheet.com/,sn74ahc412.pdf,sn74ahc412.png
sn74ahc413,Components,fail:alldatasheet_no_download_link,https://www.alldatasheet.com/,sn74ahc413.pdf,sn74ahc413.png
sn74ahc414,Components,fail:alldatasheet_no_download_link,https://www.alldatasheet.com/,sn74ahc414.pdf,sn74ahc414.png
sn74ahc417,Components,fail:alldatasheet_no_download_link,https://www.alldatasheet.com/,sn74ahc417.pdf,sn74ahc417.png
sn74ahc420,Components,fail:alldatasheet_no_download_link,https://www.alldatasheet.com/,sn74ahc420.pdf,sn74ahc420.png
sn74ahc422,Components,fail:alldatasheet_no_download_link,https://www.alldatasheet.com/,sn74ahc422.pdf,sn74ahc422.png
sn74ahc423,Components,fail:alldatasheet_no_download_link,https://www.alldatasheet.com/,sn74ahc423.pdf,sn74ahc423.png
sn74ahc425,Components,fail:alldatasheet_no_download_link,https://www.alldatasheet.com/,sn74ahc425.pdf,sn74ahc425.png
sn74ahc426,Components,fail:alldatasheet_no_download_link,https://www.alldatasheet.com/,sn74ahc426.pdf,sn74ahc426.png
sn74ahc428,Components,fail:alldatasheet_no_download_link,https://www.alldatasheet.com/,sn74ahc428.pdf,sn74ahc428.png
sn74ahc429,Components,fail:alldatasheet_no_download_link,https://www.alldatasheet.com/,sn74ahc429.pdf,sn74ahc429.png
sn74ahc430,Components,fail:alldatasheet_no_download_link,https://www.alldatasheet.com/,sn74ahc430.pdf,sn74ahc430.png
sn74ahc432,Components,fail:alldatasheet_no_download_link,https://www.alldatasheet.com/,sn74ahc432.pdf,sn74ahc432.png
sn74ahc433,Components,fail:alldatasheet_no_download_link,https://www.alldatasheet.com/,sn74ahc433.pdf,sn74ahc433.png
sn74ahc436,Components,fail:alldatasheet_no_download_link,https://www.alldatasheet.com/,sn74ahc436.pdf,sn74ahc436.png
sn74ahc437,Components,fail:alldatasheet_no_download_link,https://www.alldatasheet.com/,sn74ahc437.pdf,sn74ahc437.png
sn74ahc438,Components,fail:alldatasheet_no_download_link,https://www.alldatasheet.com/,sn74ahc438.pdf,sn74ahc438.png
sn74ahc440,Components,fail:alldatasheet_no_download_link,https://www.alldatasheet.com/,sn74ahc440.pdf,sn74ahc440.png
sn74ahc441,Components,fail:alldatasheet_no_download_link,https://www.alldatasheet.com/,sn74ahc441.pdf,sn74ahc441.png
sn74ahc442,Components,fail:alldatasheet_no_download_link,https://www.alldatasheet.com/,sn74ahc442.pdf,sn74ahc442.png
sn74ahc443,Components,fail:alldatasheet_no_download_link,https://www.alldatasheet.com/,sn74ahc443.pdf,sn74ahc443.png
sn74ahc444,Components,fail:alldatasheet_no_download_link,https://www.alldatasheet.com/,sn74ahc444.pdf,sn74ahc444.png
sn74ahc445,Components,fail:alldatasheet_no_download_link,https://www.alldatasheet.com/,sn74ahc445.pdf,sn74ahc445.png
sn74ahc446,Components,fail:alldatasheet_no_download_link,https://www.alldatasheet.com/,sn74ahc446.pdf,sn74ahc446.png
sn74ahc447,Components,fail:alldatasheet_no_download_link,https://www.alldatasheet.com/,sn74ahc447.pdf,sn74ahc447.png
sn74ahc448,Components,fail:alldatasheet_no_download_link,https://www.alldatasheet.com/,sn74ahc448.pdf,sn74ahc448.png
sn74ahc449,Components,fail:alldatasheet_no_download_link,https://www.alldatasheet.com/,sn74ahc449.pdf,sn74ahc449.png
sn74ahc452,Components,fail:alldatasheet_no_download_link,https://www.alldatasheet.com/,sn74ahc452.pdf,sn74ahc452.png
sn74ahc454,Components,fail:alldatasheet_no_download_link,https://www.alldatasheet.com/,sn74ahc454.pdf,sn74ahc454.png
sn74ahc458,Components,fail:alldatasheet_no_download_link,https://www.alldatasheet.com/,sn74ahc458.pdf,sn74ahc458.png
sn74ahc461,Components,fail:alldatasheet_no_download_link,https://www.alldatasheet.com/,sn74ahc461.pdf,sn74ahc461.png
sn74ahc462,Components,fail:alldatasheet_no_download_link,https://www.alldatasheet.com/,sn74ahc462.pdf,sn74ahc462.png
sn74ahc463,Components,fail:alldatasheet_no_download_link,https://www.alldatasheet.com/,sn74ahc463.pdf,sn74ahc463.png
sn74ahc465,Components,fail:alldatasheet_no_download_link,https://www.alldatasheet.com/,sn74ahc465.pdf,sn74ahc465.png
sn74ahc466,Components,fail:alldatasheet_no_download_link,https://www.alldatasheet.com/,sn74ahc466.pdf,sn74ahc466.png
sn74ahc467,Components,fail:alldatasheet_no_download_link,https://www.alldatasheet.com/,sn74ahc467.pdf,sn74ahc467.png
sn74ahc468,Components,fail:alldatasheet_no_download_link,https://www.alldatasheet.com/,sn74ahc468.pdf,sn74ahc468.png
sn74ahc469,Components,fail:alldatasheet_no_download_link,https://www.alldatasheet.com/,sn74ahc469.pdf,sn74ahc469.png
sn74ahc470,Components,fail:alldatasheet_no_download_link,https://www.alldatasheet.com/,sn74ahc470.pdf,sn74ahc470.png
sn74ahc471,Components,fail:alldatasheet_no_download_link,https://www.alldatasheet.com/,sn74ahc471.pdf,sn74ahc471.png
sn74ahc472,Components,fail:alldatasheet_no_download_link,https://www.alldatasheet.com/,sn74ahc472.pdf,sn74ahc472.png
sn74ahc473,Components,fail:alldatasheet_no_download_link,https://www.alldatasheet.com/,sn74ahc473.pdf,sn74ahc473.png
sn74ahc474,Components,fail:alldatasheet_no_download_link,https://www.alldatasheet.com/,sn74ahc474.pdf,sn74ahc474.png
sn74ahc475,Components,fail:alldatasheet_no_download_link,https://www.alldatasheet.com/,sn74ahc475.pdf,sn74ahc475.png
sn74ahc476,Components,fail:alldatasheet_no_download_link,https://www.alldatasheet.com/,sn74ahc476.pdf,sn74ahc476.png
sn74ahc477,Components,fail:alldatasheet_no_download_link,https://www.alldatasheet.com/,sn74ahc477.pdf,sn74ahc477.png
sn74ahc478,Components,fail:alldatasheet_no_download_link,https://www.alldatasheet.com/,sn74ahc478.pdf,sn74ahc478.png
sn74ahc479,Components,fail:alldatasheet_no_download_link,https://www.alldatasheet.com/,sn74ahc479.pdf,sn74ahc479.png
sn74ahc480,Components,fail:alldatasheet_no_download_link,https://www.alldatasheet.com/,sn74ahc480.pdf,sn74ahc480.png
sn74ahc481,Components,fail:alldatasheet_no_download_link,https://www.alldatasheet.com/,sn74ahc481.pdf,sn74ahc481.png
sn74ahc482,Components,fail:alldatasheet_no_download_link,https://www.alldatasheet.com/,sn74ahc482.pdf,sn74ahc482.png
sn74ahc484,Components,fail:alldatasheet_no_download_link,https://www.alldatasheet.com/,sn74ahc484.pdf,sn74ahc484.png
sn74ahc485,Components,fail:alldatasheet_no_download_link,https://www.alldatasheet.com/,sn74ahc485.pdf,sn74ahc485.png
sn74ahc488,Components,fail:alldatasheet_no_download_link,https://www.alldatasheet.com/,sn74ahc488.pdf,sn74ahc488.png
sn74ahc490,Components,fail:alldatasheet_no_download_link,https://www.alldatasheet.com/,sn74ahc490.pdf,sn74ahc490.png
sn74ahc491,Components,fail:alldatasheet_no_download_link,https://www.alldatasheet.com/,sn74ahc491.pdf,sn74ahc491.png
sn74ahc498,Components,fail:alldatasheet_no_download_link,https://www.alldatasheet.com/,sn74ahc498.pdf,sn74ahc498.png
sn74ahc499,Components,fail:alldatasheet_no_download_link,https://www.alldatasheet.com/,sn74ahc499.pdf,sn74ahc499.png
sn74ahc500,Components,fail:alldatasheet_no_download_link,https://www.alldatasheet.com/,sn74ahc500.pdf,sn74ahc500.png
sn74ahc502,Components,fail:alldatasheet_no_download_link,https://www.alldatasheet.com/,sn74ahc502.pdf,sn74ahc502.png
sn74ahc503,Components,fail:alldatasheet_no_download_link,https://www.alldatasheet.com/,sn74ahc503.pdf,sn74ahc503.png
sn74ahc504,Components,fail:alldatasheet_no_download_link,https://www.alldatasheet.com/,sn74ahc504.pdf,sn74ahc504.png
sn74ahc505,Components,fail:alldatasheet_no_download_link,https://www.alldatasheet.com/,sn74ahc505.pdf,sn74ahc505.png
sn74ahc508,Components,fail:alldatasheet_no_download_link,https://www.alldatasheet.com/,sn74ahc508.pdf,sn74ahc508.png
sn74ahc515,Components,fail:alldatasheet_no_download_link,https://www.alldatasheet.com/,sn74ahc515.pdf,sn74ahc515.png
sn74ahc516,Components,fail:alldatasheet_no_download_link,https://www.alldatasheet.com/,sn74ahc516.pdf,sn74ahc516.png
sn74ahc518,Components,fail:alldatasheet_no_download_link,https://www.alldatasheet.com/,sn74ahc518.pdf,sn74ahc518.png
sn74ahc519,Components,fail:alldatasheet_no_download_link,https://www.alldatasheet.com/,sn74ahc519.pdf,sn74ahc519.png
sn74ahc520,Components,fail:alldatasheet_no_download_link,https://www.alldatasheet.com/,sn74ahc520.pdf,sn74ahc520.png
sn74ahc521,Components,fail:alldatasheet_no_download_link,https://www.alldatasheet.com/,sn74ahc521.pdf,sn74ahc521.png
sn74ahc522,Components,fail:alldatasheet_no_download_link,https://www.alldatasheet.com/,sn74ahc522.pdf,sn74ahc522.png
sn74ahc524,Components,fail:alldatasheet_no_download_link,https://www.alldatasheet.com/,sn74ahc524.pdf,sn74ahc524.png
sn74ahc525,Components,fail:alldatasheet_no_download_link,https://www.alldatasheet.com/,sn74ahc525.pdf,sn74ahc525.png
sn74ahc526,Components,fail:alldatasheet_no_download_link,https://www.alldatasheet.com/,sn74ahc526.pdf,sn74ahc526.png
sn74ahc527,Components,fail:alldatasheet_no_download_link,https://www.alldatasheet.com/,sn74ahc527.pdf,sn74ahc527.png
sn74ahc528,Components,fail:alldatasheet_no_download_link,https://www.alldatasheet.com/,sn74ahc528.pdf,sn74ahc528.png
sn74ahc531,Components,fail:alldatasheet_no_download_link,https://www.alldatasheet.com/,sn74ahc531.pdf,sn74ahc531.png
sn74ahc532,Components,fail:alldatasheet_no_download_link,https://www.alldatasheet.com/,sn74ahc532.pdf,sn74ahc532.png
sn74ahc533,Components,fail:alldatasheet_no_download_link,https://www.alldatasheet.com/,sn74ahc533.pdf,sn74ahc533.png
sn74ahc534,Components,fail:alldatasheet_no_download_link,https://www.alldatasheet.com/,sn74ahc534.pdf,sn74ahc534.png
sn74ahc535,Components,fail:alldatasheet_no_download_link,https://www.alldatasheet.com/,sn74ahc535.pdf,sn74ahc535.png
sn74ahc536,Components,fail:alldatasheet_no_download_link,https://www.alldatasheet.com/,sn74ahc536.pdf,sn74ahc536.png
sn74ahc537,Components,fail:alldatasheet_no_download_link,https://www.alldatasheet.com/,sn74ahc537.pdf,sn74ahc537.png
sn74ahc538,Components,fail:alldatasheet_no_download_link,https://www.alldatasheet.com/,sn74ahc538.pdf,sn74ahc538.png
sn74ahc539,Components,fail:alldatasheet_no_download_link,https://www.alldatasheet.com/,sn74ahc539.pdf,sn74ahc539.png
sn74ahc540,Components,ok_no_thumb:thumb_missing,https://www.ti.com/lit/ds/symlink/sn74ahc540.pdf,sn74ahc540.pdf,
sn74ahc541,Components,ok_no_thumb:thumb_missing,https://www.ti.com/lit/ds/symlink/sn74ahc541.pdf,sn74ahc541.pdf,
sn74ahc543,Components,fail:alldatasheet_no_download_link,https://www.alldatasheet.com/,sn74ahc543.pdf,sn74ahc543.png
sn74ahc544,Components,fail:alldatasheet_no_download_link,https://www.alldatasheet.com/,sn74ahc544.pdf,sn74ahc544.png
sn74ahc545,Components,fail:alldatasheet_no_download_link,https://www.alldatasheet.com/,sn74ahc545.pdf,sn74ahc545.png
sn74ahc546,Components,fail:alldatasheet_no_download_link,https://www.alldatasheet.com/,sn74ahc546.pdf,sn74ahc546.png
sn74ahc549,Components,fail:alldatasheet_no_download_link,https://www.alldatasheet.com/,sn74ahc549.pdf,sn74ahc549.png
sn74ahc550,Components,fail:alldatasheet_no_download_link,https://www.alldatasheet.com/,sn74ahc550.pdf,sn74ahc550.png
sn74ahc551,Components,fail:alldatasheet_no_download_link,https://www.alldatasheet.com/,sn74ahc551.pdf,sn74ahc551.png
sn74ahc552,Components,fail:alldatasheet_no_download_link,https://www.alldatasheet.com/,sn74ahc552.pdf,sn74ahc552.png
sn74ahc556,Components,fail:alldatasheet_no_download_link,https://www.alldatasheet.com/,sn74ahc556.pdf,sn74ahc556.png
sn74ahc557,Components,fail:alldatasheet_no_download_link,https://www.alldatasheet.com/,sn74ahc557.pdf,sn74ahc557.png
sn74ahc558,Components,fail:alldatasheet_no_download_link,https://www.alldatasheet.com/,sn74ahc558.pdf,sn74ahc558.png
sn74ahc559,Components,fail:alldatasheet_no_download_link,https://www.alldatasheet.com/,sn74ahc559.pdf,sn74ahc559.png
sn74ahc560,Components,fail:alldatasheet_no_download_link,https://www.alldatasheet.com/,sn74ahc560.pdf,sn74ahc560.png
sn74ahc561,Components,fail:alldatasheet_no_download_link,https://www.alldatasheet.com/,sn74ahc561.pdf,sn74ahc561.png
sn74ahc563,Components,fail:alldatasheet_no_download_link,https://www.alldatasheet.com/,sn74ahc563.pdf,sn74ahc563.png
sn74ahc564,Components,fail:alldatasheet_no_download_link,https://www.alldatasheet.com/,sn74ahc564.pdf,sn74ahc564.png
sn74ahc566,Components,fail:alldatasheet_no_download_link,https://www.alldatasheet.com/,sn74ahc566.pdf,sn74ahc566.png
sn74ahc567,Components,fail:alldatasheet_no_download_link,https://www.alldatasheet.com/,sn74ahc567.pdf,sn74ahc567.png
sn74ahc568,Components,fail:alldatasheet_no_download_link,https://www.alldatasheet.com/,sn74ahc568.pdf,sn74ahc568.png
sn74ahc569,Components,fail:alldatasheet_no_download_link,https://www.alldatasheet.com/,sn74ahc569.pdf,sn74ahc569.png
sn74ahc570,Components,fail:alldatasheet_no_download_link,https://www.alldatasheet.com/,sn74ahc570.pdf,sn74ahc570.png
sn74ahc571,Components,fail:alldatasheet_no_download_link,https://www.alldatasheet.com/,sn74ahc571.pdf,sn74ahc571.png
sn74ahc572,Components,fail:alldatasheet_no_download_link,https://www.alldatasheet.com/,sn74ahc572.pdf,sn74ahc572.png
sn74ahc573,Components,ok_no_thumb:thumb_missing,https://www.ti.com/lit/ds/symlink/sn74ahc573.pdf,sn74ahc573.pdf,
sn74ahc574,Components,ok_no_thumb:thumb_missing,https://www.ti.com/lit/ds/symlink/sn74ahc574.pdf,sn74ahc574.pdf,
sn74ahc575,Components,fail:alldatasheet_no_download_link,https://www.alldatasheet.com/,sn74ahc575.pdf,sn74ahc575.png
sn74ahc576,Components,fail:alldatasheet_no_download_link,https://www.alldatasheet.com/,sn74ahc576.pdf,sn74ahc576.png
sn74ahc577,Components,fail:alldatasheet_no_download_link,https://www.alldatasheet.com/,sn74ahc577.pdf,sn74ahc577.png
sn74ahc579,Components,fail:alldatasheet_no_download_link,https://www.alldatasheet.com/,sn74ahc579.pdf,sn74ahc579.png
sn74ahc580,Components,fail:alldatasheet_no_download_link,https://www.alldatasheet.com/,sn74ahc580.pdf,sn74ahc580.png
sn74ahc582,Components,fail:alldatasheet_no_download_link,https://www.alldatasheet.com/,sn74ahc582.pdf,sn74ahc582.png
sn74ahc583,Components,fail:alldatasheet_no_download_link,https://www.alldatasheet.com/,sn74ahc583.pdf,sn74ahc583.png
sn74ahc588,Components,fail:alldatasheet_no_download_link,https://www.alldatasheet.com/,sn74ahc588.pdf,sn74ahc588.png
sn74ahc589,Components,fail:alldatasheet_no_download_link,https://www.alldatasheet.com/,sn74ahc589.pdf,sn74ahc589.png
sn74ahc590,Components,fail:alldatasheet_no_download_link,https://www.alldatasheet.com/,sn74ahc590.pdf,sn74ahc590.png
sn74ahc591,Components,fail:alldatasheet_no_download_link,https://www.alldatasheet.com/,sn74ahc591.pdf,sn74ahc591.png
sn74ahc592,Components,fail:alldatasheet_no_download_link,https://www.alldatasheet.com/,sn74ahc592.pdf,sn74ahc592.png
sn74ahc593,Components,fail:alldatasheet_no_download_link,https://www.alldatasheet.com/,sn74ahc593.pdf,sn74ahc593.png
sn74ahc594,Components,ok_no_thumb:thumb_missing,https://www.ti.com/lit/ds/symlink/sn74ahc594.pdf,sn74ahc594.pdf,
sn74ahc595,Components,ok_no_thumb:thumb_missing,https://www.ti.com/lit/ds/symlink/sn74ahc595.pdf,sn74ahc595.pdf,
sn74ahc596,Components,fail:alldatasheet_no_download_link,https://www.alldatasheet.com/,sn74ahc596.pdf,sn74ahc596.png
sn74ahc597,Components,fail:alldatasheet_no_download_link,https://www.alldatasheet.com/,sn74ahc597.pdf,sn74ahc597.png
sn74ahc598,Components,fail:alldatasheet_no_download_link,https://www.alldatasheet.com/,sn74ahc598.pdf,sn74ahc598.png
sn74ahc599,Components,fail:alldatasheet_no_download_link,https://www.alldatasheet.com/,sn74ahc599.pdf,sn74ahc599.png
sn74ahc600,Components,fail:alldatasheet_no_download_link,https://www.alldatasheet.com/,sn74ahc600.pdf,sn74ahc600.png
sn74ahc601,Components,fail:alldatasheet_no_download_link,https://www.alldatasheet.com/,sn74ahc601.pdf,sn74ahc601.png
sn74ahc602,Components,fail:alldatasheet_no_download_link,https://www.alldatasheet.com/,sn74ahc602.pdf,sn74ahc602.png
sn74ahc603,Components,fail:alldatasheet_no_download_link,https://www.alldatasheet.com/,sn74ahc603.pdf,sn74ahc603.png
sn74ahc604,Components,fail:alldatasheet_no_download_link,https://www.alldatasheet.com/,sn74ahc604.pdf,sn74ahc604.png
sn74ahc605,Components,fail:alldatasheet_no_download_link,https://www.alldatasheet.com/,sn74ahc605.pdf,sn74ahc605.png
sn74ahc606,Components,fail:alldatasheet_no_download_link,https://www.alldatasheet.com/,sn74ahc606.pdf,sn74ahc606.png
sn74ahc607,Components,fail:alldatasheet_no_download_link,https://www.alldatasheet.com/,sn74ahc607.pdf,sn74ahc607.png
sn74ahc608,Components,fail:alldatasheet_no_download_link,https://www.alldatasheet.com/,sn74ahc608.pdf,sn74ahc608.png
sn74ahc610,Components,fail:alldatasheet_no_download_link,https://www.alldatasheet.com/,sn74ahc610.pdf,sn74ahc610.png
sn74ahc611,Components,fail:alldatasheet_no_download_link,https://www.alldatasheet.com/,sn74ahc611.pdf,sn74ahc611.png
sn74ahc612,Components,fail:alldatasheet_no_download_link,https://www.alldatasheet.com/,sn74ahc612.pdf,sn74ahc612.png
sn74ahc613,Components,fail:alldatasheet_no_download_link,https://www.alldatasheet.com/,sn74ahc613.pdf,sn74ahc613.png
sn74ahc614,Components,fail:alldatasheet_no_download_link,https://www.alldatasheet.com/,sn74ahc614.pdf,sn74ahc614.png
sn74ahc615,Components,fail:alldatasheet_no_download_link,https://www.alldatasheet.com/,sn74ahc615.pdf,sn74ahc615.png
sn74ahc616,Components,fail:alldatasheet_no_download_link,https://www.alldatasheet.com/,sn74ahc616.pdf,sn74ahc616.png
sn74ahc617,Components,fail:alldatasheet_no_download_link,https://www.alldatasheet.com/,sn74ahc617.pdf,sn74ahc617.png
sn74ahc620,Components,fail:alldatasheet_no_download_link,https://www.alldatasheet.com/,sn74ahc620.pdf,sn74ahc620.png
sn74ahc621,Components,fail:alldatasheet_no_download_link,https://www.alldatasheet.com/,sn74ahc621.pdf,sn74ahc621.png
sn74ahc622,Components,fail:alldatasheet_no_download_link,https://www.alldatasheet.com/,sn74ahc622.pdf,sn74ahc622.png
sn74ahc623,Components,fail:alldatasheet_no_download_link,https://www.alldatasheet.com/,sn74ahc623.pdf,sn74ahc623.png
sn74ahc624,Components,fail:alldatasheet_no_download_link,https://www.alldatasheet.com/,sn74ahc624.pdf,sn74ahc624.png
sn74ahc625,Components,fail:alldatasheet_no_download_link,https://www.alldatasheet.com/,sn74ahc625.pdf,sn74ahc625.png
sn74ahc626,Components,fail:alldatasheet_no_download_link,https://www.alldatasheet.com/,sn74ahc626.pdf,sn74ahc626.png
sn74ahc627,Components,fail:alldatasheet_no_download_link,https://www.alldatasheet.com/,sn74ahc627.pdf,sn74ahc627.png
sn74ahc628,Components,fail:alldatasheet_no_download_link,https://www.alldatasheet.com/,sn74ahc628.pdf,sn74ahc628.png
sn74ahc629,Components,fail:alldatasheet_no_download_link,https://www.alldatasheet.com/,sn74ahc629.pdf,sn74ahc629.png
sn74ahc630,Components,fail:alldatasheet_no_download_link,https://www.alldatasheet.com/,sn74ahc630.pdf,sn74ahc630.png
sn74ahc631,Components,fail:alldatasheet_no_download_link,https://www.alldatasheet.com/,sn74ahc631.pdf,sn74ahc631.png
sn74ahc632,Components,fail:alldatasheet_no_download_link,https://www.alldatasheet.com/,sn74ahc632.pdf,sn74ahc632.png
sn74ahc633,Components,fail:alldatasheet_no_download_link,https://www.alldatasheet.com/,sn74ahc633.pdf,sn74ahc633.png
sn74ahc634,Components,fail:alldatasheet_no_download_link,https://www.alldatasheet.com/,sn74ahc634.pdf,sn74ahc634.png
sn74ahc635,Components,fail:alldatasheet_no_download_link,https://www.alldatasheet.com/,sn74ahc635.pdf,sn74ahc635.png
sn74ahc636,Components,fail:alldatasheet_no_download_link,https://www.alldatasheet.com/,sn74ahc636.pdf,sn74ahc636.png
sn74ahc637,Components,fail:alldatasheet_no_download_link,https://www.alldatasheet.com/,sn74ahc637.pdf,sn74ahc637.png
sn74ahc638,Components,fail:alldatasheet_no_download_link,https://www.alldatasheet.com/,sn74ahc638.pdf,sn74ahc638.png
sn74ahc639,Components,fail:alldatasheet_no_download_link,https://www.alldatasheet.com/,sn74ahc639.pdf,sn74ahc639.png
sn74ahc640,Components,fail:alldatasheet_no_download_link,https://www.alldatasheet.com/,sn74ahc640.pdf,sn74ahc640.png
sn74ahc641,Components,fail:alldatasheet_no_download_link,https://www.alldatasheet.com/,sn74ahc641.pdf,sn74ahc641.png
sn74ahc642,Components,fail:alldatasheet_no_download_link,https://www.alldatasheet.com/,sn74ahc642.pdf,sn74ahc642.png
sn74ahc643,Components,fail:alldatasheet_no_download_link,https://www.alldatasheet.com/,sn74ahc643.pdf,sn74ahc643.png
sn74ahc644,Components,fail:alldatasheet_no_download_link,https://www.alldatasheet.com/,sn74ahc644.pdf,sn74ahc644.png
sn74ahc645,Components,fail:alldatasheet_no_download_link,https://www.alldatasheet.com/,sn74ahc645.pdf,sn74ahc645.png
sn74ahc646,Components,fail:alldatasheet_no_download_link,https://www.alldatasheet.com/,sn74ahc646.pdf,sn74ahc646.png
sn74ahc647,Components,fail:alldatasheet_no_download_link,https://www.alldatasheet.com/,sn74ahc647.pdf,sn74ahc647.png
sn74ahc648,Components,fail:alldatasheet_no_download_link,https://www.alldatasheet.com/,sn74ahc648.pdf,sn74ahc648.png
sn74ahc649,Components,fail:alldatasheet_no_download_link,https://www.alldatasheet.com/,sn74ahc649.pdf,sn74ahc649.png
sn74ahc651,Components,fail:alldatasheet_no_download_link,https://www.alldatasheet.com/,sn74ahc651.pdf,sn74ahc651.png
sn74ahc652,Components,fail:alldatasheet_no_download_link,https://www.alldatasheet.com/,sn74ahc652.pdf,sn74ahc652.png
sn74ahc653,Components,fail:alldatasheet_no_download_link,https://www.alldatasheet.com/,sn74ahc653.pdf,sn74ahc653.png
sn74ahc654,Components,fail:alldatasheet_no_download_link,https://www.alldatasheet.com/,sn74ahc654.pdf,sn74ahc654.png
sn74ahc655,Components,fail:alldatasheet_no_download_link,https://www.alldatasheet.com/,sn74ahc655.pdf,sn74ahc655.png
sn74ahc656,Components,fail:alldatasheet_no_download_link,https://www.alldatasheet.com/,sn74ahc656.pdf,sn74ahc656.png
sn74ahc657,Components,fail:alldatasheet_no_download_link,https://www.alldatasheet.com/,sn74ahc657.pdf,sn74ahc657.png
sn74ahc658,Components,fail:alldatasheet_no_download_link,https://www.alldatasheet.com/,sn74ahc658.pdf,sn74ahc658.png
sn74ahc659,Components,fail:alldatasheet_no_download_link,https://www.alldatasheet.com/,sn74ahc659.pdf,sn74ahc659.png
sn74ahc664,Components,fail:alldatasheet_no_download_link,https://www.alldatasheet.com/,sn74ahc664.pdf,sn74ahc664.png
sn74ahc665,Components,fail:alldatasheet_no_download_link,https://www.alldatasheet.com/,sn74ahc665.pdf,sn74ahc665.png
sn74ahc666,Components,fail:alldatasheet_no_download_link,https://www.alldatasheet.com/,sn74ahc666.pdf,sn74ahc666.png
sn74ahc667,Components,fail:alldatasheet_no_download_link,https://www.alldatasheet.com/,sn74ahc667.pdf,sn74ahc667.png
sn74ahc668,Components,fail:alldatasheet_no_download_link,https://www.alldatasheet.com/,sn74ahc668.pdf,sn74ahc668.png
sn74ahc669,Components,fail:alldatasheet_no_download_link,https://www.alldatasheet.com/,sn74ahc669.pdf,sn74ahc669.png
sn74ahc670,Components,fail:alldatasheet_no_download_link,https://www.alldatasheet.com/,sn74ahc670.pdf,sn74ahc670.png
sn74ahc671,Components,fail:alldatasheet_no_download_link,https://www.alldatasheet.com/,sn74ahc671.pdf,sn74ahc671.png
sn74ahc672,Components,fail:alldatasheet_no_download_link,https://www.alldatasheet.com/,sn74ahc672.pdf,sn74ahc672.png
sn74ahc673,Components,fail:alldatasheet_no_download_link,https://www.alldatasheet.com/,sn74ahc673.pdf,sn74ahc673.png
sn74ahc674,Components,fail:alldatasheet_no_download_link,https://www.alldatasheet.com/,sn74ahc674.pdf,sn74ahc674.png
sn74ahc675,Components,fail:alldatasheet_no_download_link,https://www.alldatasheet.com/,sn74ahc675.pdf,sn74ahc675.png
sn74ahc676,Components,fail:alldatasheet_no_download_link,https://www.alldatasheet.com/,sn74ahc676.pdf,sn74ahc676.png
sn74ahc677,Components,fail:alldatasheet_no_download_link,https://www.alldatasheet.com/,sn74ahc677.pdf,sn74ahc677.png
sn74ahc678,Components,fail:alldatasheet_no_download_link,https://www.alldatasheet.com/,sn74ahc678.pdf,sn74ahc678.png
sn74ahc679,Components,fail:alldatasheet_no_download_link,https://www.alldatasheet.com/,sn74ahc679.pdf,sn74ahc679.png
sn74ahc680,Components,fail:alldatasheet_no_download_link,https://www.alldatasheet.com/,sn74ahc680.pdf,sn74ahc680.png
sn74ahc681,Components,fail:alldatasheet_no_download_link,https://www.alldatasheet.com/,sn74ahc681.pdf,sn74ahc681.png
sn74ahc682,Components,fail:alldatasheet_no_download_link,https://www.alldatasheet.com/,sn74ahc682.pdf,sn74ahc682.png
sn74ahc683,Components,fail:alldatasheet_no_download_link,https://www.alldatasheet.com/,sn74ahc683.pdf,sn74ahc683.png
sn74ahc684,Components,fail:alldatasheet_no_download_link,https://www.alldatasheet.com/,sn74ahc684.pdf,sn74ahc684.png
sn74ahc685,Components,fail:alldatasheet_no_download_link,https://www.alldatasheet.com/,sn74ahc685.pdf,sn74ahc685.png
sn74ahc686,Components,fail:alldatasheet_no_download_link,https://www.alldatasheet.com/,sn74ahc686.pdf,sn74ahc686.png
sn74ahc687,Components,fail:alldatasheet_no_download_link,https://www.alldatasheet.com/,sn74ahc687.pdf,sn74ahc687.png
sn74ahc688,Components,fail:alldatasheet_no_download_link,https://www.alldatasheet.com/,sn74ahc688.pdf,sn74ahc688.png
sn74ahc689,Components,fail:alldatasheet_no_download_link,https://www.alldatasheet.com/,sn74ahc689.pdf,sn74ahc689.png
sn74ahc690,Components,fail:alldatasheet_no_download_link,https://www.alldatasheet.com/,sn74ahc690.pdf,sn74ahc690.png
sn74ahc691,Components,fail:alldatasheet_no_download_link,https://www.alldatasheet.com/,sn74ahc691.pdf,sn74ahc691.png
sn74ahc692,Components,fail:alldatasheet_no_download_link,https://www.alldatasheet.com/,sn74ahc692.pdf,sn74ahc692.png
sn74ahc693,Components,fail:alldatasheet_no_download_link,https://www.alldatasheet.com/,sn74ahc693.pdf,sn74ahc693.png
sn74ahc694,Components,fail:alldatasheet_no_download_link,https://www.alldatasheet.com/,sn74ahc694.pdf,sn74ahc694.png
sn74ahc695,Components,fail:alldatasheet_no_download_link,https://www.alldatasheet.com/,sn74ahc695.pdf,sn74ahc695.png
sn74ahc696,Components,fail:alldatasheet_no_download_link,https://www.alldatasheet.com/,sn74ahc696.pdf,sn74ahc696.png
sn74ahc697,Components,fail:alldatasheet_no_download_link,https://www.alldatasheet.com/,sn74ahc697.pdf,sn74ahc697.png
sn74ahc698,Components,fail:alldatasheet_no_download_link,https://www.alldatasheet.com/,sn74ahc698.pdf,sn74ahc698.png
sn74ahc699,Components,fail:alldatasheet_no_download_link,https://www.alldatasheet.com/,sn74ahc699.pdf,sn74ahc699.png
sn74ahc700,Components,fail:alldatasheet_no_download_link,https://www.alldatasheet.com/,sn74ahc700.pdf,sn74ahc700.png
sn74ahc701,Components,fail:alldatasheet_no_download_link,https://www.alldatasheet.com/,sn74ahc701.pdf,sn74ahc701.png
sn74ahc702,Components,fail:alldatasheet_no_download_link,https://www.alldatasheet.com/,sn74ahc702.pdf,sn74ahc702.png
sn74ahc705,Components,fail:alldatasheet_no_download_link,https://www.alldatasheet.com/,sn74ahc705.pdf,sn74ahc705.png
sn74ahc707,Components,fail:alldatasheet_no_download_link,https://www.alldatasheet.com/,sn74ahc707.pdf,sn74ahc707.png
sn74ahc708,Components,fail:alldatasheet_no_download_link,https://www.alldatasheet.com/,sn74ahc708.pdf,sn74ahc708.png
sn74ahc710,Components,fail:alldatasheet_no_download_link,https://www.alldatasheet.com/,sn74ahc710.pdf,sn74ahc710.png
sn74ahc711,Components,fail:alldatasheet_no_download_link,https://www.alldatasheet.com/,sn74ahc711.pdf,sn74ahc711.png
sn74ahc712,Components,fail:alldatasheet_no_download_link,https://www.alldatasheet.com/,sn74ahc712.pdf,sn74ahc712.png
sn74ahc715,Components,fail:alldatasheet_no_download_link,https://www.alldatasheet.com/,sn74ahc715.pdf,sn74ahc715.png
sn74ahc716,Components,fail:alldatasheet_no_download_link,https://www.alldatasheet.com/,sn74ahc716.pdf,sn74ahc716.png
sn74ahc718,Components,fail:alldatasheet_no_download_link,https://www.alldatasheet.com/,sn74ahc718.pdf,sn74ahc718.png
sn74ahc723,Components,fail:alldatasheet_no_download_link,https://www.alldatasheet.com/,sn74ahc723.pdf,sn74ahc723.png
sn74ahc724,Components,fail:alldatasheet_no_download_link,https://www.alldatasheet.com/,sn74ahc724.pdf,sn74ahc724.png
sn74ahc725,Components,fail:alldatasheet_no_download_link,https://www.alldatasheet.com/,sn74ahc725.pdf,sn74ahc725.png
sn74ahc730,Components,fail:alldatasheet_no_download_link,https://www.alldatasheet.com/,sn74ahc730.pdf,sn74ahc730.png
sn74ahc731,Components,fail:alldatasheet_no_download_link,https://www.alldatasheet.com/,sn74ahc731.pdf,sn74ahc731.png
sn74ahc732,Components,fail:alldatasheet_no_download_link,https://www.alldatasheet.com/,sn74ahc732.pdf,sn74ahc732.png
sn74ahc733,Components,fail:alldatasheet_no_download_link,https://www.alldatasheet.com/,sn74ahc733.pdf,sn74ahc733.png
sn74ahc734,Components,fail:alldatasheet_no_download_link,https://www.alldatasheet.com/,sn74ahc734.pdf,sn74ahc734.png
sn74ahc740,Components,fail:alldatasheet_no_download_link,https://www.alldatasheet.com/,sn74ahc740.pdf,sn74ahc740.png
sn74ahc741,Components,fail:alldatasheet_no_download_link,https://www.alldatasheet.com/,sn74ahc741.pdf,sn74ahc741.png
sn74ahc742,Components,fail:alldatasheet_no_download_link,https://www.alldatasheet.com/,sn74ahc742.pdf,sn74ahc742.png
sn74ahc743,Components,fail:alldatasheet_no_download_link,https://www.alldatasheet.com/,sn74ahc743.pdf,sn74ahc743.png
sn74ahc744,Components,fail:alldatasheet_no_download_link,https://www.alldatasheet.com/,sn74ahc744.pdf,sn74ahc744.png
sn74ahc746,Components,fail:alldatasheet_no_download_link,https://www.alldatasheet.com/,sn74ahc746.pdf,sn74ahc746.png
sn74ahc747,Components,fail:alldatasheet_no_download_link,https://www.alldatasheet.com/,sn74ahc747.pdf,sn74ahc747.png
sn74ahc748,Components,fail:alldatasheet_no_download_link,https://www.alldatasheet.com/,sn74ahc748.pdf,sn74ahc748.png
sn74ahc756,Components,fail:alldatasheet_no_download_link,https://www.alldatasheet.com/,sn74ahc756.pdf,sn74ahc756.png
sn74ahc757,Components,fail:alldatasheet_no_download_link,https://www.alldatasheet.com/,sn74ahc757.pdf,sn74ahc757.png
sn74ahc758,Components,fail:alldatasheet_no_download_link,https://www.alldatasheet.com/,sn74ahc758.pdf,sn74ahc758.png
sn74ahc759,Components,fail:alldatasheet_no_download_link,https://www.alldatasheet.com/,sn74ahc759.pdf,sn74ahc759.png
sn74ahc760,Components,fail:alldatasheet_no_download_link,https://www.alldatasheet.com/,sn74ahc760.pdf,sn74ahc760.png
sn74ahc762,Components,fail:alldatasheet_no_download_link,https://www.alldatasheet.com/,sn74ahc762.pdf,sn74ahc762.png
sn74ahc763,Components,fail:alldatasheet_no_download_link,https://www.alldatasheet.com/,sn74ahc763.pdf,sn74ahc763.png
sn74ahc764,Components,fail:alldatasheet_no_download_link,https://www.alldatasheet.com/,sn74ahc764.pdf,sn74ahc764.png
sn74ahc765,Components,fail:alldatasheet_no_download_link,https://www.alldatasheet.com/,sn74ahc765.pdf,sn74ahc765.png
sn74ahc776,Components,fail:alldatasheet_no_download_link,https://www.alldatasheet.com/,sn74ahc776.pdf,sn74ahc776.png
sn74ahc777,Components,fail:alldatasheet_no_download_link,https://www.alldatasheet.com/,sn74ahc777.pdf,sn74ahc777.png
sn74ahc779,Components,fail:alldatasheet_no_download_link,https://www.alldatasheet.com/,sn74ahc779.pdf,sn74ahc779.png
sn74ahc783,Components,fail:alldatasheet_no_download_link,https://www.alldatasheet.com/,sn74ahc783.pdf,sn74ahc783.png
sn74ahc784,Components,fail:alldatasheet_no_download_link,https://www.alldatasheet.com/,sn74ahc784.pdf,sn74ahc784.png
sn74ahc785,Components,fail:alldatasheet_no_download_link,https://www.alldatasheet.com/,sn74ahc785.pdf,sn74ahc785.png
sn74ahc786,Components,fail:alldatasheet_no_download_link,https://www.alldatasheet.com/,sn74ahc786.pdf,sn74ahc786.png
sn74ahc790,Components,fail:alldatasheet_no_download_link,https://www.alldatasheet.com/,sn74ahc790.pdf,sn74ahc790.png
sn74ahc793,Components,fail:alldatasheet_no_download_link,https://www.alldatasheet.com/,sn74ahc793.pdf,sn74ahc793.png
sn74ahc794,Components,fail:alldatasheet_no_download_link,https://www.alldatasheet.com/,sn74ahc794.pdf,sn74ahc794.png
sn74ahc795,Components,fail:alldatasheet_no_download_link,https://www.alldatasheet.com/,sn74ahc795.pdf,sn74ahc795.png
sn74ahc796,Components,fail:alldatasheet_no_download_link,https://www.alldatasheet.com/,sn74ahc796.pdf,sn74ahc796.png
sn74ahc797,Components,fail:alldatasheet_no_download_link,https://www.alldatasheet.com/,sn74ahc797.pdf,sn74ahc797.png
sn74ahc798,Components,fail:alldatasheet_no_download_link,https://www.alldatasheet.com/,sn74ahc798.pdf,sn74ahc798.png
sn74ahc799,Components,fail:alldatasheet_no_download_link,https://www.alldatasheet.com/,sn74ahc799.pdf,sn74ahc799.png
sn74ahc800,Components,fail:alldatasheet_no_download_link,https://www.alldatasheet.com/,sn74ahc800.pdf,sn74ahc800.png
sn74ahc802,Components,fail:alldatasheet_no_download_link,https://www.alldatasheet.com/,sn74ahc802.pdf,sn74ahc802.png
sn74ahc803,Components,fail:alldatasheet_no_download_link,https://www.alldatasheet.com/,sn74ahc803.pdf,sn74ahc803.png
sn74ahc804,Components,fail:alldatasheet_no_download_link,https://www.alldatasheet.com/,sn74ahc804.pdf,sn74ahc804.png
sn74ahc805,Components,fail:alldatasheet_no_download_link,https://www.alldatasheet.com/,sn74ahc805.pdf,sn74ahc805.png
sn74ahc807,Components,fail:alldatasheet_no_download_link,https://www.alldatasheet.com/,sn74ahc807.pdf,sn74ahc807.png
sn74ahc808,Components,fail:alldatasheet_no_download_link,https://www.alldatasheet.com/,sn74ahc808.pdf,sn74ahc808.png
sn74ahc810,Components,fail:alldatasheet_no_download_link,https://www.alldatasheet.com/,sn74ahc810.pdf,sn74ahc810.png
sn74ahc811,Components,fail:alldatasheet_no_download_link,https://www.alldatasheet.com/,sn74ahc811.pdf,sn74ahc811.png
sn74ahc817,Components,fail:alldatasheet_no_download_link,https://www.alldatasheet.com/,sn74ahc817.pdf,sn74ahc817.png
sn74ahc818,Components,fail:alldatasheet_no_download_link,https://www.alldatasheet.com/,sn74ahc818.pdf,sn74ahc818.png
sn74ahc819,Components,fail:alldatasheet_no_download_link,https://www.alldatasheet.com/,sn74ahc819.pdf,sn74ahc819.png
sn74ahc821,Components,fail:alldatasheet_no_download_link,https://www.alldatasheet.com/,sn74ahc821.pdf,sn74ahc821.png
sn74ahc822,Components,fail:alldatasheet_no_download_link,https://www.alldatasheet.com/,sn74ahc822.pdf,sn74ahc822.png
sn74ahc823,Components,fail:alldatasheet_no_download_link,https://www.alldatasheet.com/,sn74ahc823.pdf,sn74ahc823.png
sn74ahc824,Components,fail:alldatasheet_no_download_link,https://www.alldatasheet.com/,sn74ahc824.pdf,sn74ahc824.png
sn74ahc825,Components,fail:alldatasheet_no_download_link,https://www.alldatasheet.com/,sn74ahc825.pdf,sn74ahc825.png
sn74ahc826,Components,fail:alldatasheet_no_download_link,https://www.alldatasheet.com/,sn74ahc826.pdf,sn74ahc826.png
sn74ahc827,Components,fail:alldatasheet_no_download_link,https://www.alldatasheet.com/,sn74ahc827.pdf,sn74ahc827.png
sn74ahc828,Components,fail:alldatasheet_no_download_link,https://www.alldatasheet.com/,sn74ahc828.pdf,sn74ahc828.png
sn74ahc832,Components,fail:alldatasheet_no_download_link,https://www.alldatasheet.com/,sn74ahc832.pdf,sn74ahc832.png
sn74ahc833,Components,fail:alldatasheet_no_download_link,https://www.alldatasheet.com/,sn74ahc833.pdf,sn74ahc833.png
sn74ahc834,Components,fail:alldatasheet_no_download_link,https://www.alldatasheet.com/,sn74ahc834.pdf,sn74ahc834.png
sn74ahc835,Components,fail:alldatasheet_no_download_link,https://www.alldatasheet.com/,sn74ahc835.pdf,sn74ahc835.png
sn74ahc839,Components,fail:alldatasheet_no_download_link,https://www.alldatasheet.com/,sn74ahc839.pdf,sn74ahc839.png
sn74ahc840,Components,fail:alldatasheet_no_download_link,https://www.alldatasheet.com/,sn74ahc840.pdf,sn74ahc840.png
sn74ahc841,Components,fail:alldatasheet_no_download_link,https://www.alldatasheet.com/,sn74ahc841.pdf,sn74ahc841.png
sn74ahc842,Components,fail:alldatasheet_no_download_link,https://www.alldatasheet.com/,sn74ahc842.pdf,sn74ahc842.png
sn74ahc843,Components,fail:alldatasheet_no_download_link,https://www.alldatasheet.com/,sn74ahc843.pdf,sn74ahc843.png
sn74ahc844,Components,fail:alldatasheet_no_download_link,https://www.alldatasheet.com/,sn74ahc844.pdf,sn74ahc844.png
sn74ahc845,Components,fail:alldatasheet_no_download_link,https://www.alldatasheet.com/,sn74ahc845.pdf,sn74ahc845.png
sn74ahc846,Components,fail:alldatasheet_no_download_link,https://www.alldatasheet.com/,sn74ahc846.pdf,sn74ahc846.png
sn74ahc848,Components,fail:alldatasheet_no_download_link,https://www.alldatasheet.com/,sn74ahc848.pdf,sn74ahc848.png
sn74ahc850,Components,fail:alldatasheet_no_download_link,https://www.alldatasheet.com/,sn74ahc850.pdf,sn74ahc850.png
sn74ahc851,Components,fail:alldatasheet_no_download_link,https://www.alldatasheet.com/,sn74ahc851.pdf,sn74ahc851.png
sn74ahc852,Components,fail:alldatasheet_no_download_link,https://www.alldatasheet.com/,sn74ahc852.pdf,sn74ahc852.png
sn74ahc853,Components,fail:alldatasheet_no_download_link,https://www.alldatasheet.com/,sn74ahc853.pdf,sn74ahc853.png
sn74ahc854,Components,fail:alldatasheet_no_download_link,https://www.alldatasheet.com/,sn74ahc854.pdf,sn74ahc854.png
sn74ahc856,Components,fail:alldatasheet_no_download_link,https://www.alldatasheet.com/,sn74ahc856.pdf,sn74ahc856.png
sn74ahc857,Components,fail:alldatasheet_no_download_link,https://www.alldatasheet.com/,sn74ahc857.pdf,sn74ahc857.png
sn74ahc861,Components,fail:alldatasheet_no_download_link,https://www.alldatasheet.com/,sn74ahc861.pdf,sn74ahc861.png
sn74ahc862,Components,fail:alldatasheet_no_download_link,https://www.alldatasheet.com/,sn74ahc862.pdf,sn74ahc862.png
sn74ahc863,Components,fail:alldatasheet_no_download_link,https://www.alldatasheet.com/,sn74ahc863.pdf,sn74ahc863.png
sn74ahc864,Components,fail:alldatasheet_no_download_link,https://www.alldatasheet.com/,sn74ahc864.pdf,sn74ahc864.png
sn74ahc866,Components,fail:alldatasheet_no_download_link,https://www.alldatasheet.com/,sn74ahc866.pdf,sn74ahc866.png
sn74ahc867,Components,fail:alldatasheet_no_download_link,https://www.alldatasheet.com/,sn74ahc867.pdf,sn74ahc867.png
sn74ahc869,Components,fail:alldatasheet_no_download_link,https://www.alldatasheet.com/,sn74ahc869.pdf,sn74ahc869.png
sn74ahc870,Components,fail:alldatasheet_no_download_link,https://www.alldatasheet.com/,sn74ahc870.pdf,sn74ahc870.png
sn74ahc871,Components,fail:alldatasheet_no_download_link,https://www.alldatasheet.com/,sn74ahc871.pdf,sn74ahc871.png
sn74ahc873,Components,fail:alldatasheet_no_download_link,https://www.alldatasheet.com/,sn74ahc873.pdf,sn74ahc873.png
sn74ahc874,Components,fail:alldatasheet_no_download_link,https://www.alldatasheet.com/,sn74ahc874.pdf,sn74ahc874.png
sn74ahc876,Components,fail:alldatasheet_no_download_link,https://www.alldatasheet.com/,sn74ahc876.pdf,sn74ahc876.png
sn74ahc877,Components,fail:alldatasheet_no_download_link,https://www.alldatasheet.com/,sn74ahc877.pdf,sn74ahc877.png
sn74ahc878,Components,fail:alldatasheet_no_download_link,https://www.alldatasheet.com/,sn74ahc878.pdf,sn74ahc878.png
sn74ahc879,Components,fail:alldatasheet_no_download_link,https://www.alldatasheet.com/,sn74ahc879.pdf,sn74ahc879.png
sn74ahc880,Components,fail:alldatasheet_no_download_link,https://www.alldatasheet.com/,sn74ahc880.pdf,sn74ahc880.png
sn74ahc881,Components,fail:alldatasheet_no_download_link,https://www.alldatasheet.com/,sn74ahc881.pdf,sn74ahc881.png
sn74ahc882,Components,fail:alldatasheet_no_download_link,https://www.alldatasheet.com/,sn74ahc882.pdf,sn74ahc882.png
sn74ahc885,Components,fail:alldatasheet_no_download_link,https://www.alldatasheet.com/,sn74ahc885.pdf,sn74ahc885.png
sn74ahc887,Components,fail:alldatasheet_no_download_link,https://www.alldatasheet.com/,sn74ahc887.pdf,sn74ahc887.png
sn74ahc888,Components,fail:alldatasheet_no_download_link,https://www.alldatasheet.com/,sn74ahc888.pdf,sn74ahc888.png
sn74ahc889,Components,fail:alldatasheet_no_download_link,https://www.alldatasheet.com/,sn74ahc889.pdf,sn74ahc889.png
sn74ahc890,Components,fail:alldatasheet_no_download_link,https://www.alldatasheet.com/,sn74ahc890.pdf,sn74ahc890.png
sn74ahc891,Components,fail:alldatasheet_no_download_link,https://www.alldatasheet.com/,sn74ahc891.pdf,sn74ahc891.png
sn74ahc895,Components,fail:alldatasheet_no_download_link,https://www.alldatasheet.com/,sn74ahc895.pdf,sn74ahc895.png
sn74ahc897,Components,fail:alldatasheet_no_download_link,https://www.alldatasheet.com/,sn74ahc897.pdf,sn74ahc897.png
sn74ahc899,Components,fail:alldatasheet_no_download_link,https://www.alldatasheet.com/,sn74ahc899.pdf,sn74ahc899.png
sn74ahc900,Components,fail:alldatasheet_no_download_link,https://www.alldatasheet.com/,sn74ahc900.pdf,sn74ahc900.png
sn74ahc901,Components,fail:alldatasheet_no_download_link,https://www.alldatasheet.com/,sn74ahc901.pdf,sn74ahc901.png
sn74ahc904,Components,fail:alldatasheet_no_download_link,https://www.alldatasheet.com/,sn74ahc904.pdf,sn74ahc904.png
sn74ahc905,Components,fail:alldatasheet_no_download_link,https://www.alldatasheet.com/,sn74ahc905.pdf,sn74ahc905.png
sn74ahc906,Components,fail:alldatasheet_no_download_link,https://www.alldatasheet.com/,sn74ahc906.pdf,sn74ahc906.png
sn74ahc907,Components,fail:alldatasheet_no_download_link,https://www.alldatasheet.com/,sn74ahc907.pdf,sn74ahc907.png
sn74ahc908,Components,fail:alldatasheet_no_download_link,https://www.alldatasheet.com/,sn74ahc908.pdf,sn74ahc908.png
sn74ahc909,Components,fail:alldatasheet_no_download_link,https://www.alldatasheet.com/,sn74ahc909.pdf,sn74ahc909.png
sn74ahc910,Components,fail:alldatasheet_no_download_link,https://www.alldatasheet.com/,sn74ahc910.pdf,sn74ahc910.png
sn74ahc911,Components,fail:alldatasheet_no_download_link,https://www.alldatasheet.com/,sn74ahc911.pdf,sn74ahc911.png
sn74ahc912,Components,fail:alldatasheet_no_download_link,https://www.alldatasheet.com/,sn74ahc912.pdf,sn74ahc912.png
sn74ahc913,Components,fail:alldatasheet_no_download_link,https://www.alldatasheet.com/,sn74ahc913.pdf,sn74ahc913.png
sn74ahc914,Components,fail:alldatasheet_no_download_link,https://www.alldatasheet.com/,sn74ahc914.pdf,sn74ahc914.png
sn74ahc915,Components,fail:alldatasheet_no_download_link,https://www.alldatasheet.com/,sn74ahc915.pdf,sn74ahc915.png
sn74ahc917,Components,fail:alldatasheet_no_download_link,https://www.alldatasheet.com/,sn74ahc917.pdf,sn74ahc917.png
sn74ahc918,Components,fail:alldatasheet_no_download_link,https://www.alldatasheet.com/,sn74ahc918.pdf,sn74ahc918.png
sn74ahc920,Components,fail:alldatasheet_no_download_link,https://www.alldatasheet.com/,sn74ahc920.pdf,sn74ahc920.png
sn74ahc921,Components,fail:alldatasheet_no_download_link,https://www.alldatasheet.com/,sn74ahc921.pdf,sn74ahc921.png
sn74ahc922,Components,fail:alldatasheet_no_download_link,https://www.alldatasheet.com/,sn74ahc922.pdf,sn74ahc922.png
sn74ahc923,Components,fail:alldatasheet_no_download_link,https://www.alldatasheet.com/,sn74ahc923.pdf,sn74ahc923.png
sn74ahc925,Components,fail:alldatasheet_no_download_link,https://www.alldatasheet.com/,sn74ahc925.pdf,sn74ahc925.png
sn74ahc926,Components,fail:alldatasheet_no_download_link,https://www.alldatasheet.com/,sn74ahc926.pdf,sn74ahc926.png
sn74ahc927,Components,fail:alldatasheet_no_download_link,https://www.alldatasheet.com/,sn74ahc927.pdf,sn74ahc927.png
sn74ahc928,Components,fail:alldatasheet_no_download_link,https://www.alldatasheet.com/,sn74ahc928.pdf,sn74ahc928.png
sn74ahc929,Components,fail:alldatasheet_no_download_link,https://www.alldatasheet.com/,sn74ahc929.pdf,sn74ahc929.png
sn74ahc930,Components,fail:alldatasheet_no_download_link,https://www.alldatasheet.com/,sn74ahc930.pdf,sn74ahc930.png
sn74ahc932,Components,fail:alldatasheet_no_download_link,https://www.alldatasheet.com/,sn74ahc932.pdf,sn74ahc932.png
sn74ahc933,Components,fail:alldatasheet_no_download_link,https://www.alldatasheet.com/,sn74ahc933.pdf,sn74ahc933.png
sn74ahc935,Components,fail:alldatasheet_no_download_link,https://www.alldatasheet.com/,sn74ahc935.pdf,sn74ahc935.png
sn74ahc936,Components,fail:alldatasheet_no_download_link,https://www.alldatasheet.com/,sn74ahc936.pdf,sn74ahc936.png
sn74ahc937,Components,fail:alldatasheet_no_download_link,https://www.alldatasheet.com/,sn74ahc937.pdf,sn74ahc937.png
sn74ahc938,Components,fail:alldatasheet_no_download_link,https://www.alldatasheet.com/,sn74ahc938.pdf,sn74ahc938.png
sn74ahc940,Components,fail:alldatasheet_no_download_link,https://www.alldatasheet.com/,sn74ahc940.pdf,sn74ahc940.png
sn74ahc941,Components,fail:alldatasheet_no_download_link,https://www.alldatasheet.com/,sn74ahc941.pdf,sn74ahc941.png
sn74ahc942,Components,fail:alldatasheet_no_download_link,https://www.alldatasheet.com/,sn74ahc942.pdf,sn74ahc942.png
sn74ahc943,Components,fail:alldatasheet_no_download_link,https://www.alldatasheet.com/,sn74ahc943.pdf,sn74ahc943.png
sn74ahc945,Components,fail:alldatasheet_no_download_link,https://www.alldatasheet.com/,sn74ahc945.pdf,sn74ahc945.png
sn74ahc946,Components,fail:alldatasheet_no_download_link,https://www.alldatasheet.com/,sn74ahc946.pdf,sn74ahc946.png
sn74ahc947,Components,fail:alldatasheet_no_download_link,https://www.alldatasheet.com/,sn74ahc947.pdf,sn74ahc947.png
sn74ahc948,Components,fail:alldatasheet_no_download_link,https://www.alldatasheet.com/,sn74ahc948.pdf,sn74ahc948.png
sn74ahc949,Components,fail:alldatasheet_no_download_link,https://www.alldatasheet.com/,sn74ahc949.pdf,sn74ahc949.png
sn74ahc950,Components,fail:alldatasheet_no_download_link,https://www.alldatasheet.com/,sn74ahc950.pdf,sn74ahc950.png
sn74ahc952,Components,fail:alldatasheet_no_download_link,https://www.alldatasheet.com/,sn74ahc952.pdf,sn74ahc952.png
sn74ahc962,Components,fail:alldatasheet_no_download_link,https://www.alldatasheet.com/,sn74ahc962.pdf,sn74ahc962.png
sn74ahc963,Components,fail:alldatasheet_no_download_link,https://www.alldatasheet.com/,sn74ahc963.pdf,sn74ahc963.png
sn74ahc964,Components,fail:alldatasheet_no_download_link,https://www.alldatasheet.com/,sn74ahc964.pdf,sn74ahc964.png
sn74ahc968,Components,fail:alldatasheet_no_download_link,https://www.alldatasheet.com/,sn74ahc968.pdf,sn74ahc968.png
sn74ahc978,Components,fail:alldatasheet_no_download_link,https://www.alldatasheet.com/,sn74ahc978.pdf,sn74ahc978.png
sn74ahc979,Components,fail:alldatasheet_no_download_link,https://www.alldatasheet.com/,sn74ahc979.pdf,sn74ahc979.png
sn74ahc989,Components,fail:alldatasheet_no_download_link,https://www.alldatasheet.com/,sn74ahc989.pdf,sn74ahc989.png
sn74ahc990,Components,fail:alldatasheet_no_download_link,https://www.alldatasheet.com/,sn74ahc990.pdf,sn74ahc990.png
sn74ahc991,Components,fail:alldatasheet_no_download_link,https://www.alldatasheet.com/,sn74ahc991.pdf,sn74ahc991.png
sn74ahc992,Components,fail:alldatasheet_no_download_link,https://www.alldatasheet.com/,sn74ahc992.pdf,sn74ahc992.png
sn74ahc993,Components,fail:alldatasheet_no_download_link,https://www.alldatasheet.com/,sn74ahc993.pdf,sn74ahc993.png
sn74ahc994,Components,fail:alldatasheet_no_download_link,https://www.alldatasheet.com/,sn74ahc994.pdf,sn74ahc994.png
sn74ahc995,Components,fail:alldatasheet_no_download_link,https://www.alldatasheet.com/,sn74ahc995.pdf,sn74ahc995.png
sn74ahc996,Components,fail:alldatasheet_no_download_link,https://www.alldatasheet.com/,sn74ahc996.pdf,sn74ahc996.png
sn74ahc999,Components,fail:alldatasheet_no_download_link,https://www.alldatasheet.com/,sn74ahc999.pdf,sn74ahc999.png
sn74ahc1000,Components,fail:alldatasheet_no_download_link,https://www.alldatasheet.com/,sn74ahc1000.pdf,sn74ahc1000.png
sn74ahc1002,Components,fail:alldatasheet_no_download_link,https://www.alldatasheet.com/,sn74ahc1002.pdf,sn74ahc1002.png
sn74ahc1003,Components,fail:alldatasheet_no_download_link,https://www.alldatasheet.com/,sn74ahc1003.pdf,sn74ahc1003.png
sn74ahc1004,Components,fail:alldatasheet_no_download_link,https://www.alldatasheet.com/,sn74ahc1004.pdf,sn74ahc1004.png
sn74ahc1005,Components,fail:alldatasheet_no_download_link,https://www.alldatasheet.com/,sn74ahc1005.pdf,sn74ahc1005.png
sn74ahc1008,Components,fail:alldatasheet_no_download_link,https://www.alldatasheet.com/,sn74ahc1008.pdf,sn74ahc1008.png
sn74ahc1011,Components,fail:alldatasheet_no_download_link,https://www.alldatasheet.com/,sn74ahc1011.pdf,sn74ahc1011.png
sn74ahc1017,Components,fail:alldatasheet_no_download_link,https://www.alldatasheet.com/,sn74ahc1017.pdf,sn74ahc1017.png
sn74ahc1018,Components,fail:alldatasheet_no_download_link,https://www.alldatasheet.com/,sn74ahc1018.pdf,sn74ahc1018.png
sn74ahc1020,Components,fail:alldatasheet_no_download_link,https://www.alldatasheet.com/,sn74ahc1020.pdf,sn74ahc1020.png
sn74ahc1032,Components,fail:alldatasheet_no_download_link,https://www.alldatasheet.com/,sn74ahc1032.pdf,sn74ahc1032.png
sn74ahc1034,Components,fail:alldatasheet_no_download_link,https://www.alldatasheet.com/,sn74ahc1034.pdf,sn74ahc1034.png
sn74ahc1035,Components,fail:alldatasheet_no_download_link,https://www.alldatasheet.com/,sn74ahc1035.pdf,sn74ahc1035.png
sn74ahc1036,Components,fail:alldatasheet_no_download_link,https://www.alldatasheet.com/,sn74ahc1036.pdf,sn74ahc1036.png
sn74ahc1050,Components,fail:alldatasheet_no_download_link,https://www.alldatasheet.com/,sn74ahc1050.pdf,sn74ahc1050.png
sn74ahc1051,Components,fail:alldatasheet_no_download_link,https://www.alldatasheet.com/,sn74ahc1051.pdf,sn74ahc1051.png
sn74ahc1052,Components,fail:alldatasheet_no_download_link,https://www.alldatasheet.com/,sn74ahc1052.pdf,sn74ahc1052.png
sn74ahc1053,Components,fail:alldatasheet_no_download_link,https://www.alldatasheet.com/,sn74ahc1053.pdf,sn74ahc1053.png
sn74ahc1056,Components,fail:alldatasheet_no_download_link,https://www.alldatasheet.com/,sn74ahc1056.pdf,sn74ahc1056.png
sn74ahc1071,Components,fail:alldatasheet_no_download_link,https://www.alldatasheet.com/,sn74ahc1071.pdf,sn74ahc1071.png
sn74ahc1073,Components,fail:alldatasheet_no_download_link,https://www.alldatasheet.com/,sn74ahc1073.pdf,sn74ahc1073.png
sn74ahc1074,Components,fail:alldatasheet_no_download_link,https://www.alldatasheet.com/,sn74ahc1074.pdf,sn74ahc1074.png
sn74ahc1181,Components,fail:alldatasheet_no_download_link,https://www.alldatasheet.com/,sn74ahc1181.pdf,sn74ahc1181.png
sn74ahc1240,Components,fail:alldatasheet_no_download_link,https://www.alldatasheet.com/,sn74ahc1240.pdf,sn74ahc1240.png
sn74ahc1241,Components,fail:alldatasheet_no_download_link,https://www.alldatasheet.com/,sn74ahc1241.pdf,sn74ahc1241.png
sn74ahc1242,Components,fail:alldatasheet_no_download_link,https://www.alldatasheet.com/,sn74ahc1242.pdf,sn74ahc1242.png
sn74ahc1243,Components,fail:alldatasheet_no_download_link,https://www.alldatasheet.com/,sn74ahc1243.pdf,sn74ahc1243.png
sn74ahc1244,Components,fail:alldatasheet_no_download_link,https://www.alldatasheet.com/,sn74ahc1244.pdf,sn74ahc1244.png
sn74ahc1245,Components,fail:alldatasheet_no_download_link,https://www.alldatasheet.com/,sn74ahc1245.pdf,sn74ahc1245.png
sn74ahc1280,Components,fail:alldatasheet_no_download_link,https://www.alldatasheet.com/,sn74ahc1280.pdf,sn74ahc1280.png
sn74ahc1284,Components,fail:alldatasheet_no_download_link,https://www.alldatasheet.com/,sn74ahc1284.pdf,sn74ahc1284.png
sn74ahc1394,Components,fail:alldatasheet_no_download_link,https://www.alldatasheet.com/,sn74ahc1394.pdf,sn74ahc1394.png
sn74ahc1395,Components,fail:alldatasheet_no_download_link,https://www.alldatasheet.com/,sn74ahc1395.pdf,sn74ahc1395.png
sn74ahc1403,Components,fail:alldatasheet_no_download_link,https://www.alldatasheet.com/,sn74ahc1403.pdf,sn74ahc1403.png
sn74ahc1404,Components,fail:alldatasheet_no_download_link,https://www.alldatasheet.com/,sn74ahc1404.pdf,sn74ahc1404.png
sn74ahc1604,Components,fail:alldatasheet_no_download_link,https://www.alldatasheet.com/,sn74ahc1604.pdf,sn74ahc1604.png
sn74ahc1612,Components,fail:alldatasheet_no_download_link,https://www.alldatasheet.com/,sn74ahc1612.pdf,sn74ahc1612.png
sn74ahc1616,Components,fail:alldatasheet_no_download_link,https://www.alldatasheet.com/,sn74ahc1616.pdf,sn74ahc1616.png
sn74ahc1620,Components,fail:alldatasheet_no_download_link,https://www.alldatasheet.com/,sn74ahc1620.pdf,sn74ahc1620.png
sn74ahc1621,Components,fail:alldatasheet_no_download_link,https://www.alldatasheet.com/,sn74ahc1621.pdf,sn74ahc1621.png
sn74ahc1622,Components,fail:alldatasheet_no_download_link,https://www.alldatasheet.com/,sn74ahc1622.pdf,sn74ahc1622.png
sn74ahc1623,Components,fail:alldatasheet_no_download_link,https://www.alldatasheet.com/,sn74ahc1623.pdf,sn74ahc1623.png
sn74ahc1624,Components,fail:alldatasheet_no_download_link,https://www.alldatasheet.com/,sn74ahc1624.pdf,sn74ahc1624.png
sn74ahc1625,Components,fail:alldatasheet_no_download_link,https://www.alldatasheet.com/,sn74ahc1625.pdf,sn74ahc1625.png
sn74ahc1626,Components,fail:alldatasheet_no_download_link,https://www.alldatasheet.com/,sn74ahc1626.pdf,sn74ahc1626.png
sn74ahc1627,Components,fail:alldatasheet_no_download_link,https://www.alldatasheet.com/,sn74ahc1627.pdf,sn74ahc1627.png
sn74ahc1628,Components,fail:alldatasheet_no_download_link,https://www.alldatasheet.com/,sn74ahc1628.pdf,sn74ahc1628.png
sn74ahc1629,Components,fail:alldatasheet_no_download_link,https://www.alldatasheet.com/,sn74ahc1629.pdf,sn74ahc1629.png
sn74ahc1631,Components,fail:alldatasheet_no_download_link,https://www.alldatasheet.com/,sn74ahc1631.pdf,sn74ahc1631.png
sn74ahc1633,Components,fail:alldatasheet_no_download_link,https://www.alldatasheet.com/,sn74ahc1633.pdf,sn74ahc1633.png
sn74ahc1634,Components,fail:alldatasheet_no_download_link,https://www.alldatasheet.com/,sn74ahc1634.pdf,sn74ahc1634.png
sn74ahc1637,Components,fail:alldatasheet_no_download_link,https://www.alldatasheet.com/,sn74ahc1637.pdf,sn74ahc1637.png
sn74ahc1638,Components,fail:alldatasheet_no_download_link,https://www.alldatasheet.com/,sn74ahc1638.pdf,sn74ahc1638.png
sn74ahc1639,Components,fail:alldatasheet_no_download_link,https://www.alldatasheet.com/,sn74ahc1639.pdf,sn74ahc1639.png
sn74ahc1640,Components,fail:alldatasheet_no_download_link,https://www.alldatasheet.com/,sn74ahc1640.pdf,sn74ahc1640.png
sn74ahc1641,Components,fail:alldatasheet_no_download_link,https://www.alldatasheet.com/,sn74ahc1641.pdf,sn74ahc1641.png
sn74ahc1642,Components,fail:alldatasheet_no_download_link,https://www.alldatasheet.com/,sn74ahc1642.pdf,sn74ahc1642.png
sn74ahc1643,Components,fail:alldatasheet_no_download_link,https://www.alldatasheet.com/,sn74ahc1643.pdf,sn74ahc1643.png
sn74ahc1644,Components,fail:alldatasheet_no_download_link,https://www.alldatasheet.com/,sn74ahc1644.pdf,sn74ahc1644.png
sn74ahc1645,Components,fail:alldatasheet_no_download_link,https://www.alldatasheet.com/,sn74ahc1645.pdf,sn74ahc1645.png
sn74ahc1646,Components,fail:alldatasheet_no_download_link,https://www.alldatasheet.com/,sn74ahc1646.pdf,sn74ahc1646.png
sn74ahc1647,Components,fail:alldatasheet_no_download_link,https://www.alldatasheet.com/,sn74ahc1647.pdf,sn74ahc1647.png
sn74ahc1650,Components,fail:alldatasheet_no_download_link,https://www.alldatasheet.com/,sn74ahc1650.pdf,sn74ahc1650.png
sn74ahc1651,Components,fail:alldatasheet_no_download_link,https://www.alldatasheet.com/,sn74ahc1651.pdf,sn74ahc1651.png
sn74ahc1652,Components,fail:alldatasheet_no_download_link,https://www.alldatasheet.com/,sn74ahc1652.pdf,sn74ahc1652.png
sn74ahc1653,Components,fail:alldatasheet_no_download_link,https://www.alldatasheet.com/,sn74ahc1653.pdf,sn74ahc1653.png
sn74ahc1654,Components,fail:alldatasheet_no_download_link,https://www.alldatasheet.com/,sn74ahc1654.pdf,sn74ahc1654.png
sn74ahc1655,Components,fail:alldatasheet_no_download_link,https://www.alldatasheet.com/,sn74ahc1655.pdf,sn74ahc1655.png
sn74ahc1660,Components,fail:alldatasheet_no_download_link,https://www.alldatasheet.com/,sn74ahc1660.pdf,sn74ahc1660.png
sn74ahc1661,Components,fail:alldatasheet_no_download_link,https://www.alldatasheet.com/,sn74ahc1661.pdf,sn74ahc1661.png
sn74ahc1662,Components,fail:alldatasheet_no_download_link,https://www.alldatasheet.com/,sn74ahc1662.pdf,sn74ahc1662.png
sn74ahc1664,Components,fail:alldatasheet_no_download_link,https://www.alldatasheet.com/,sn74ahc1664.pdf,sn74ahc1664.png
sn74ahc1665,Components,fail:alldatasheet_no_download_link,https://www.alldatasheet.com/,sn74ahc1665.pdf,sn74ahc1665.png
sn74ahc1672,Components,fail:alldatasheet_no_download_link,https://www.alldatasheet.com/,sn74ahc1672.pdf,sn74ahc1672.png
sn74ahc1680,Components,fail:alldatasheet_no_download_link,https://www.alldatasheet.com/,sn74ahc1680.pdf,sn74ahc1680.png
sn74ahc1681,Components,fail:alldatasheet_no_download_link,https://www.alldatasheet.com/,sn74ahc1681.pdf,sn74ahc1681.png
sn74ahc1682,Components,fail:alldatasheet_no_download_link,https://www.alldatasheet.com/,sn74ahc1682.pdf,sn74ahc1682.png
sn74ahc1683,Components,fail:alldatasheet_no_download_link,https://www.alldatasheet.com/,sn74ahc1683.pdf,sn74ahc1683.png
sn74ahc1684,Components,fail:alldatasheet_no_download_link,https://www.alldatasheet.com/,sn74ahc1684.pdf,sn74ahc1684.png
sn74ahc1685,Components,fail:alldatasheet_no_download_link,https://www.alldatasheet.com/,sn74ahc1685.pdf,sn74ahc1685.png
sn74ahc1686,Components,fail:alldatasheet_no_download_link,https://www.alldatasheet.com/,sn74ahc1686.pdf,sn74ahc1686.png
sn74ahc1690,Components,fail:alldatasheet_no_download_link,https://www.alldatasheet.com/,sn74ahc1690.pdf,sn74ahc1690.png
sn74ahc1691,Components,fail:alldatasheet_no_download_link,https://www.alldatasheet.com/,sn74ahc1691.pdf,sn74ahc1691.png
sn74ahc1692,Components,fail:alldatasheet_no_download_link,https://www.alldatasheet.com/,sn74ahc1692.pdf,sn74ahc1692.png
sn74ahc1694,Components,fail:alldatasheet_no_download_link,https://www.alldatasheet.com/,sn74ahc1694.pdf,sn74ahc1694.png
sn74ahc1695,Components,fail:alldatasheet_no_download_link,https://www.alldatasheet.com/,sn74ahc1695.pdf,sn74ahc1695.png
sn74ahc1697,Components,fail:alldatasheet_no_download_link,https://www.alldatasheet.com/,sn74ahc1697.pdf,sn74ahc1697.png
sn74ahc1760,Components,fail:alldatasheet_no_download_link,https://www.alldatasheet.com/,sn74ahc1760.pdf,sn74ahc1760.png
sn74ahc1761,Components,fail:alldatasheet_no_download_link,https://www.alldatasheet.com/,sn74ahc1761.pdf,sn74ahc1761.png
sn74ahc1762,Components,fail:alldatasheet_no_download_link,https://www.alldatasheet.com/,sn74ahc1762.pdf,sn74ahc1762.png
sn74ahc1763,Components,fail:alldatasheet_no_download_link,https://www.alldatasheet.com/,sn74ahc1763.pdf,sn74ahc1763.png
sn74ahc1764,Components,fail:alldatasheet_no_download_link,https://www.alldatasheet.com/,sn74ahc1764.pdf,sn74ahc1764.png
sn74ahc1765,Components,fail:alldatasheet_no_download_link,https://www.alldatasheet.com/,sn74ahc1765.pdf,sn74ahc1765.png
sn74ahc1766,Components,fail:alldatasheet_no_download_link,https://www.alldatasheet.com/,sn74ahc1766.pdf,sn74ahc1766.png
sn74ahc1779,Components,fail:alldatasheet_no_download_link,https://www.alldatasheet.com/,sn74ahc1779.pdf,sn74ahc1779.png
sn74ahc1801,Components,fail:alldatasheet_no_download_link,https://www.alldatasheet.com/,sn74ahc1801.pdf,sn74ahc1801.png
sn74ahc1802,Components,fail:alldatasheet_no_download_link,https://www.alldatasheet.com/,sn74ahc1802.pdf,sn74ahc1802.png
sn74ahc1803,Components,fail:alldatasheet_no_download_link,https://www.alldatasheet.com/,sn74ahc1803.pdf,sn74ahc1803.png
sn74ahc1804,Components,fail:alldatasheet_no_download_link,https://www.alldatasheet.com/,sn74ahc1804.pdf,sn74ahc1804.png
sn74ahc1805,Components,fail:alldatasheet_no_download_link,https://www.alldatasheet.com/,sn74ahc1805.pdf,sn74ahc1805.png
sn74ahc1808,Components,fail:alldatasheet_no_download_link,https://www.alldatasheet.com/,sn74ahc1808.pdf,sn74ahc1808.png
sn74ahc1811,Components,fail:alldatasheet_no_download_link,https://www.alldatasheet.com/,sn74ahc1811.pdf,sn74ahc1811.png
sn74ahc1812,Components,fail:alldatasheet_no_download_link,https://www.alldatasheet.com/,sn74ahc1812.pdf,sn74ahc1812.png
sn74ahc1821,Components,fail:alldatasheet_no_download_link,https://www.alldatasheet.com/,sn74ahc1821.pdf,sn74ahc1821.png
sn74ahc1823,Components,fail:alldatasheet_no_download_link,https://www.alldatasheet.com/,sn74ahc1823.pdf,sn74ahc1823.png
sn74ahc1824,Components,fail:alldatasheet_no_download_link,https://www.alldatasheet.com/,sn74ahc1824.pdf,sn74ahc1824.png
sn74ahc1825,Components,fail:alldatasheet_no_download_link,https://www.alldatasheet.com/,sn74ahc1825.pdf,sn74ahc1825.png
sn74ahc1826,Components,fail:alldatasheet_no_download_link,https://www.alldatasheet.com/,sn74ahc1826.pdf,sn74ahc1826.png
sn74ahc1832,Components,fail:alldatasheet_no_download_link,https://www.alldatasheet.com/,sn74ahc1832.pdf,sn74ahc1832.png
sn74ahc1841,Components,fail:alldatasheet_no_download_link,https://www.alldatasheet.com/,sn74ahc1841.pdf,sn74ahc1841.png
sn74ahc1843,Components,fail:alldatasheet_no_download_link,https://www.alldatasheet.com/,sn74ahc1843.pdf,sn74ahc1843.png
sn74ahc1850,Components,fail:alldatasheet_no_download_link,https://www.alldatasheet.com/,sn74ahc1850.pdf,sn74ahc1850.png
sn74ahc1851,Components,fail:alldatasheet_no_download_link,https://www.alldatasheet.com/,sn74ahc1851.pdf,sn74ahc1851.png
sn74ahc1864,Components,fail:alldatasheet_no_download_link,https://www.alldatasheet.com/,sn74ahc1864.pdf,sn74ahc1864.png
sn74ahc1865,Components,fail:alldatasheet_no_download_link,https://www.alldatasheet.com/,sn74ahc1865.pdf,sn74ahc1865.png
sn74ahc1999,Components,fail:alldatasheet_no_download_link,https://www.alldatasheet.com/,sn74ahc1999.pdf,sn74ahc1999.png
sn74ahc2000,Components,fail:alldatasheet_no_download_link,https://www.alldatasheet.com/,sn74ahc2000.pdf,sn74ahc2000.png
sn74ahc2003,Components,fail:alldatasheet_no_download_link,https://www.alldatasheet.com/,sn74ahc2003.pdf,sn74ahc2003.png
sn74ahc2006,Components,fail:alldatasheet_no_download_link,https://www.alldatasheet.com/,sn74ahc2006.pdf,sn74ahc2006.png
sn74ahc2007,Components,fail:alldatasheet_no_download_link,https://www.alldatasheet.com/,sn74ahc2007.pdf,sn74ahc2007.png
sn74ahc2010,Components,fail:alldatasheet_no_download_link,https://www.alldatasheet.com/,sn74ahc2010.pdf,sn74ahc2010.png
sn74ahc2014,Components,fail:alldatasheet_no_download_link,https://www.alldatasheet.com/,sn74ahc2014.pdf,sn74ahc2014.png
sn74ahc2024,Components,fail:alldatasheet_no_download_link,https://www.alldatasheet.com/,sn74ahc2024.pdf,sn74ahc2024.png
sn74ahc2031,Components,fail:alldatasheet_no_download_link,https://www.alldatasheet.com/,sn74ahc2031.pdf,sn74ahc2031.png
sn74ahc2032,Components,fail:alldatasheet_no_download_link,https://www.alldatasheet.com/,sn74ahc2032.pdf,sn74ahc2032.png
sn74ahc2034,Components,fail:alldatasheet_no_download_link,https://www.alldatasheet.com/,sn74ahc2034.pdf,sn74ahc2034.png
sn74ahc2040,Components,fail:alldatasheet_no_download_link,https://www.alldatasheet.com/,sn74ahc2040.pdf,sn74ahc2040.png
sn74ahc2041,Components,fail:alldatasheet_no_download_link,https://www.alldatasheet.com/,sn74ahc2041.pdf,sn74ahc2041.png
sn74ahc2107,Components,fail:alldatasheet_no_download_link,https://www.alldatasheet.com/,sn74ahc2107.pdf,sn74ahc2107.png
sn74ahc2125,Components,fail:alldatasheet_no_download_link,https://www.alldatasheet.com/,sn74ahc2125.pdf,sn74ahc2125.png
sn74ahc2140,Components,fail:alldatasheet_no_download_link,https://www.alldatasheet.com/,sn74ahc2140.pdf,sn74ahc2140.png
sn74ahc2150,Components,fail:alldatasheet_no_download_link,https://www.alldatasheet.com/,sn74ahc2150.pdf,sn74ahc2150.png
sn74ahc2152,Components,fail:alldatasheet_no_download_link,https://www.alldatasheet.com/,sn74ahc2152.pdf,sn74ahc2152.png
sn74ahc2154,Components,fail:alldatasheet_no_download_link,https://www.alldatasheet.com/,sn74ahc2154.pdf,sn74ahc2154.png
sn74ahc2155,Components,fail:alldatasheet_no_download_link,https://www.alldatasheet.com/,sn74ahc2155.pdf,sn74ahc2155.png
sn74ahc2156,Components,fail:alldatasheet_no_download_link,https://www.alldatasheet.com/,sn74ahc2156.pdf,sn74ahc2156.png
sn74ahc2158,Components,fail:alldatasheet_no_download_link,https://www.alldatasheet.com/,sn74ahc2158.pdf,sn74ahc2158.png
sn74ahc2159,Components,fail:alldatasheet_no_download_link,https://www.alldatasheet.com/,sn74ahc2159.pdf,sn74ahc2159.png
sn74ahc2160,Components,fail:alldatasheet_no_download_link,https://www.alldatasheet.com/,sn74ahc2160.pdf,sn74ahc2160.png
sn74ahc2161,Components,fail:alldatasheet_no_download_link,https://www.alldatasheet.com/,sn74ahc2161.pdf,sn74ahc2161.png
sn74ahc2164,Components,fail:alldatasheet_no_download_link,https://www.alldatasheet.com/,sn74ahc2164.pdf,sn74ahc2164.png
sn74ahc2166,Components,fail:alldatasheet_no_download_link,https://www.alldatasheet.com/,sn74ahc2166.pdf,sn74ahc2166.png
sn74ahc2191,Components,fail:alldatasheet_no_download_link,https://www.alldatasheet.com/,sn74ahc2191.pdf,sn74ahc2191.png
sn74ahc2193,Components,fail:alldatasheet_no_download_link,https://www.alldatasheet.com/,sn74ahc2193.pdf,sn74ahc2193.png
sn74ahc2203,Components,fail:alldatasheet_no_download_link,https://www.alldatasheet.com/,sn74ahc2203.pdf,sn74ahc2203.png
sn74ahc2226,Components,fail:alldatasheet_no_download_link,https://www.alldatasheet.com/,sn74ahc2226.pdf,sn74ahc2226.png
sn74ahc2227,Components,fail:alldatasheet_no_download_link,https://www.alldatasheet.com/,sn74ahc2227.pdf,sn74ahc2227.png
sn74ahc2228,Components,fail:alldatasheet_no_download_link,https://www.alldatasheet.com/,sn74ahc2228.pdf,sn74ahc2228.png
sn74ahc2229,Components,fail:alldatasheet_no_download_link,https://www.alldatasheet.com/,sn74ahc2229.pdf,sn74ahc2229.png
sn74ahc2232,Components,fail:alldatasheet_no_download_link,https://www.alldatasheet.com/,sn74ahc2232.pdf,sn74ahc2232.png
sn74ahc2233,Components,fail:alldatasheet_no_download_link,https://www.alldatasheet.com/,sn74ahc2233.pdf,sn74ahc2233.png
sn74ahc2235,Components,fail:alldatasheet_no_download_link,https://www.alldatasheet.com/,sn74ahc2235.pdf,sn74ahc2235.png
sn74ahc2236,Components,fail:alldatasheet_no_download_link,https://www.alldatasheet.com/,sn74ahc2236.pdf,sn74ahc2236.png
sn74ahc2238,Components,fail:alldatasheet_no_download_link,https://www.alldatasheet.com/,sn74ahc2238.pdf,sn74ahc2238.png
sn74ahc2240,Components,fail:alldatasheet_no_download_link,https://www.alldatasheet.com/,sn74ahc2240.pdf,sn74ahc2240.png
sn74ahc2241,Components,fail:alldatasheet_no_download_link,https://www.alldatasheet.com/,sn74ahc2241.pdf,sn74ahc2241.png
sn74ahc2242,Components,fail:alldatasheet_no_download_link,https://www.alldatasheet.com/,sn74ahc2242.pdf,sn74ahc2242.png
sn74ahc2243,Components,fail:alldatasheet_no_download_link,https://www.alldatasheet.com/,sn74ahc2243.pdf,sn74ahc2243.png
sn74ahc2244,Components,fail:alldatasheet_no_download_link,https://www.alldatasheet.com/,sn74ahc2244.pdf,sn74ahc2244.png
sn74ahc2245,Components,fail:alldatasheet_no_download_link,https://www.alldatasheet.com/,sn74ahc2245.pdf,sn74ahc2245.png
sn74ahc2250,Components,fail:alldatasheet_no_download_link,https://www.alldatasheet.com/,sn74ahc2250.pdf,sn74ahc2250.png
sn74ahc2253,Components,fail:alldatasheet_no_download_link,https://www.alldatasheet.com/,sn74ahc2253.pdf,sn74ahc2253.png
sn74ahc2257,Components,fail:alldatasheet_no_download_link,https://www.alldatasheet.com/,sn74ahc2257.pdf,sn74ahc2257.png
sn74ahc2273,Components,fail:alldatasheet_no_download_link,https://www.alldatasheet.com/,sn74ahc2273.pdf,sn74ahc2273.png
sn74ahc2299,Components,fail:alldatasheet_no_download_link,https://www.alldatasheet.com/,sn74ahc2299.pdf,sn74ahc2299.png
sn74ahc2323,Components,fail:alldatasheet_no_download_link,https://www.alldatasheet.com/,sn74ahc2323.pdf,sn74ahc2323.png
sn74ahc2373,Components,fail:alldatasheet_no_download_link,https://www.alldatasheet.com/,sn74ahc2373.pdf,sn74ahc2373.png
sn74ahc2374,Components,fail:alldatasheet_no_download_link,https://www.alldatasheet.com/,sn74ahc2374.pdf,sn74ahc2374.png
sn74ahc2377,Components,fail:alldatasheet_no_download_link,https://www.alldatasheet.com/,sn74ahc2377.pdf,sn74ahc2377.png
sn74ahc2400,Components,fail:alldatasheet_no_download_link,https://www.alldatasheet.com/,sn74ahc2400.pdf,sn74ahc2400.png
sn74ahc2410,Components,fail:alldatasheet_no_download_link,https://www.alldatasheet.com/,sn74ahc2410.pdf,sn74ahc2410.png
sn74ahc2411,Components,fail:alldatasheet_no_download_link,https://www.alldatasheet.com/,sn74ahc2411.pdf,sn74ahc2411.png
sn74ahc2414,Components,fail:alldatasheet_no_download_link,https://www.alldatasheet.com/,sn74ahc2414.pdf,sn74ahc2414.png
sn74ahc2420,Components,fail:alldatasheet_no_download_link,https://www.alldatasheet.com/,sn74ahc2420.pdf,sn74ahc2420.png
sn74ahc2423,Components,fail:alldatasheet_no_download_link,https://www.alldatasheet.com/,sn74ahc2423.pdf,sn74ahc2423.png
sn74ahc2424,Components,fail:alldatasheet_no_download_link,https://www.alldatasheet.com/,sn74ahc2424.pdf,sn74ahc2424.png
sn74ahc2425,Components,fail:alldatasheet_no_download_link,https://www.alldatasheet.com/,sn74ahc2425.pdf,sn74ahc2425.png
sn74ahc2440,Components,fail:alldatasheet_no_download_link,https://www.alldatasheet.com/,sn74ahc2440.pdf,sn74ahc2440.png
sn74ahc2441,Components,fail:alldatasheet_no_download_link,https://www.alldatasheet.com/,sn74ahc2441.pdf,sn74ahc2441.png
sn74ahc2442,Components,fail:alldatasheet_no_download_link,https://www.alldatasheet.com/,sn74ahc2442.pdf,sn74ahc2442.png
sn74ahc2509,Components,fail:alldatasheet_no_download_link,https://www.alldatasheet.com/,sn74ahc2509.pdf,sn74ahc2509.png
sn74ahc2510,Components,fail:alldatasheet_no_download_link,https://www.alldatasheet.com/,sn74ahc2510.pdf,sn74ahc2510.png
sn74ahc2524,Components,fail:alldatasheet_no_download_link,https://www.alldatasheet.com/,sn74ahc2524.pdf,sn74ahc2524.png
sn74ahc2525,Components,fail:alldatasheet_no_download_link,https://www.alldatasheet.com/,sn74ahc2525.pdf,sn74ahc2525.png
sn74ahc2526,Components,fail:alldatasheet_no_download_link,https://www.alldatasheet.com/,sn74ahc2526.pdf,sn74ahc2526.png
sn74ahc2533,Components,fail:alldatasheet_no_download_link,https://www.alldatasheet.com/,sn74ahc2533.pdf,sn74ahc2533.png
sn74ahc2534,Components,fail:alldatasheet_no_download_link,https://www.alldatasheet.com/,sn74ahc2534.pdf,sn74ahc2534.png
sn74ahc2540,Components,fail:alldatasheet_no_download_link,https://www.alldatasheet.com/,sn74ahc2540.pdf,sn74ahc2540.png
sn74ahc2541,Components,fail:alldatasheet_no_download_link,https://www.alldatasheet.com/,sn74ahc2541.pdf,sn74ahc2541.png
sn74ahc2543,Components,fail:alldatasheet_no_download_link,https://www.alldatasheet.com/,sn74ahc2543.pdf,sn74ahc2543.png
sn74ahc2544,Components,fail:alldatasheet_no_download_link,https://www.alldatasheet.com/,sn74ahc2544.pdf,sn74ahc2544.png
sn74ahc2564,Components,fail:alldatasheet_no_download_link,https://www.alldatasheet.com/,sn74ahc2564.pdf,sn74ahc2564.png
sn74ahc2573,Components,fail:alldatasheet_no_download_link,https://www.alldatasheet.com/,sn74ahc2573.pdf,sn74ahc2573.png
sn74ahc2574,Components,fail:alldatasheet_no_download_link,https://www.alldatasheet.com/,sn74ahc2574.pdf,sn74ahc2574.png
sn74ahc2620,Components,fail:alldatasheet_no_download_link,https://www.alldatasheet.com/,sn74ahc2620.pdf,sn74ahc2620.png
sn74ahc2623,Components,fail:alldatasheet_no_download_link,https://www.alldatasheet.com/,sn74ahc2623.pdf,sn74ahc2623.png
sn74ahc2640,Components,fail:alldatasheet_no_download_link,https://www.alldatasheet.com/,sn74ahc2640.pdf,sn74ahc2640.png
sn74ahc2643,Components,fail:alldatasheet_no_download_link,https://www.alldatasheet.com/,sn74ahc2643.pdf,sn74ahc2643.png
sn74ahc2645,Components,fail:alldatasheet_no_download_link,https://www.alldatasheet.com/,sn74ahc2645.pdf,sn74ahc2645.png
sn74ahc2646,Components,fail:alldatasheet_no_download_link,https://www.alldatasheet.com/,sn74ahc2646.pdf,sn74ahc2646.png
sn74ahc2648,Components,fail:alldatasheet_no_download_link,https://www.alldatasheet.com/,sn74ahc2648.pdf,sn74ahc2648.png
sn74ahc2651,Components,fail:alldatasheet_no_download_link,https://www.alldatasheet.com/,sn74ahc2651.pdf,sn74ahc2651.png
sn74ahc2652,Components,fail:alldatasheet_no_download_link,https://www.alldatasheet.com/,sn74ahc2652.pdf,sn74ahc2652.png
sn74ahc2725,Components,fail:alldatasheet_no_download_link,https://www.alldatasheet.com/,sn74ahc2725.pdf,sn74ahc2725.png
sn74ahc2726,Components,fail:alldatasheet_no_download_link,https://www.alldatasheet.com/,sn74ahc2726.pdf,sn74ahc2726.png
sn74ahc2821,Components,fail:alldatasheet_no_download_link,https://www.alldatasheet.com/,sn74ahc2821.pdf,sn74ahc2821.png
sn74ahc2823,Components,fail:alldatasheet_no_download_link,https://www.alldatasheet.com/,sn74ahc2823.pdf,sn74ahc2823.png
sn74ahc2825,Components,fail:alldatasheet_no_download_link,https://www.alldatasheet.com/,sn74ahc2825.pdf,sn74ahc2825.png
sn74ahc2827,Components,fail:alldatasheet_no_download_link,https://www.alldatasheet.com/,sn74ahc2827.pdf,sn74ahc2827.png
sn74ahc2828,Components,fail:alldatasheet_no_download_link,https://www.alldatasheet.com/,sn74ahc2828.pdf,sn74ahc2828.png
sn74ahc2833,Components,fail:alldatasheet_no_download_link,https://www.alldatasheet.com/,sn74ahc2833.pdf,sn74ahc2833.png
sn74ahc2841,Components,fail:alldatasheet_no_download_link,https://www.alldatasheet.com/,sn74ahc2841.pdf,sn74ahc2841.png
sn74ahc2843,Components,fail:alldatasheet_no_download_link,https://www.alldatasheet.com/,sn74ahc2843.pdf,sn74ahc2843.png
sn74ahc2845,Components,fail:alldatasheet_no_download_link,https://www.alldatasheet.com/,sn74ahc2845.pdf,sn74ahc2845.png
sn74ahc2853,Components,fail:alldatasheet_no_download_link,https://www.alldatasheet.com/,sn74ahc2853.pdf,sn74ahc2853.png
sn74ahc2861,Components,fail:alldatasheet_no_download_link,https://www.alldatasheet.com/,sn74ahc2861.pdf,sn74ahc2861.png
sn74ahc2862,Components,fail:alldatasheet_no_download_link,https://www.alldatasheet.com/,sn74ahc2862.pdf,sn74ahc2862.png
sn74ahc2863,Components,fail:alldatasheet_no_download_link,https://www.alldatasheet.com/,sn74ahc2863.pdf,sn74ahc2863.png
sn74ahc2864,Components,fail:alldatasheet_no_download_link,https://www.alldatasheet.com/,sn74ahc2864.pdf,sn74ahc2864.png
sn74ahc2952,Components,fail:alldatasheet_no_download_link,https://www.alldatasheet.com/,sn74ahc2952.pdf,sn74ahc2952.png
sn74ahc2953,Components,fail:alldatasheet_no_download_link,https://www.alldatasheet.com/,sn74ahc2953.pdf,sn74ahc2953.png
sn74ahc2960,Components,fail:alldatasheet_no_download_link,https://www.alldatasheet.com/,sn74ahc2960.pdf,sn74ahc2960.png
sn74ahc2961,Components,fail:alldatasheet_no_download_link,https://www.alldatasheet.com/,sn74ahc2961.pdf,sn74ahc2961.png
sn74ahc2962,Components,fail:alldatasheet_no_download_link,https://www.alldatasheet.com/,sn74ahc2962.pdf,sn74ahc2962.png
sn74ahc2967,Components,fail:alldatasheet_no_download_link,https://www.alldatasheet.com/,sn74ahc2967.pdf,sn74ahc2967.png
sn74ahc2968,Components,fail:alldatasheet_no_download_link,https://www.alldatasheet.com/,sn74ahc2968.pdf,sn74ahc2968.png
sn74ahc2969,Components,fail:alldatasheet_no_download_link,https://www.alldatasheet.com/,sn74ahc2969.pdf,sn74ahc2969.png
sn74ahc2970,Components,fail:alldatasheet_no_download_link,https://www.alldatasheet.com/,sn74ahc2970.pdf,sn74ahc2970.png
sn74ahc2982,Components,fail:alldatasheet_no_download_link,https://www.alldatasheet.com/,sn74ahc2982.pdf,sn74ahc2982.png
sn74ahc2984,Components,fail:alldatasheet_no_download_link,https://www.alldatasheet.com/,sn74ahc2984.pdf,sn74ahc2984.png
sn74ahc2985,Components,fail:alldatasheet_no_download_link,https://www.alldatasheet.com/,sn74ahc2985.pdf,sn74ahc2985.png
sn74ahc2986,Components,fail:alldatasheet_no_download_link,https://www.alldatasheet.com/,sn74ahc2986.pdf,sn74ahc2986.png
sn74ahc2999,Components,fail:alldatasheet_no_download_link,https://www.alldatasheet.com/,sn74ahc2999.pdf,sn74ahc2999.png
sn74ahc3000,Components,fail:alldatasheet_no_download_link,https://www.alldatasheet.com/,sn74ahc3000.pdf,sn74ahc3000.png
sn74ahc3004,Components,fail:alldatasheet_no_download_link,https://www.alldatasheet.com/,sn74ahc3004.pdf,sn74ahc3004.png
sn74ahc3037,Components,fail:alldatasheet_no_download_link,https://www.alldatasheet.com/,sn74ahc3037.pdf,sn74ahc3037.png
sn74ahc3038,Components,fail:alldatasheet_no_download_link,https://www.alldatasheet.com/,sn74ahc3038.pdf,sn74ahc3038.png
sn74ahc3040,Components,fail:alldatasheet_no_download_link,https://www.alldatasheet.com/,sn74ahc3040.pdf,sn74ahc3040.png
sn74ahc3125,Components,fail:alldatasheet_no_download_link,https://www.alldatasheet.com/,sn74ahc3125.pdf,sn74ahc3125.png
sn74ahc3126,Components,fail:alldatasheet_no_download_link,https://www.alldatasheet.com/,sn74ahc3126.pdf,sn74ahc3126.png
sn74ahc3222,Components,fail:alldatasheet_no_download_link,https://www.alldatasheet.com/,sn74ahc3222.pdf,sn74ahc3222.png
sn74ahc3223,Components,fail:alldatasheet_no_download_link,https://www.alldatasheet.com/,sn74ahc3223.pdf,sn74ahc3223.png
sn74ahc3224,Components,fail:alldatasheet_no_download_link,https://www.alldatasheet.com/,sn74ahc3224.pdf,sn74ahc3224.png
sn74ahc3231,Components,fail:alldatasheet_no_download_link,https://www.alldatasheet.com/,sn74ahc3231.pdf,sn74ahc3231.png
sn74ahc3237,Components,fail:alldatasheet_no_download_link,https://www.alldatasheet.com/,sn74ahc3237.pdf,sn74ahc3237.png
sn74ahc3242,Components,fail:alldatasheet_no_download_link,https://www.alldatasheet.com/,sn74ahc3242.pdf,sn74ahc3242.png
sn74ahc3250,Components,fail:alldatasheet_no_download_link,https://www.alldatasheet.com/,sn74ahc3250.pdf,sn74ahc3250.png
sn74ahc3251,Components,fail:alldatasheet_no_download_link,https://www.alldatasheet.com/,sn74ahc3251.pdf,sn74ahc3251.png
sn74ahc3253,Components,fail:alldatasheet_no_download_link,https://www.alldatasheet.com/,sn74ahc3253.pdf,sn74ahc3253.png
sn74ahc3254,Components,fail:alldatasheet_no_download_link,https://www.alldatasheet.com/,sn74ahc3254.pdf,sn74ahc3254.png
sn74ahc3257,Components,fail:alldatasheet_no_download_link,https://www.alldatasheet.com/,sn74ahc3257.pdf,sn74ahc3257.png
sn74ahc3283,Components,fail:alldatasheet_no_download_link,https://www.alldatasheet.com/,sn74ahc3283.pdf,sn74ahc3283.png
sn74ahc3284,Components,fail:alldatasheet_no_download_link,https://www.alldatasheet.com/,sn74ahc3284.pdf,sn74ahc3284.png
sn74ahc3297,Components,fail:alldatasheet_no_download_link,https://www.alldatasheet.com/,sn74ahc3297.pdf,sn74ahc3297.png
sn74ahc3305,Components,fail:alldatasheet_no_download_link,https://www.alldatasheet.com/,sn74ahc3305.pdf,sn74ahc3305.png
sn74ahc3306,Components,fail:alldatasheet_no_download_link,https://www.alldatasheet.com/,sn74ahc3306.pdf,sn74ahc3306.png
sn74ahc3345,Components,fail:alldatasheet_no_download_link,https://www.alldatasheet.com/,sn74ahc3345.pdf,sn74ahc3345.png
sn74ahc3374,Components,fail:alldatasheet_no_download_link,https://www.alldatasheet.com/,sn74ahc3374.pdf,sn74ahc3374.png
sn74ahc3383,Components,fail:alldatasheet_no_download_link,https://www.alldatasheet.com/,sn74ahc3383.pdf,sn74ahc3383.png
sn74ahc3384,Components,fail:alldatasheet_no_download_link,https://www.alldatasheet.com/,sn74ahc3384.pdf,sn74ahc3384.png
sn74ahc3386,Components,fail:alldatasheet_no_download_link,https://www.alldatasheet.com/,sn74ahc3386.pdf,sn74ahc3386.png
sn74ahc3390,Components,fail:alldatasheet_no_download_link,https://www.alldatasheet.com/,sn74ahc3390.pdf,sn74ahc3390.png
sn74ahc3573,Components,fail:alldatasheet_no_download_link,https://www.alldatasheet.com/,sn74ahc3573.pdf,sn74ahc3573.png
sn74ahc3574,Components,fail:alldatasheet_no_download_link,https://www.alldatasheet.com/,sn74ahc3574.pdf,sn74ahc3574.png
sn74ahc3584,Components,fail:alldatasheet_no_download_link,https://www.alldatasheet.com/,sn74ahc3584.pdf,sn74ahc3584.png
sn74ahc3611,Components,fail:alldatasheet_no_download_link,https://www.alldatasheet.com/,sn74ahc3611.pdf,sn74ahc3611.png
sn74ahc3612,Components,fail:alldatasheet_no_download_link,https://www.alldatasheet.com/,sn74ahc3612.pdf,sn74ahc3612.png
sn74ahc3613,Components,fail:alldatasheet_no_download_link,https://www.alldatasheet.com/,sn74ahc3613.pdf,sn74ahc3613.png
sn74ahc3614,Components,fail:alldatasheet_no_download_link,https://www.alldatasheet.com/,sn74ahc3614.pdf,sn74ahc3614.png
sn74ahc3622,Components,fail:alldatasheet_no_download_link,https://www.alldatasheet.com/,sn74ahc3622.pdf,sn74ahc3622.png
sn74ahc3631,Components,fail:alldatasheet_no_download_link,https://www.alldatasheet.com/,sn74ahc3631.pdf,sn74ahc3631.png
sn74ahc3632,Components,fail:alldatasheet_no_download_link,https://www.alldatasheet.com/,sn74ahc3632.pdf,sn74ahc3632.png
sn74ahc3638,Components,fail:alldatasheet_no_download_link,https://www.alldatasheet.com/,sn74ahc3638.pdf,sn74ahc3638.png
sn74ahc3641,Components,fail:alldatasheet_no_download_link,https://www.alldatasheet.com/,sn74ahc3641.pdf,sn74ahc3641.png
sn74ahc3642,Components,fail:alldatasheet_no_download_link,https://www.alldatasheet.com/,sn74ahc3642.pdf,sn74ahc3642.png
sn74ahc3651,Components,fail:alldatasheet_no_download_link,https://www.alldatasheet.com/,sn74ahc3651.pdf,sn74ahc3651.png
sn74ahc3708,Components,fail:alldatasheet_no_download_link,https://www.alldatasheet.com/,sn74ahc3708.pdf,sn74ahc3708.png
sn74ahc3807,Components,fail:alldatasheet_no_download_link,https://www.alldatasheet.com/,sn74ahc3807.pdf,sn74ahc3807.png
sn74ahc3827,Components,fail:alldatasheet_no_download_link,https://www.alldatasheet.com/,sn74ahc3827.pdf,sn74ahc3827.png
sn74ahc3861,Components,fail:alldatasheet_no_download_link,https://www.alldatasheet.com/,sn74ahc3861.pdf,sn74ahc3861.png
sn74ahc3862,Components,fail:alldatasheet_no_download_link,https://www.alldatasheet.com/,sn74ahc3862.pdf,sn74ahc3862.png
sn74ahc3893,Components,fail:alldatasheet_no_download_link,https://www.alldatasheet.com/,sn74ahc3893.pdf,sn74ahc3893.png
sn74ahc3907,Components,fail:alldatasheet_no_download_link,https://www.alldatasheet.com/,sn74ahc3907.pdf,sn74ahc3907.png
sn74ahc3932,Components,fail:alldatasheet_no_download_link,https://www.alldatasheet.com/,sn74ahc3932.pdf,sn74ahc3932.png
sn74ahc3999,Components,fail:alldatasheet_no_download_link,https://www.alldatasheet.com/,sn74ahc3999.pdf,sn74ahc3999.png
sn74ahc4000,Components,fail:alldatasheet_no_download_link,https://www.alldatasheet.com/,sn74ahc4000.pdf,sn74ahc4000.png
sn74ahc4002,Components,fail:alldatasheet_no_download_link,https://www.alldatasheet.com/,sn74ahc4002.pdf,sn74ahc4002.png
sn74ahc4010,Components,fail:alldatasheet_no_download_link,https://www.alldatasheet.com/,sn74ahc4010.pdf,sn74ahc4010.png
sn74ahc4015,Components,fail:alldatasheet_no_download_link,https://www.alldatasheet.com/,sn74ahc4015.pdf,sn74ahc4015.png
sn74ahc4016,Components,fail:alldatasheet_no_download_link,https://www.alldatasheet.com/,sn74ahc4016.pdf,sn74ahc4016.png
sn74ahc4017,Components,fail:alldatasheet_no_download_link,https://www.alldatasheet.com/,sn74ahc4017.pdf,sn74ahc4017.png
sn74ahc4020,Components,fail:alldatasheet_no_download_link,https://www.alldatasheet.com/,sn74ahc4020.pdf,sn74ahc4020.png
sn74ahc4022,Components,fail:alldatasheet_no_download_link,https://www.alldatasheet.com/,sn74ahc4022.pdf,sn74ahc4022.png
sn74ahc4024,Components,fail:alldatasheet_no_download_link,https://www.alldatasheet.com/,sn74ahc4024.pdf,sn74ahc4024.png
sn74ahc4028,Components,fail:alldatasheet_no_download_link,https://www.alldatasheet.com/,sn74ahc4028.pdf,sn74ahc4028.png
sn74ahc4040,Components,fail:alldatasheet_no_download_link,https://www.alldatasheet.com/,sn74ahc4040.pdf,sn74ahc4040.png
sn74ahc4046,Components,fail:alldatasheet_no_download_link,https://www.alldatasheet.com/,sn74ahc4046.pdf,sn74ahc4046.png
sn74ahc4049,Components,fail:alldatasheet_no_download_link,https://www.alldatasheet.com/,sn74ahc4049.pdf,sn74ahc4049.png
sn74ahc4050,Components,fail:alldatasheet_no_download_link,https://www.alldatasheet.com/,sn74ahc4050.pdf,sn74ahc4050.png
sn74ahc4051,Components,fail:alldatasheet_no_download_link,https://www.alldatasheet.com/,sn74ahc4051.pdf,sn74ahc4051.png
sn74ahc4052,Components,fail:alldatasheet_no_download_link,https://www.alldatasheet.com/,sn74ahc4052.pdf,sn74ahc4052.png
sn74ahc4053,Components,fail:alldatasheet_no_download_link,https://www.alldatasheet.com/,sn74ahc4053.pdf,sn74ahc4053.png
sn74ahc4059,Components,fail:alldatasheet_no_download_link,https://www.alldatasheet.com/,sn74ahc4059.pdf,sn74ahc4059.png
sn74ahc4060,Components,fail:alldatasheet_no_download_link,https://www.alldatasheet.com/,sn74ahc4060.pdf,sn74ahc4060.png
sn74ahc4061,Components,fail:alldatasheet_no_download_link,https://www.alldatasheet.com/,sn74ahc4061.pdf,sn74ahc4061.png
sn74ahc4066,Components,ok_no_thumb:thumb_missing,https://www.ti.com/lit/ds/symlink/sn74ahc4066.pdf,sn74ahc4066.pdf,
sn74ahc4067,Components,fail:alldatasheet_no_download_link,https://www.alldatasheet.com/,sn74ahc4067.pdf,sn74ahc4067.png
sn74ahc4072,Components,fail:alldatasheet_no_download_link,https://www.alldatasheet.com/,sn74ahc4072.pdf,sn74ahc4072.png
sn74ahc4075,Components,fail:alldatasheet_no_download_link,https://www.alldatasheet.com/,sn74ahc4075.pdf,sn74ahc4075.png
sn74ahc4078,Components,fail:alldatasheet_no_download_link,https://www.alldatasheet.com/,sn74ahc4078.pdf,sn74ahc4078.png
sn74ahc4094,Components,fail:alldatasheet_no_download_link,https://www.alldatasheet.com/,sn74ahc4094.pdf,sn74ahc4094.png
sn74ahc4102,Components,fail:alldatasheet_no_download_link,https://www.alldatasheet.com/,sn74ahc4102.pdf,sn74ahc4102.png
sn74ahc4103,Components,fail:alldatasheet_no_download_link,https://www.alldatasheet.com/,sn74ahc4103.pdf,sn74ahc4103.png
sn74ahc4245,Components,fail:alldatasheet_no_download_link,https://www.alldatasheet.com/,sn74ahc4245.pdf,sn74ahc4245.png
sn74ahc4301,Components,fail:alldatasheet_no_download_link,https://www.alldatasheet.com/,sn74ahc4301.pdf,sn74ahc4301.png
sn74ahc4302,Components,fail:alldatasheet_no_download_link,https://www.alldatasheet.com/,sn74ahc4302.pdf,sn74ahc4302.png
sn74ahc4303,Components,fail:alldatasheet_no_download_link,https://www.alldatasheet.com/,sn74ahc4303.pdf,sn74ahc4303.png
sn74ahc4304,Components,fail:alldatasheet_no_download_link,https://www.alldatasheet.com/,sn74ahc4304.pdf,sn74ahc4304.png
sn74ahc4305,Components,fail:alldatasheet_no_download_link,https://www.alldatasheet.com/,sn74ahc4305.pdf,sn74ahc4305.png
sn74ahc4306,Components,fail:alldatasheet_no_download_link,https://www.alldatasheet.com/,sn74ahc4306.pdf,sn74ahc4306.png
sn74ahc4316,Components,fail:alldatasheet_no_download_link,https://www.alldatasheet.com/,sn74ahc4316.pdf,sn74ahc4316.png
sn74ahc4351,Components,fail:alldatasheet_no_download_link,https://www.alldatasheet.com/,sn74ahc4351.pdf,sn74ahc4351.png
sn74ahc4352,Components,fail:alldatasheet_no_download_link,https://www.alldatasheet.com/,sn74ahc4352.pdf,sn74ahc4352.png
sn74ahc4353,Components,fail:alldatasheet_no_download_link,https://www.alldatasheet.com/,sn74ahc4353.pdf,sn74ahc4353.png
sn74ahc4374,Components,fail:alldatasheet_no_download_link,https://www.alldatasheet.com/,sn74ahc4374.pdf,sn74ahc4374.png
sn74ahc4503,Components,fail:alldatasheet_no_download_link,https://www.alldatasheet.com/,sn74ahc4503.pdf,sn74ahc4503.png
sn74ahc4510,Components,fail:alldatasheet_no_download_link,https://www.alldatasheet.com/,sn74ahc4510.pdf,sn74ahc4510.png
sn74ahc4511,Components,fail:alldatasheet_no_download_link,https://www.alldatasheet.com/,sn74ahc4511.pdf,sn74ahc4511.png
sn74ahc4514,Components,fail:alldatasheet_no_download_link,https://www.alldatasheet.com/,sn74ahc4514.pdf,sn74ahc4514.png
sn74ahc4515,Components,fail:alldatasheet_no_download_link,https://www.alldatasheet.com/,sn74ahc4515.pdf,sn74ahc4515.png
sn74ahc4516,Components,fail:alldatasheet_no_download_link,https://www.alldatasheet.com/,sn74ahc4516.pdf,sn74ahc4516.png
sn74ahc4518,Components,fail:alldatasheet_no_download_link,https://www.alldatasheet.com/,sn74ahc4518.pdf,sn74ahc4518.png
sn74ahc4520,Components,fail:alldatasheet_no_download_link,https://www.alldatasheet.com/,sn74ahc4520.pdf,sn74ahc4520.png
sn74ahc4538,Components,fail:alldatasheet_no_download_link,https://www.alldatasheet.com/,sn74ahc4538.pdf,sn74ahc4538.png
sn74ahc4543,Components,fail:alldatasheet_no_download_link,https://www.alldatasheet.com/,sn74ahc4543.pdf,sn74ahc4543.png
sn74ahc4560,Components,fail:alldatasheet_no_download_link,https://www.alldatasheet.com/,sn74ahc4560.pdf,sn74ahc4560.png
sn74ahc4724,Components,fail:alldatasheet_no_download_link,https://www.alldatasheet.com/,sn74ahc4724.pdf,sn74ahc4724.png
sn74ahc4764,Components,fail:alldatasheet_no_download_link,https://www.alldatasheet.com/,sn74ahc4764.pdf,sn74ahc4764.png
sn74ahc4799,Components,fail:alldatasheet_no_download_link,https://www.alldatasheet.com/,sn74ahc4799.pdf,sn74ahc4799.png
sn74ahc4851,Components,fail:alldatasheet_no_download_link,https://www.alldatasheet.com/,sn74ahc4851.pdf,sn74ahc4851.png
sn74ahc4852,Components,fail:alldatasheet_no_download_link,https://www.alldatasheet.com/,sn74ahc4852.pdf,sn74ahc4852.png
sn74ahc5074,Components,fail:alldatasheet_no_download_link,https://www.alldatasheet.com/,sn74ahc5074.pdf,sn74ahc5074.png
sn74ahc5245,Components,fail:alldatasheet_no_download_link,https://www.alldatasheet.com/,sn74ahc5245.pdf,sn74ahc5245.png
sn74ahc5300,Components,fail:alldatasheet_no_download_link,https://www.alldatasheet.com/,sn74ahc5300.pdf,sn74ahc5300.png
sn74ahc5302,Components,fail:alldatasheet_no_download_link,https://www.alldatasheet.com/,sn74ahc5302.pdf,sn74ahc5302.png
sn74ahc5400,Components,fail:alldatasheet_no_download_link,https://www.alldatasheet.com/,sn74ahc5400.pdf,sn74ahc5400.png
sn74ahc5401,Components,fail:alldatasheet_no_download_link,https://www.alldatasheet.com/,sn74ahc5401.pdf,sn74ahc5401.png
sn74ahc5402,Components,fail:alldatasheet_no_download_link,https://www.alldatasheet.com/,sn74ahc5402.pdf,sn74ahc5402.png
sn74ahc5403,Components,fail:alldatasheet_no_download_link,https://www.alldatasheet.com/,sn74ahc5403.pdf,sn74ahc5403.png
sn74ahc5555,Components,fail:alldatasheet_no_download_link,https://www.alldatasheet.com/,sn74ahc5555.pdf,sn74ahc5555.png
sn74ahc5620,Components,fail:alldatasheet_no_download_link,https://www.alldatasheet.com/,sn74ahc5620.pdf,sn74ahc5620.png
sn74ahc5999,Components,fail:alldatasheet_no_download_link,https://www.alldatasheet.com/,sn74ahc5999.pdf,sn74ahc5999.png
sn74ahc6000,Components,fail:alldatasheet_no_download_link,https://www.alldatasheet.com/,sn74ahc6000.pdf,sn74ahc6000.png
sn74ahc6001,Components,fail:alldatasheet_no_download_link,https://www.alldatasheet.com/,sn74ahc6001.pdf,sn74ahc6001.png
sn74ahc6010,Components,fail:alldatasheet_no_download_link,https://www.alldatasheet.com/,sn74ahc6010.pdf,sn74ahc6010.png
sn74ahc6011,Components,fail:alldatasheet_no_download_link,https://www.alldatasheet.com/,sn74ahc6011.pdf,sn74ahc6011.png
sn74ahc6300,Components,fail:alldatasheet_no_download_link,https://www.alldatasheet.com/,sn74ahc6300.pdf,sn74ahc6300.png
sn74ahc6301,Components,fail:alldatasheet_no_download_link,https://www.alldatasheet.com/,sn74ahc6301.pdf,sn74ahc6301.png
sn74ahc6302,Components,fail:alldatasheet_no_download_link,https://www.alldatasheet.com/,sn74ahc6302.pdf,sn74ahc6302.png
sn74ahc6310,Components,fail:alldatasheet_no_download_link,https://www.alldatasheet.com/,sn74ahc6310.pdf,sn74ahc6310.png
sn74ahc6311,Components,fail:alldatasheet_no_download_link,https://www.alldatasheet.com/,sn74ahc6311.pdf,sn74ahc6311.png
sn74ahc6323,Components,fail:alldatasheet_no_download_link,https://www.alldatasheet.com/,sn74ahc6323.pdf,sn74ahc6323.png
sn74ahc6364,Components,fail:alldatasheet_no_download_link,https://www.alldatasheet.com/,sn74ahc6364.pdf,sn74ahc6364.png
sn74ahc6800,Components,fail:alldatasheet_no_download_link,https://www.alldatasheet.com/,sn74ahc6800.pdf,sn74ahc6800.png
sn74ahc6845,Components,fail:alldatasheet_no_download_link,https://www.alldatasheet.com/,sn74ahc6845.pdf,sn74ahc6845.png
sn74ahc7001,Components,fail:alldatasheet_no_download_link,https://www.alldatasheet.com/,sn74ahc7001.pdf,sn74ahc7001.png
sn74ahc7002,Components,fail:alldatasheet_no_download_link,https://www.alldatasheet.com/,sn74ahc7002.pdf,sn74ahc7002.png
sn74ahc7003,Components,fail:alldatasheet_no_download_link,https://www.alldatasheet.com/,sn74ahc7003.pdf,sn74ahc7003.png
sn74ahc7006,Components,fail:alldatasheet_no_download_link,https://www.alldatasheet.com/,sn74ahc7006.pdf,sn74ahc7006.png
sn74ahc7007,Components,fail:alldatasheet_no_download_link,https://www.alldatasheet.com/,sn74ahc7007.pdf,sn74ahc7007.png
sn74ahc7008,Components,fail:alldatasheet_no_download_link,https://www.alldatasheet.com/,sn74ahc7008.pdf,sn74ahc7008.png
sn74ahc7014,Components,fail:alldatasheet_no_download_link,https://www.alldatasheet.com/,sn74ahc7014.pdf,sn74ahc7014.png
sn74ahc7022,Components,fail:alldatasheet_no_download_link,https://www.alldatasheet.com/,sn74ahc7022.pdf,sn74ahc7022.png
sn74ahc7030,Components,fail:alldatasheet_no_download_link,https://www.alldatasheet.com/,sn74ahc7030.pdf,sn74ahc7030.png
sn74ahc7032,Components,fail:alldatasheet_no_download_link,https://www.alldatasheet.com/,sn74ahc7032.pdf,sn74ahc7032.png
sn74ahc7038,Components,fail:alldatasheet_no_download_link,https://www.alldatasheet.com/,sn74ahc7038.pdf,sn74ahc7038.png
sn74ahc7046,Components,fail:alldatasheet_no_download_link,https://www.alldatasheet.com/,sn74ahc7046.pdf,sn74ahc7046.png
sn74ahc7060,Components,fail:alldatasheet_no_download_link,https://www.alldatasheet.com/,sn74ahc7060.pdf,sn74ahc7060.png
sn74ahc7074,Components,fail:alldatasheet_no_download_link,https://www.alldatasheet.com/,sn74ahc7074.pdf,sn74ahc7074.png
sn74ahc7075,Components,fail:alldatasheet_no_download_link,https://www.alldatasheet.com/,sn74ahc7075.pdf,sn74ahc7075.png
sn74ahc7076,Components,fail:alldatasheet_no_download_link,https://www.alldatasheet.com/,sn74ahc7076.pdf,sn74ahc7076.png
sn74ahc7080,Components,fail:alldatasheet_no_download_link,https://www.alldatasheet.com/,sn74ahc7080.pdf,sn74ahc7080.png
sn74ahc7132,Components,fail:alldatasheet_no_download_link,https://www.alldatasheet.com/,sn74ahc7132.pdf,sn74ahc7132.png
sn74ahc7200,Components,fail:alldatasheet_no_download_link,https://www.alldatasheet.com/,sn74ahc7200.pdf,sn74ahc7200.png
sn74ahc7201,Components,fail:alldatasheet_no_download_link,https://www.alldatasheet.com/,sn74ahc7201.pdf,sn74ahc7201.png
sn74ahc7202,Components,fail:alldatasheet_no_download_link,https://www.alldatasheet.com/,sn74ahc7202.pdf,sn74ahc7202.png
sn74ahc7203,Components,fail:alldatasheet_no_download_link,https://www.alldatasheet.com/,sn74ahc7203.pdf,sn74ahc7203.png
sn74ahc7205,Components,fail:alldatasheet_no_download_link,https://www.alldatasheet.com/,sn74ahc7205.pdf,sn74ahc7205.png
sn74ahc7206,Components,fail:alldatasheet_no_download_link,https://www.alldatasheet.com/,sn74ahc7206.pdf,sn74ahc7206.png
sn74ahc7240,Components,fail:alldatasheet_no_download_link,https://www.alldatasheet.com/,sn74ahc7240.pdf,sn74ahc7240.png
sn74ahc7241,Components,fail:alldatasheet_no_download_link,https://www.alldatasheet.com/,sn74ahc7241.pdf,sn74ahc7241.png
sn74ahc7244,Components,fail:alldatasheet_no_download_link,https://www.alldatasheet.com/,sn74ahc7244.pdf,sn74ahc7244.png
sn74ahc7245,Components,fail:alldatasheet_no_download_link,https://www.alldatasheet.com/,sn74ahc7245.pdf,sn74ahc7245.png
sn74ahc7266,Components,fail:alldatasheet_no_download_link,https://www.alldatasheet.com/,sn74ahc7266.pdf,sn74ahc7266.png
sn74ahc7273,Components,fail:alldatasheet_no_download_link,https://www.alldatasheet.com/,sn74ahc7273.pdf,sn74ahc7273.png
sn74ahc7292,Components,fail:alldatasheet_no_download_link,https://www.alldatasheet.com/,sn74ahc7292.pdf,sn74ahc7292.png
sn74ahc7294,Components,fail:alldatasheet_no_download_link,https://www.alldatasheet.com/,sn74ahc7294.pdf,sn74ahc7294.png
sn74ahc7340,Components,fail:alldatasheet_no_download_link,https://www.alldatasheet.com/,sn74ahc7340.pdf,sn74ahc7340.png
sn74ahc7403,Components,fail:alldatasheet_no_download_link,https://www.alldatasheet.com/,sn74ahc7403.pdf,sn74ahc7403.png
sn74ahc7404,Components,fail:alldatasheet_no_download_link,https://www.alldatasheet.com/,sn74ahc7404.pdf,sn74ahc7404.png
sn74ahc7540,Components,fail:alldatasheet_no_download_link,https://www.alldatasheet.com/,sn74ahc7540.pdf,sn74ahc7540.png
sn74ahc7541,Components,fail:alldatasheet_no_download_link,https://www.alldatasheet.com/,sn74ahc7541.pdf,sn74ahc7541.png
sn74ahc7597,Components,fail:alldatasheet_no_download_link,https://www.alldatasheet.com/,sn74ahc7597.pdf,sn74ahc7597.png
sn74ahc7623,Components,fail:alldatasheet_no_download_link,https://www.alldatasheet.com/,sn74ahc7623.pdf,sn74ahc7623.png
sn74ahc7640,Components,fail:alldatasheet_no_download_link,https://www.alldatasheet.com/,sn74ahc7640.pdf,sn74ahc7640.png
sn74ahc7643,Components,fail:alldatasheet_no_download_link,https://www.alldatasheet.com/,sn74ahc7643.pdf,sn74ahc7643.png
sn74ahc7645,Components,fail:alldatasheet_no_download_link,https://www.alldatasheet.com/,sn74ahc7645.pdf,sn74ahc7645.png
sn74ahc7731,Components,fail:alldatasheet_no_download_link,https://www.alldatasheet.com/,sn74ahc7731.pdf,sn74ahc7731.png
sn74ahc7793,Components,fail:alldatasheet_no_download_link,https://www.alldatasheet.com/,sn74ahc7793.pdf,sn74ahc7793.png
sn74ahc7801,Components,fail:alldatasheet_no_download_link,https://www.alldatasheet.com/,sn74ahc7801.pdf,sn74ahc7801.png
sn74ahc7802,Components,fail:alldatasheet_no_download_link,https://www.alldatasheet.com/,sn74ahc7802.pdf,sn74ahc7802.png
sn74ahc7803,Components,fail:alldatasheet_no_download_link,https://www.alldatasheet.com/,sn74ahc7803.pdf,sn74ahc7803.png
sn74ahc7804,Components,fail:alldatasheet_no_download_link,https://www.alldatasheet.com/,sn74ahc7804.pdf,sn74ahc7804.png
sn74ahc7805,Components,fail:alldatasheet_no_download_link,https://www.alldatasheet.com/,sn74ahc7805.pdf,sn74ahc7805.png
sn74ahc7806,Components,fail:alldatasheet_no_download_link,https://www.alldatasheet.com/,sn74ahc7806.pdf,sn74ahc7806.png
sn74ahc7807,Components,fail:alldatasheet_no_download_link,https://www.alldatasheet.com/,sn74ahc7807.pdf,sn74ahc7807.png
sn74ahc7808,Components,fail:alldatasheet_no_download_link,https://www.alldatasheet.com/,sn74ahc7808.pdf,sn74ahc7808.png
sn74ahc7811,Components,fail:alldatasheet_no_download_link,https://www.alldatasheet.com/,sn74ahc7811.pdf,sn74ahc7811.png
sn74ahc7813,Components,fail:alldatasheet_no_download_link,https://www.alldatasheet.com/,sn74ahc7813.pdf,sn74ahc7813.png
sn74ahc7814,Components,fail:alldatasheet_no_download_link,https://www.alldatasheet.com/,sn74ahc7814.pdf,sn74ahc7814.png
sn74ahc7815,Components,fail:alldatasheet_no_download_link,https://www.alldatasheet.com/,sn74ahc7815.pdf,sn74ahc7815.png
sn74ahc7816,Components,fail:alldatasheet_no_download_link,https://www.alldatasheet.com/,sn74ahc7816.pdf,sn74ahc7816.png
sn74ahc7817,Components,fail:alldatasheet_no_download_link,https://www.alldatasheet.com/,sn74ahc7817.pdf,sn74ahc7817.png
sn74ahc7818,Components,fail:alldatasheet_no_download_link,https://www.alldatasheet.com/,sn74ahc7818.pdf,sn74ahc7818.png
sn74ahc7819,Components,fail:alldatasheet_no_download_link,https://www.alldatasheet.com/,sn74ahc7819.pdf,sn74ahc7819.png
sn74ahc7820,Components,fail:alldatasheet_no_download_link,https://www.alldatasheet.com/,sn74ahc7820.pdf,sn74ahc7820.png
sn74ahc7821,Components,fail:alldatasheet_no_download_link,https://www.alldatasheet.com/,sn74ahc7821.pdf,sn74ahc7821.png
sn74ahc7822,Components,fail:alldatasheet_no_download_link,https://www.alldatasheet.com/,sn74ahc7822.pdf,sn74ahc7822.png
sn74ahc7823,Components,fail:alldatasheet_no_download_link,https://www.alldatasheet.com/,sn74ahc7823.pdf,sn74ahc7823.png
sn74ahc7881,Components,fail:alldatasheet_no_download_link,https://www.alldatasheet.com/,sn74ahc7881.pdf,sn74ahc7881.png
sn74ahc7882,Components,fail:alldatasheet_no_download_link,https://www.alldatasheet.com/,sn74ahc7882.pdf,sn74ahc7882.png
sn74ahc7884,Components,fail:alldatasheet_no_download_link,https://www.alldatasheet.com/,sn74ahc7884.pdf,sn74ahc7884.png
sn74ahc8003,Components,fail:alldatasheet_no_download_link,https://www.alldatasheet.com/,sn74ahc8003.pdf,sn74ahc8003.png
sn74ahc8151,Components,fail:alldatasheet_no_download_link,https://www.alldatasheet.com/,sn74ahc8151.pdf,sn74ahc8151.png
sn74ahc8153,Components,fail:alldatasheet_no_download_link,https://www.alldatasheet.com/,sn74ahc8153.pdf,sn74ahc8153.png
sn74ahc8154,Components,fail:alldatasheet_no_download_link,https://www.alldatasheet.com/,sn74ahc8154.pdf,sn74ahc8154.png
sn74ahc8161,Components,fail:alldatasheet_no_download_link,https://www.alldatasheet.com/,sn74ahc8161.pdf,sn74ahc8161.png
sn74ahc8240,Components,fail:alldatasheet_no_download_link,https://www.alldatasheet.com/,sn74ahc8240.pdf,sn74ahc8240.png
sn74ahc8244,Components,fail:alldatasheet_no_download_link,https://www.alldatasheet.com/,sn74ahc8244.pdf,sn74ahc8244.png
sn74ahc8245,Components,fail:alldatasheet_no_download_link,https://www.alldatasheet.com/,sn74ahc8245.pdf,sn74ahc8245.png
sn74ahc8373,Components,fail:alldatasheet_no_download_link,https://www.alldatasheet.com/,sn74ahc8373.pdf,sn74ahc8373.png
sn74ahc8374,Components,fail:alldatasheet_no_download_link,https://www.alldatasheet.com/,sn74ahc8374.pdf,sn74ahc8374.png
sn74ahc8400,Components,fail:alldatasheet_no_download_link,https://www.alldatasheet.com/,sn74ahc8400.pdf,sn74ahc8400.png
sn74ahc8541,Components,ok_no_thumb:thumb_missing,https://www.ti.com/lit/ds/symlink/sn74ahc8541.pdf,sn74ahc8541.pdf,
sn74ahc8543,Components,fail:alldatasheet_no_download_link,https://www.alldatasheet.com/,sn74ahc8543.pdf,sn74ahc8543.png
sn74ahc8646,Components,fail:alldatasheet_no_download_link,https://www.alldatasheet.com/,sn74ahc8646.pdf,sn74ahc8646.png
sn74ahc8652,Components,fail:alldatasheet_no_download_link,https://www.alldatasheet.com/,sn74ahc8652.pdf,sn74ahc8652.png
sn74ahc8818,Components,fail:alldatasheet_no_download_link,https://www.alldatasheet.com/,sn74ahc8818.pdf,sn74ahc8818.png
sn74ahc8832,Components,fail:alldatasheet_no_download_link,https://www.alldatasheet.com/,sn74ahc8832.pdf,sn74ahc8832.png
sn74ahc8834,Components,fail:alldatasheet_no_download_link,https://www.alldatasheet.com/,sn74ahc8834.pdf,sn74ahc8834.png
sn74ahc8835,Components,fail:alldatasheet_no_download_link,https://www.alldatasheet.com/,sn74ahc8835.pdf,sn74ahc8835.png
sn74ahc8836,Components,fail:alldatasheet_no_download_link,https://www.alldatasheet.com/,sn74ahc8836.pdf,sn74ahc8836.png
sn74ahc8837,Components,fail:alldatasheet_no_download_link,https://www.alldatasheet.com/,sn74ahc8837.pdf,sn74ahc8837.png
sn74ahc8838,Components,fail:alldatasheet_no_download_link,https://www.alldatasheet.com/,sn74ahc8838.pdf,sn74ahc8838.png
sn74ahc8839,Components,fail:alldatasheet_no_download_link,https://www.alldatasheet.com/,sn74ahc8839.pdf,sn74ahc8839.png
sn74ahc8840,Components,fail:alldatasheet_no_download_link,https://www.alldatasheet.com/,sn74ahc8840.pdf,sn74ahc8840.png
sn74ahc8841,Components,fail:alldatasheet_no_download_link,https://www.alldatasheet.com/,sn74ahc8841.pdf,sn74ahc8841.png
sn74ahc8847,Components,fail:alldatasheet_no_download_link,https://www.alldatasheet.com/,sn74ahc8847.pdf,sn74ahc8847.png
sn74ahc8867,Components,fail:alldatasheet_no_download_link,https://www.alldatasheet.com/,sn74ahc8867.pdf,sn74ahc8867.png
sn74ahc8952,Components,fail:alldatasheet_no_download_link,https://www.alldatasheet.com/,sn74ahc8952.pdf,sn74ahc8952.png
sn74ahc8960,Components,fail:alldatasheet_no_download_link,https://www.alldatasheet.com/,sn74ahc8960.pdf,sn74ahc8960.png
sn74ahc8961,Components,fail:alldatasheet_no_download_link,https://www.alldatasheet.com/,sn74ahc8961.pdf,sn74ahc8961.png
sn74ahc8962,Components,fail:alldatasheet_no_download_link,https://www.alldatasheet.com/,sn74ahc8962.pdf,sn74ahc8962.png
sn74ahc8963,Components,fail:alldatasheet_no_download_link,https://www.alldatasheet.com/,sn74ahc8963.pdf,sn74ahc8963.png
sn74ahc8965,Components,fail:alldatasheet_no_download_link,https://www.alldatasheet.com/,sn74ahc8965.pdf,sn74ahc8965.png
sn74ahc8966,Components,fail:alldatasheet_no_download_link,https://www.alldatasheet.com/,sn74ahc8966.pdf,sn74ahc8966.png
sn74ahc8980,Components,fail:alldatasheet_no_download_link,https://www.alldatasheet.com/,sn74ahc8980.pdf,sn74ahc8980.png
sn74ahc8986,Components,fail:alldatasheet_no_download_link,https://www.alldatasheet.com/,sn74ahc8986.pdf,sn74ahc8986.png
sn74ahc8990,Components,fail:alldatasheet_no_download_link,https://www.alldatasheet.com/,sn74ahc8990.pdf,sn74ahc8990.png
sn74ahc8994,Components,fail:alldatasheet_no_download_link,https://www.alldatasheet.com/,sn74ahc8994.pdf,sn74ahc8994.png
sn74ahc8996,Components,fail:alldatasheet_no_download_link,https://www.alldatasheet.com/,sn74ahc8996.pdf,sn74ahc8996.png
sn74ahc8997,Components,fail:alldatasheet_no_download_link,https://www.alldatasheet.com/,sn74ahc8997.pdf,sn74ahc8997.png
sn74ahc8999,Components,fail:alldatasheet_no_download_link,https://www.alldatasheet.com/,sn74ahc8999.pdf,sn74ahc8999.png
sn74ahc9000,Components,fail:alldatasheet_no_download_link,https://www.alldatasheet.com/,sn74ahc9000.pdf,sn74ahc9000.png
sn74ahc9014,Components,fail:alldatasheet_no_download_link,https://www.alldatasheet.com/,sn74ahc9014.pdf,sn74ahc9014.png
sn74ahc9015,Components,fail:alldatasheet_no_download_link,https://www.alldatasheet.com/,sn74ahc9015.pdf,sn74ahc9015.png
sn74ahc9034,Components,fail:alldatasheet_no_download_link,https://www.alldatasheet.com/,sn74ahc9034.pdf,sn74ahc9034.png
sn74ahc9035,Components,fail:alldatasheet_no_download_link,https://www.alldatasheet.com/,sn74ahc9035.pdf,sn74ahc9035.png
sn74ahc9046,Components,fail:alldatasheet_no_download_link,https://www.alldatasheet.com/,sn74ahc9046.pdf,sn74ahc9046.png
sn74ahc9114,Components,fail:alldatasheet_no_download_link,https://www.alldatasheet.com/,sn74ahc9114.pdf,sn74ahc9114.png
sn74ahc9115,Components,fail:alldatasheet_no_download_link,https://www.alldatasheet.com/,sn74ahc9115.pdf,sn74ahc9115.png
sn74ahc9134,Components,fail:alldatasheet_no_download_link,https://www.alldatasheet.com/,sn74ahc9134.pdf,sn74ahc9134.png
sn74ahc9135,Components,fail:alldatasheet_no_download_link,https://www.alldatasheet.com/,sn74ahc9135.pdf,sn74ahc9135.png
sn74ahc9164,Components,fail:alldatasheet_no_download_link,https://www.alldatasheet.com/,sn74ahc9164.pdf,sn74ahc9164.png
sn74ahc9240,Components,fail:alldatasheet_no_download_link,https://www.alldatasheet.com/,sn74ahc9240.pdf,sn74ahc9240.png
sn74ahc9244,Components,fail:alldatasheet_no_download_link,https://www.alldatasheet.com/,sn74ahc9244.pdf,sn74ahc9244.png
sn74ahc9245,Components,fail:alldatasheet_no_download_link,https://www.alldatasheet.com/,sn74ahc9245.pdf,sn74ahc9245.png
sn74ahc9323,Components,fail:alldatasheet_no_download_link,https://www.alldatasheet.com/,sn74ahc9323.pdf,sn74ahc9323.png
sn74ahc9510,Components,fail:alldatasheet_no_download_link,https://www.alldatasheet.com/,sn74ahc9510.pdf,sn74ahc9510.png
sn74ahc9541,Components,fail:alldatasheet_no_download_link,https://www.alldatasheet.com/,sn74ahc9541.pdf,sn74ahc9541.png
sn74ahc9595,Components,fail:alldatasheet_no_download_link,https://www.alldatasheet.com/,sn74ahc9595.pdf,sn74ahc9595.png
sn74ahct00,Components,ok_no_thumb:thumb_missing,https://www.ti.com/lit/ds/symlink/sn74ahct00.pdf,sn74ahct00.pdf,
sn74ahct01,Components,fail:alldatasheet_no_download_link,https://www.alldatasheet.com/,sn74ahct01.pdf,sn74ahct01.png
sn74ahct02,Components,ok_no_thumb:thumb_missing,https://www.ti.com/lit/ds/symlink/sn74ahct02.pdf,sn74ahct02.pdf,
sn74ahct03,Components,fail:alldatasheet_no_download_link,https://www.alldatasheet.com/,sn74ahct03.pdf,sn74ahct03.png
sn74ahct04,Components,ok_no_thumb:thumb_missing,https://www.ti.com/lit/ds/symlink/sn74ahct04.pdf,sn74ahct04.pdf,
sn74ahct05,Components,fail:alldatasheet_no_download_link,https://www.alldatasheet.com/,sn74ahct05.pdf,sn74ahct05.png
sn74ahct06,Components,fail:alldatasheet_no_download_link,https://www.alldatasheet.com/,sn74ahct06.pdf,sn74ahct06.png
sn74ahct07,Components,fail:alldatasheet_no_download_link,https://www.alldatasheet.com/,sn74ahct07.pdf,sn74ahct07.png
sn74ahct08,Components,ok_no_thumb:thumb_missing,https://www.ti.com/lit/ds/symlink/sn74ahct08.pdf,sn74ahct08.pdf,
sn74ahct09,Components,fail:alldatasheet_no_download_link,https://www.alldatasheet.com/,sn74ahct09.pdf,sn74ahct09.png
sn74ahct10,Components,fail:alldatasheet_no_download_link,https://www.alldatasheet.com/,sn74ahct10.pdf,sn74ahct10.png
sn74ahct11,Components,fail:alldatasheet_no_download_link,https://www.alldatasheet.com/,sn74ahct11.pdf,sn74ahct11.png
sn74ahct12,Components,fail:alldatasheet_no_download_link,https://www.alldatasheet.com/,sn74ahct12.pdf,sn74ahct12.png
sn74ahct13,Components,fail:alldatasheet_no_download_link,https://www.alldatasheet.com/,sn74ahct13.pdf,sn74ahct13.png
sn74ahct14,Components,ok_no_thumb:thumb_missing,https://www.ti.com/lit/ds/symlink/sn74ahct14.pdf,sn74ahct14.pdf,
sn74ahct15,Components,fail:alldatasheet_no_download_link,https://www.alldatasheet.com/,sn74ahct15.pdf,sn74ahct15.png
sn74ahct16,Components,fail:alldatasheet_no_download_link,https://www.alldatasheet.com/,sn74ahct16.pdf,sn74ahct16.png
sn74ahct17,Components,fail:alldatasheet_no_download_link,https://www.alldatasheet.com/,sn74ahct17.pdf,sn74ahct17.png
sn74ahct18,Components,fail:alldatasheet_no_download_link,https://www.alldatasheet.com/,sn74ahct18.pdf,sn74ahct18.png
sn74ahct19,Components,fail:alldatasheet_no_download_link,https://www.alldatasheet.com/,sn74ahct19.pdf,sn74ahct19.png
sn74ahct20,Components,fail:alldatasheet_no_download_link,https://www.alldatasheet.com/,sn74ahct20.pdf,sn74ahct20.png
sn74ahct21,Components,fail:alldatasheet_no_download_link,https://www.alldatasheet.com/,sn74ahct21.pdf,sn74ahct21.png
sn74ahct22,Components,fail:alldatasheet_no_download_link,https://www.alldatasheet.com/,sn74ahct22.pdf,sn74ahct22.png
sn74ahct23,Components,fail:alldatasheet_no_download_link,https://www.alldatasheet.com/,sn74ahct23.pdf,sn74ahct23.png
sn74ahct24,Components,fail:alldatasheet_no_download_link,https://www.alldatasheet.com/,sn74ahct24.pdf,sn74ahct24.png
sn74ahct25,Components,fail:alldatasheet_no_download_link,https://www.alldatasheet.com/,sn74ahct25.pdf,sn74ahct25.png
sn74ahct26,Components,fail:alldatasheet_no_download_link,https://www.alldatasheet.com/,sn74ahct26.pdf,sn74ahct26.png
sn74ahct27,Components,fail:alldatasheet_no_download_link,https://www.alldatasheet.com/,sn74ahct27.pdf,sn74ahct27.png
sn74ahct28,Components,fail:alldatasheet_no_download_link,https://www.alldatasheet.com/,sn74ahct28.pdf,sn74ahct28.png
sn74ahct29,Components,fail:alldatasheet_no_download_link,https://www.alldatasheet.com/,sn74ahct29.pdf,sn74ahct29.png
sn74ahct30,Components,fail:alldatasheet_no_download_link,https://www.alldatasheet.com/,sn74ahct30.pdf,sn74ahct30.png
sn74ahct31,Components,fail:alldatasheet_no_download_link,https://www.alldatasheet.com/,sn74ahct31.pdf,sn74ahct31.png
sn74ahct32,Components,ok_no_thumb:thumb_missing,https://www.ti.com/lit/ds/symlink/sn74ahct32.pdf,sn74ahct32.pdf,
sn74ahct33,Components,fail:alldatasheet_no_download_link,https://www.alldatasheet.com/,sn74ahct33.pdf,sn74ahct33.png
sn74ahct34,Components,fail:alldatasheet_no_download_link,https://www.alldatasheet.com/,sn74ahct34.pdf,sn74ahct34.png
sn74ahct35,Components,fail:alldatasheet_no_download_link,https://www.alldatasheet.com/,sn74ahct35.pdf,sn74ahct35.png
sn74ahct36,Components,fail:alldatasheet_no_download_link,https://www.alldatasheet.com/,sn74ahct36.pdf,sn74ahct36.png
sn74ahct37,Components,fail:alldatasheet_no_download_link,https://www.alldatasheet.com/,sn74ahct37.pdf,sn74ahct37.png
sn74ahct38,Components,fail:alldatasheet_no_download_link,https://www.alldatasheet.com/,sn74ahct38.pdf,sn74ahct38.png
sn74ahct39,Components,fail:alldatasheet_no_download_link,https://www.alldatasheet.com/,sn74ahct39.pdf,sn74ahct39.png
sn74ahct40,Components,fail:alldatasheet_no_download_link,https://www.alldatasheet.com/,sn74ahct40.pdf,sn74ahct40.png
sn74ahct41,Components,fail:alldatasheet_no_download_link,https://www.alldatasheet.com/,sn74ahct41.pdf,sn74ahct41.png
sn74ahct42,Components,fail:alldatasheet_no_download_link,https://www.alldatasheet.com/,sn74ahct42.pdf,sn74ahct42.png
sn74ahct43,Components,fail:alldatasheet_no_download_link,https://www.alldatasheet.com/,sn74ahct43.pdf,sn74ahct43.png
sn74ahct44,Components,fail:alldatasheet_no_download_link,https://www.alldatasheet.com/,sn74ahct44.pdf,sn74ahct44.png
sn74ahct45,Components,fail:alldatasheet_no_download_link,https://www.alldatasheet.com/,sn74ahct45.pdf,sn74ahct45.png
sn74ahct46,Components,fail:alldatasheet_no_download_link,https://www.alldatasheet.com/,sn74ahct46.pdf,sn74ahct46.png
sn74ahct47,Components,fail:alldatasheet_no_download_link,https://www.alldatasheet.com/,sn74ahct47.pdf,sn74ahct47.png
sn74ahct48,Components,fail:alldatasheet_no_download_link,https://www.alldatasheet.com/,sn74ahct48.pdf,sn74ahct48.png
sn74ahct49,Components,fail:alldatasheet_no_download_link,https://www.alldatasheet.com/,sn74ahct49.pdf,sn74ahct49.png
sn74ahct50,Components,fail:alldatasheet_no_download_link,https://www.alldatasheet.com/,sn74ahct50.pdf,sn74ahct50.png
sn74ahct52,Components,fail:alldatasheet_no_download_link,https://www.alldatasheet.com/,sn74ahct52.pdf,sn74ahct52.png
sn74ahct53,Components,fail:alldatasheet_no_download_link,https://www.alldatasheet.com/,sn74ahct53.pdf,sn74ahct53.png
sn74ahct55,Components,fail:alldatasheet_no_download_link,https://www.alldatasheet.com/,sn74ahct55.pdf,sn74ahct55.png
sn74ahct56,Components,fail:alldatasheet_no_download_link,https://www.alldatasheet.com/,sn74ahct56.pdf,sn74ahct56.png
sn74ahct57,Components,fail:alldatasheet_no_download_link,https://www.alldatasheet.com/,sn74ahct57.pdf,sn74ahct57.png
sn74ahct58,Components,fail:alldatasheet_no_download_link,https://www.alldatasheet.com/,sn74ahct58.pdf,sn74ahct58.png
sn74ahct59,Components,fail:alldatasheet_no_download_link,https://www.alldatasheet.com/,sn74ahct59.pdf,sn74ahct59.png
sn74ahct60,Components,fail:alldatasheet_no_download_link,https://www.alldatasheet.com/,sn74ahct60.pdf,sn74ahct60.png
sn74ahct61,Components,fail:alldatasheet_no_download_link,https://www.alldatasheet.com/,sn74ahct61.pdf,sn74ahct61.png
sn74ahct62,Components,fail:alldatasheet_no_download_link,https://www.alldatasheet.com/,sn74ahct62.pdf,sn74ahct62.png
sn74ahct63,Components,fail:alldatasheet_no_download_link,https://www.alldatasheet.com/,sn74ahct63.pdf,sn74ahct63.png
sn74ahct64,Components,fail:alldatasheet_no_download_link,https://www.alldatasheet.com/,sn74ahct64.pdf,sn74ahct64.png
sn74ahct65,Components,fail:alldatasheet_no_download_link,https://www.alldatasheet.com/,sn74ahct65.pdf,sn74ahct65.png
sn74ahct67,Components,fail:alldatasheet_no_download_link,https://www.alldatasheet.com/,sn74ahct67.pdf,sn74ahct67.png
sn74ahct70,Components,fail:alldatasheet_no_download_link,https://www.alldatasheet.com/,sn74ahct70.pdf,sn74ahct70.png
sn74ahct72,Components,fail:alldatasheet_no_download_link,https://www.alldatasheet.com/,sn74ahct72.pdf,sn74ahct72.png
sn74ahct73,Components,fail:alldatasheet_no_download_link,https://www.alldatasheet.com/,sn74ahct73.pdf,sn74ahct73.png
sn74ahct74,Components,ok_no_thumb:thumb_missing,https://www.ti.com/lit/ds/symlink/sn74ahct74.pdf,sn74ahct74.pdf,
sn74ahct75,Components,fail:alldatasheet_no_download_link,https://www.alldatasheet.com/,sn74ahct75.pdf,sn74ahct75.png
sn74ahct76,Components,fail:alldatasheet_no_download_link,https://www.alldatasheet.com/,sn74ahct76.pdf,sn74ahct76.png
sn74ahct77,Components,fail:alldatasheet_no_download_link,https://www.alldatasheet.com/,sn74ahct77.pdf,sn74ahct77.png
sn74ahct79,Components,fail:alldatasheet_no_download_link,https://www.alldatasheet.com/,sn74ahct79.pdf,sn74ahct79.png
sn74ahct80,Components,fail:alldatasheet_no_download_link,https://www.alldatasheet.com/,sn74ahct80.pdf,sn74ahct80.png
sn74ahct81,Components,fail:alldatasheet_no_download_link,https://www.alldatasheet.com/,sn74ahct81.pdf,sn74ahct81.png
sn74ahct82,Components,fail:alldatasheet_no_download_link,https://www.alldatasheet.com/,sn74ahct82.pdf,sn74ahct82.png
sn74ahct83,Components,fail:alldatasheet_no_download_link,https://www.alldatasheet.com/,sn74ahct83.pdf,sn74ahct83.png
sn74ahct84,Components,fail:alldatasheet_no_download_link,https://www.alldatasheet.com/,sn74ahct84.pdf,sn74ahct84.png
sn74ahct85,Components,fail:alldatasheet_no_download_link,https://www.alldatasheet.com/,sn74ahct85.pdf,sn74ahct85.png
sn74ahct86,Components,ok_no_thumb:thumb_missing,https://www.ti.com/lit/ds/symlink/sn74ahct86.pdf,sn74ahct86.pdf,
sn74ahct87,Components,fail:alldatasheet_no_download_link,https://www.alldatasheet.com/,sn74ahct87.pdf,sn74ahct87.png
sn74ahct88,Components,fail:alldatasheet_no_download_link,https://www.alldatasheet.com/,sn74ahct88.pdf,sn74ahct88.png
sn74ahct89,Components,fail:alldatasheet_no_download_link,https://www.alldatasheet.com/,sn74ahct89.pdf,sn74ahct89.png
sn74ahct90,Components,fail:alldatasheet_no_download_link,https://www.alldatasheet.com/,sn74ahct90.pdf,sn74ahct90.png
sn74ahct91,Components,fail:alldatasheet_no_download_link,https://www.alldatasheet.com/,sn74ahct91.pdf,sn74ahct91.png
sn74ahct92,Components,fail:alldatasheet_no_download_link,https://www.alldatasheet.com/,sn74ahct92.pdf,sn74ahct92.png
sn74ahct93,Components,fail:alldatasheet_no_download_link,https://www.alldatasheet.com/,sn74ahct93.pdf,sn74ahct93.png
sn74ahct94,Components,fail:alldatasheet_no_download_link,https://www.alldatasheet.com/,sn74ahct94.pdf,sn74ahct94.png
sn74ahct95,Components,fail:alldatasheet_no_download_link,https://www.alldatasheet.com/,sn74ahct95.pdf,sn74ahct95.png
sn74ahct96,Components,fail:alldatasheet_no_download_link,https://www.alldatasheet.com/,sn74ahct96.pdf,sn74ahct96.png
sn74ahct97,Components,fail:alldatasheet_no_download_link,https://www.alldatasheet.com/,sn74ahct97.pdf,sn74ahct97.png
sn74ahct98,Components,fail:alldatasheet_no_download_link,https://www.alldatasheet.com/,sn74ahct98.pdf,sn74ahct98.png
sn74ahct99,Components,fail:alldatasheet_no_download_link,https://www.alldatasheet.com/,sn74ahct99.pdf,sn74ahct99.png
sn74ahct100,Components,fail:alldatasheet_no_download_link,https://www.alldatasheet.com/,sn74ahct100.pdf,sn74ahct100.png
sn74ahct101,Components,fail:alldatasheet_no_download_link,https://www.alldatasheet.com/,sn74ahct101.pdf,sn74ahct101.png
sn74ahct102,Components,fail:alldatasheet_no_download_link,https://www.alldatasheet.com/,sn74ahct102.pdf,sn74ahct102.png
sn74ahct103,Components,fail:alldatasheet_no_download_link,https://www.alldatasheet.com/,sn74ahct103.pdf,sn74ahct103.png
sn74ahct104,Components,fail:alldatasheet_no_download_link,https://www.alldatasheet.com/,sn74ahct104.pdf,sn74ahct104.png
sn74ahct105,Components,fail:alldatasheet_no_download_link,https://www.alldatasheet.com/,sn74ahct105.pdf,sn74ahct105.png
sn74ahct106,Components,fail:alldatasheet_no_download_link,https://www.alldatasheet.com/,sn74ahct106.pdf,sn74ahct106.png
sn74ahct107,Components,fail:alldatasheet_no_download_link,https://www.alldatasheet.com/,sn74ahct107.pdf,sn74ahct107.png
sn74ahct108,Components,fail:alldatasheet_no_download_link,https://www.alldatasheet.com/,sn74ahct108.pdf,sn74ahct108.png
sn74ahct109,Components,fail:alldatasheet_no_download_link,https://www.alldatasheet.com/,sn74ahct109.pdf,sn74ahct109.png
sn74ahct110,Components,fail:alldatasheet_no_download_link,https://www.alldatasheet.com/,sn74ahct110.pdf,sn74ahct110.png
sn74ahct111,Components,fail:alldatasheet_no_download_link,https://www.alldatasheet.com/,sn74ahct111.pdf,sn74ahct111.png
sn74ahct112,Components,fail:alldatasheet_no_download_link,https://www.alldatasheet.com/,sn74ahct112.pdf,sn74ahct112.png
sn74ahct113,Components,fail:alldatasheet_no_download_link,https://www.alldatasheet.com/,sn74ahct113.pdf,sn74ahct113.png
sn74ahct114,Components,fail:alldatasheet_no_download_link,https://www.alldatasheet.com/,sn74ahct114.pdf,sn74ahct114.png
sn74ahct115,Components,fail:alldatasheet_no_download_link,https://www.alldatasheet.com/,sn74ahct115.pdf,sn74ahct115.png
sn74ahct117,Components,fail:alldatasheet_no_download_link,https://www.alldatasheet.com/,sn74ahct117.pdf,sn74ahct117.png
sn74ahct118,Components,fail:alldatasheet_no_download_link,https://www.alldatasheet.com/,sn74ahct118.pdf,sn74ahct118.png
sn74ahct121,Components,fail:alldatasheet_no_download_link,https://www.alldatasheet.com/,sn74ahct121.pdf,sn74ahct121.png
sn74ahct122,Components,fail:alldatasheet_no_download_link,https://www.alldatasheet.com/,sn74ahct122.pdf,sn74ahct122.png
sn74ahct123,Components,fail:alldatasheet_no_download_link,https://www.alldatasheet.com/,sn74ahct123.pdf,sn74ahct123.png
sn74ahct124,Components,fail:alldatasheet_no_download_link,https://www.alldatasheet.com/,sn74ahct124.pdf,sn74ahct124.png
sn74ahct125,Components,ok_no_thumb:thumb_missing,https://www.ti.com/lit/ds/symlink/sn74ahct125.pdf,sn74ahct125.pdf,
sn74ahct126,Components,ok_no_thumb:thumb_missing,https://www.ti.com/lit/ds/symlink/sn74ahct126.pdf,sn74ahct126.pdf,
sn74ahct128,Components,fail:alldatasheet_no_download_link,https://www.alldatasheet.com/,sn74ahct128.pdf,sn74ahct128.png
sn74ahct130,Components,fail:alldatasheet_no_download_link,https://www.alldatasheet.com/,sn74ahct130.pdf,sn74ahct130.png
sn74ahct132,Components,ok_no_thumb:thumb_missing,https://www.ti.com/lit/ds/symlink/sn74ahct132.pdf,sn74ahct132.pdf,
